temperature,sample_id,generated_token_ids,generated_selfies,terminated_with_eos,generated_length
0.8,0,"[1, 31, 37, 31, 31, 31, 16, 26, 41, 42, 18, 31, 14, 31, 19, 37, 31, 16, 31, 16, 31, 16, 31, 16, 41, 14, 31, 16, 42, 41, 14, 31, 19, 37, 31, 31, 31, 31, 25, 31, 31, 31, 31, 16, 42, 41, 16, 42, 41, 5, 2]",[C][N][C][C][C][=C][Branch2][Ring1][Ring2][=N][C][=Branch1][C][=O][N][C][=C][C][=C][C][=C][C][=C][Ring1][=Branch1][C][=C][Ring2][Ring1][=Branch1][C][=O][N][C][C][C][C][Branch1][C][C][C][C][=C][Ring2][Ring1][=C][Ring2][Ring1][#Branch2],True,49
0.8,1,"[1, 37, 31, 16, 31, 16, 31, 16, 41, 4, 39, 31, 14, 31, 19, 37, 31, 16, 41, 37, 31, 16, 31, 16, 31, 31, 16, 31, 16, 41, 4, 2]",[N][C][=C][C][=C][C][=C][Ring1][#Branch1][O][C][=Branch1][C][=O][N][C][=C][Ring1][N][C][=C][C][=C][C][C][=C][C][=C][Ring1][#Branch1],True,30
0.8,2,"[1, 31, 31, 25, 31, 31, 31, 37, 31, 16, 31, 25, 31, 32, 16, 41, 40, 31, 31, 31, 31, 41, 4, 2]",[C][C][Branch1][C][C][C][N][C][=C][C][Branch1][C][Cl][=C][Ring1][P][C][C][C][C][Ring1][#Branch1],True,22
0.8,3,"[1, 39, 16, 25, 44, 31, 16, 31, 16, 41, 14, 31, 31, 16, 31, 16, 41, 4, 31, 25, 31, 32, 37, 31, 31, 31, 25, 44, 31, 39, 31, 31, 37, 31, 16, 25, 5, 31, 31, 31, 39, 41, 14, 31, 19, 2]",[O][=C][Branch1][S][C][=C][C][=C][Ring1][=Branch1][C][C][=C][C][=C][Ring1][#Branch1][C][Branch1][C][Cl][N][C][C][C][Branch1][S][C][O][C][C][N][C][=C][Branch1][#Branch2][C][C][C][O][Ring1][=Branch1][C][=O],True,44
0.8,4,"[1, 31, 31, 16, 31, 16, 41, 25, 31, 31, 31, 31, 37, 31, 41, 31, 16, 31, 14, 31, 19, 16, 31, 16, 41, 14, 31, 16, 41, 14, 2]",[C][C][=C][C][=C][Ring1][Branch1][C][C][C][C][N][C][Ring1][C][=C][C][=Branch1][C][=O][=C][C][=C][Ring1][=Branch1][C][=C][Ring1][=Branch1],True,29
0.8,5,"[1, 37, 31, 14, 31, 19, 31, 16, 31, 16, 31, 16, 41, 4, 31, 16, 25, 31, 33, 18, 41, 44, 2]",[N][C][=Branch1][C][=O][C][=C][C][=C][C][=C][Ring1][#Branch1][C][=C][Branch1][C][F][=N][Ring1][S],True,21
0.8,6,"[1, 37, 14, 31, 19, 31, 16, 31, 16, 41, 15, 31, 16, 31, 16, 37, 16, 31, 16, 41, 14, 31, 16, 41, 5, 2]",[N][=Branch1][C][=O][C][=C][C][=C][Ring1][=Branch2][C][=C][C][=C][N][=C][C][=C][Ring1][=Branch1][C][=C][Ring1][#Branch2],True,24
0.8,7,"[1, 39, 16, 31, 16, 31, 16, 41, 14, 31, 16, 37, 31, 16, 31, 16, 41, 6, 31, 16, 31, 16, 31, 16, 31, 16, 41, 4, 2]",[O][=C][C][=C][C][=C][Ring1][=Branch1][C][=C][N][C][=C][C][=C][Ring1][#C][C][=C][C][=C][C][=C][C][=C][Ring1][#Branch1],True,27
0.8,8,"[1, 31, 31, 25, 31, 37, 31, 31, 31, 31, 31, 16, 26, 41, 15, 31, 16, 31, 16, 31, 16, 31, 16, 41, 5, 41, 15, 2]",[C][C][Branch1][C][N][C][C][C][C][C][=C][Branch2][Ring1][=Branch2][C][=C][C][=C][C][=C][C][=C][Ring1][#Branch2][Ring1][=Branch2],True,26
0.8,9,"[1, 31, 31, 16, 31, 14, 31, 19, 37, 31, 16, 31, 16, 31, 16, 41, 14, 31, 18, 31, 26, 41, 39, 31, 31, 31, 31, 41, 37, 31, 16, 31, 16, 31, 25, 31, 16, 31, 16, 41, 4, 37, 41, 4, 2]",[C][C][=C][C][=Branch1][C][=O][N][C][=C][C][=C][C][=C][Ring1][=Branch1][C][=N][C][Branch2][Ring1][O][C][C][C][C][Ring1][N][C][=C][C][=C][C][Branch1][C][=C][C][=C][Ring1][#Branch1][N][Ring1][#Branch1],True,43
0.8,10,"[1, 37, 31, 16, 31, 16, 25, 31, 32, 31, 16, 31, 16, 41, 14, 37, 31, 19, 39, 31, 16, 41, 40, 39, 31, 31, 31, 31, 31, 31, 31, 41, 4, 2]",[N][C][=C][C][=C][Branch1][C][Cl][C][=C][C][=C][Ring1][=Branch1][N][C][=O][O][C][=C][Ring1][P][O][C][C][C][C][C][C][C][Ring1][#Branch1],True,32
0.8,11,"[1, 31, 31, 39, 31, 31, 16, 31, 25, 31, 31, 16, 31, 16, 31, 16, 41, 14, 31, 19, 37, 26, 41, 15, 37, 31, 16, 41, 4, 31, 31, 31, 31, 31, 31, 31, 41, 4, 31, 37, 16, 31, 25, 31, 31, 16, 42, 41, 14, 41, 14, 31, 19, 31, 31, 16, 31, 41, 6, 2]",[C][C][O][C][C][=C][C][Branch1][C][C][=C][C][=C][C][=C][Ring1][=Branch1][C][=O][N][Branch2][Ring1][=Branch2][N][C][=C][Ring1][#Branch1][C][C][C][C][C][C][C][Ring1][#Branch1][C][N][=C][C][Branch1][C][C][=C][Ring2][Ring1][=Branch1][Ring1][=Branch1][C][=O][C][C][=C][C][Ring1][#C],True,58
0.8,12,"[1, 31, 31, 16, 31, 18, 31, 16, 31, 16, 25, 31, 37, 31, 31, 16, 31, 16, 41, 14, 37, 31, 31, 16, 31, 16, 41, 4, 31, 41, 14, 2]",[C][C][=C][C][=N][C][=C][C][=C][Branch1][C][N][C][C][=C][C][=C][Ring1][=Branch1][N][C][C][=C][C][=C][Ring1][#Branch1][C][Ring1][=Branch1],True,30
0.8,13,"[1, 31, 31, 31, 16, 31, 26, 41, 14, 37, 31, 19, 37, 31, 31, 14, 31, 19, 31, 16, 31, 16, 31, 16, 31, 16, 41, 6, 31, 16, 31, 16, 41, 14, 37, 26, 41, 18, 31, 18, 31, 16, 42, 41, 44, 41, 14, 2]",[C][C][C][=C][C][Branch2][Ring1][=Branch1][N][C][=O][N][C][C][=Branch1][C][=O][C][=C][C][=C][C][=C][C][=C][Ring1][#C][C][=C][C][=C][Ring1][=Branch1][N][Branch2][Ring1][=N][C][=N][C][=C][Ring2][Ring1][S][Ring1][=Branch1],True,46
0.8,14,"[1, 31, 31, 16, 31, 14, 31, 19, 31, 16, 31, 14, 31, 16, 31, 16, 31, 16, 41, 14, 31, 16, 41, 4, 41, 41, 14, 37, 31, 39, 42, 41, 2]",[C][C][=C][C][=Branch1][C][=O][C][=C][C][=Branch1][C][=C][C][=C][C][=C][Ring1][=Branch1][C][=C][Ring1][#Branch1][Ring1][Ring1][=Branch1][N][C][O][Ring2][Ring1],True,31
0.8,15,"[1, 39, 16, 26, 41, 4, 39, 37, 31, 31, 16, 31, 16, 31, 16, 31, 16, 31, 16, 41, 14, 31, 41, 14, 31, 19, 39, 31, 16, 31, 16, 31, 14, 31, 19, 37, 31, 31, 16, 31, 16, 25, 31, 32, 31, 25, 31, 32, 31, 16, 41, 4, 39, 41, 4, 31, 42, 41, 44, 2]",[O][=C][Branch2][Ring1][#Branch1][O][N][C][C][=C][C][=C][C][=C][C][=C][C][=C][Ring1][=Branch1][C][Ring1][=Branch1][C][=O][O][C][=C][C][=C][C][=Branch1][C][=O][N][C][C][=C][C][=C][Branch1][C][Cl][C][Branch1][C][Cl][C][=C][Ring1][#Branch1][O][Ring1][#Branch1][C][Ring2][Ring1][S],True,58
0.8,16,"[1, 31, 31, 16, 31, 16, 31, 18, 37, 16, 25, 31, 31, 16, 31, 16, 41, 14, 37, 31, 14, 31, 19, 37, 31, 31, 31, 16, 31, 16, 41, 26, 31, 25, 31, 37, 16, 31, 31, 41, 14, 42, 41, 41, 25, 31, 31, 41, 2]",[C][C][=C][C][=C][C][=N][N][=C][Branch1][C][C][=C][C][=C][Ring1][=Branch1][N][C][=Branch1][C][=O][N][C][C][C][=C][C][=C][Ring1][Branch2][C][Branch1][C][N][=C][C][C][Ring1][=Branch1][Ring2][Ring1][Ring1][Branch1][C][C][Ring1],True,47
0.8,17,"[1, 31, 31, 16, 31, 16, 31, 16, 41, 14, 31, 19, 37, 31, 16, 31, 16, 25, 31, 33, 31, 32, 16, 41, 4, 31, 18, 31, 25, 31, 33, 16, 41, 15, 41, 39, 31, 41, 31, 31, 19, 2]",[C][C][=C][C][=C][C][=C][Ring1][=Branch1][C][=O][N][C][=C][C][=C][Branch1][C][F][C][Cl][=C][Ring1][#Branch1][C][=N][C][Branch1][C][F][=C][Ring1][=Branch2][Ring1][O][C][Ring1][C][C][=O],True,40
0.8,18,"[1, 31, 31, 31, 37, 31, 14, 31, 19, 31, 18, 31, 16, 31, 16, 26, 41, 14, 31, 19, 37, 31, 16, 25, 14, 31, 31, 31, 16, 25, 31, 33, 16, 41, 6, 37, 16, 31, 16, 42, 41, 14, 31, 16, 42, 41, 5, 2]",[C][C][C][N][C][=Branch1][C][=O][C][=N][C][=C][C][=C][Branch2][Ring1][=Branch1][C][=O][N][C][=C][Branch1][=Branch1][C][C][C][=C][Branch1][C][F][=C][Ring1][#C][N][=C][C][=C][Ring2][Ring1][=Branch1][C][=C][Ring2][Ring1][#Branch2],True,46
0.8,19,"[1, 31, 31, 16, 31, 16, 26, 41, 15, 31, 16, 31, 14, 31, 19, 31, 25, 5, 39, 31, 31, 16, 31, 16, 31, 16, 41, 14, 31, 16, 31, 16, 42, 41, 39, 31, 16, 31, 14, 2]",[C][C][=C][C][=C][Branch2][Ring1][=Branch2][C][=C][C][=Branch1][C][=O][C][Branch1][#Branch2][O][C][C][=C][C][=C][C][=C][Ring1][=Branch1][C][=C][C][=C][Ring2][Ring1][O][C][=C][C][=Branch1],True,38
0.8,20,"[1, 31, 31, 31, 37, 31, 18, 31, 16, 31, 16, 26, 41, 14, 39, 31, 18, 31, 25, 31, 31, 16, 25, 31, 16, 31, 33, 16, 31, 16, 41, 40, 41, 14, 31, 14, 31, 19, 31, 37, 41, 4, 2]",[C][C][C][N][C][=N][C][=C][C][=C][Branch2][Ring1][=Branch1][O][C][=N][C][Branch1][C][C][=C][Branch1][C][=C][C][F][=C][C][=C][Ring1][P][Ring1][=Branch1][C][=Branch1][C][=O][C][N][Ring1][#Branch1],True,41
0.8,21,"[1, 39, 16, 25, 31, 31, 31, 16, 31, 16, 41, 14, 31, 31, 16, 31, 16, 41, 25, 16, 31, 16, 31, 16, 31, 31, 26, 41, 14, 2]",[O][=C][Branch1][C][C][C][=C][C][=C][Ring1][=Branch1][C][C][=C][C][=C][Ring1][Branch1][=C][C][=C][C][=C][C][C][Branch2][Ring1][=Branch1],True,28
0.8,22,"[1, 39, 16, 26, 41, 31, 37, 31, 16, 31, 16, 25, 31, 18, 31, 16, 31, 16, 41, 26, 41, 4, 31, 37, 31, 31, 31, 31, 31, 31, 16, 41, 14, 31, 25, 42, 41, 26, 2]",[O][=C][Branch2][Ring1][C][N][C][=C][C][=C][Branch1][C][=N][C][=C][C][=C][Ring1][Branch2][Ring1][#Branch1][C][N][C][C][C][C][C][C][=C][Ring1][=Branch1][C][Branch1][Ring2][Ring1][Branch2],True,37
0.8,23,"[1, 31, 37, 31, 31, 37, 26, 42, 15, 31, 16, 31, 16, 31, 16, 31, 16, 25, 16, 31, 16, 41, 14, 31, 31, 16, 31, 31, 16, 31, 16, 41, 14, 16, 41, 14, 31, 19, 2]",[C][N][C][C][N][Branch2][Ring2][=Branch2][C][=C][C][=C][C][=C][C][=C][Branch1][=C][C][=C][Ring1][=Branch1][C][C][=C][C][C][=C][C][=C][Ring1][=Branch1][=C][Ring1][=Branch1][C][=O],True,37
0.8,24,"[1, 31, 37, 31, 16, 31, 25, 15, 37, 31, 16, 31, 16, 31, 16, 41, 14, 31, 16, 41, 14, 41, 15, 37, 31, 31, 16, 31, 37, 16, 31, 41, 14, 2]",[C][N][C][=C][C][Branch1][=Branch2][N][C][=C][C][=C][C][=C][Ring1][=Branch1][C][=C][Ring1][=Branch1][Ring1][=Branch2][N][C][C][=C][C][N][=C][C][Ring1][=Branch1],True,32
0.8,25,"[1, 31, 31, 31, 14, 31, 19, 31, 16, 31, 16, 31, 16, 26, 41, 4, 31, 31, 31, 31, 41, 41, 14, 37, 31, 37, 31, 31, 14, 31, 19, 37, 26, 41, 42, 31, 31, 31, 16, 31, 16, 31, 16, 31, 25, 31, 16, 31, 16, 31, 32, 31, 16, 41, 15, 37, 31, 16, 41, 4, 31, 41, 4, 2]",[C][C][C][=Branch1][C][=O][C][=C][C][=C][C][=C][Branch2][Ring1][#Branch1][C][C][C][C][Ring1][Ring1][=Branch1][N][C][N][C][C][=Branch1][C][=O][N][Branch2][Ring1][Ring2][C][C][C][=C][C][=C][C][=C][C][Branch1][C][=C][C][=C][C][Cl][C][=C][Ring1][=Branch2][N][C][=C][Ring1][#Branch1][C][Ring1][#Branch1],True,62
0.8,26,"[1, 31, 31, 16, 31, 16, 26, 41, 4, 31, 31, 37, 25, 31, 37, 31, 31, 25, 31, 31, 31, 31, 31, 41, 25, 31, 31, 31, 41, 26, 31, 18, 31, 25, 31, 16, 41, 6, 31, 16, 31, 16, 25, 31, 16, 41, 14, 42, 41, 14, 31, 19, 2]",[C][C][=C][C][=C][Branch2][Ring1][#Branch1][C][C][N][Branch1][C][N][C][C][Branch1][C][C][C][C][C][Ring1][Branch1][C][C][C][Ring1][Branch2][C][=N][C][Branch1][C][=C][Ring1][#C][C][=C][C][=C][Branch1][C][=C][Ring1][=Branch1][Ring2][Ring1][=Branch1][C][=O],True,51
0.8,27,"[1, 31, 31, 25, 31, 31, 31, 25, 31, 31, 25, 31, 31, 31, 37, 31, 31, 14, 31, 19, 31, 16, 25, 31, 33, 25, 31, 31, 31, 16, 41, 14, 37, 31, 25, 31, 31, 31, 31, 31, 31, 31, 31, 31, 16, 31, 41, 14, 31, 41, 16, 31, 37, 16, 42, 41, 5, 2]",[C][C][Branch1][C][C][C][Branch1][C][C][Branch1][C][C][C][N][C][C][=Branch1][C][=O][C][=C][Branch1][C][F][Branch1][C][C][C][=C][Ring1][=Branch1][N][C][Branch1][C][C][C][C][C][C][C][C][C][=C][C][Ring1][=Branch1][C][Ring1][=C][C][N][=C][Ring2][Ring1][#Branch2],True,56
0.8,28,"[1, 39, 25, 16, 31, 16, 31, 16, 37, 16, 26, 41, 14, 31, 19, 39, 31, 16, 31, 16, 25, 31, 32, 31, 16, 31, 16, 41, 5, 31, 16, 31, 25, 31, 16, 31, 16, 31, 16, 41, 40, 39, 37, 31, 31, 16, 42, 41, 4, 31, 41, 14, 2]",[O][Branch1][=C][C][=C][C][=C][N][=C][Branch2][Ring1][=Branch1][C][=O][O][C][=C][C][=C][Branch1][C][Cl][C][=C][C][=C][Ring1][#Branch2][C][=C][C][Branch1][C][=C][C][=C][C][=C][Ring1][P][O][N][C][C][=C][Ring2][Ring1][#Branch1][C][Ring1][=Branch1],True,51
0.8,29,"[1, 31, 31, 31, 31, 39, 25, 31, 31, 31, 16, 31, 16, 25, 15, 31, 31, 37, 18, 31, 25, 5, 31, 16, 41, 14, 37, 31, 14, 31, 19, 31, 31, 14, 31, 19, 31, 16, 31, 16, 41, 14, 31, 16, 42, 41, 39, 31, 31, 31, 42, 41, 18, 2]",[C][C][C][C][O][Branch1][C][C][C][=C][C][=C][Branch1][=Branch2][C][C][N][=N][C][Branch1][#Branch2][C][=C][Ring1][=Branch1][N][C][=Branch1][C][=O][C][C][=Branch1][C][=O][C][=C][C][=C][Ring1][=Branch1][C][=C][Ring2][Ring1][O][C][C][C][Ring2][Ring1][=N],True,52
0.8,30,"[1, 39, 16, 25, 31, 31, 31, 16, 37, 16, 31, 25, 5, 37, 31, 16, 25, 31, 32, 16, 31, 16, 31, 16, 41, 4, 2]",[O][=C][Branch1][C][C][C][=C][N][=C][C][Branch1][#Branch2][N][C][=C][Branch1][C][Cl][=C][C][=C][C][=C][Ring1][#Branch1],True,25
0.8,31,"[1, 31, 31, 16, 31, 16, 31, 16, 31, 16, 41, 14, 31, 16, 26, 42, 41, 18, 37, 31, 31, 14, 37, 31, 25, 41, 15, 2]",[C][C][=C][C][=C][C][=C][C][=C][Ring1][=Branch1][C][=C][Branch2][Ring2][Ring1][=N][N][C][C][=Branch1][N][C][Branch1][Ring1][=Branch2],True,26
0.8,32,"[1, 31, 31, 31, 37, 26, 41, 31, 31, 37, 31, 14, 31, 19, 31, 16, 25, 15, 37, 31, 16, 31, 16, 31, 16, 31, 25, 31, 33, 25, 31, 16, 41, 4, 31, 31, 31, 14, 16, 31, 16, 41, 14, 18, 41, 26, 2]",[C][C][C][N][Branch2][Ring1][C][C][N][C][=Branch1][C][=O][C][=C][Branch1][=Branch2][N][C][=C][C][=C][C][=C][C][Branch1][C][F][Branch1][C][=C][Ring1][#Branch1][C][C][C][=Branch1][=C][C][=C][Ring1][=Branch1][=N][Ring1][Branch2],True,45
0.8,33,"[1, 31, 31, 25, 31, 31, 31, 31, 37, 25, 15, 31, 16, 31, 16, 31, 16, 31, 16, 41, 14, 16, 41, 14, 37, 31, 31, 31, 31, 14, 16, 41, 37, 41, 14, 2]",[C][C][Branch1][C][C][C][C][N][Branch1][=Branch2][C][=C][C][=C][C][=C][C][=C][Ring1][=Branch1][=C][Ring1][=Branch1][N][C][C][C][C][=Branch1][=C][Ring1][N][Ring1][=Branch1],True,34
0.8,34,"[1, 31, 31, 26, 41, 41, 15, 31, 31, 14, 31, 19, 31, 31, 25, 31, 25, 31, 14, 31, 19, 37, 31, 41, 41, 14, 37, 31, 25, 31, 14, 31, 19, 31, 31, 31, 16, 25, 31, 16, 31, 16, 31, 16, 25, 31, 16, 41, 14, 31, 31, 16, 42, 41, 15, 2]",[C][C][Branch2][Ring1][Ring1][=Branch2][C][C][=Branch1][C][=O][C][C][Branch1][C][Branch1][C][=Branch1][C][=O][N][C][Ring1][Ring1][=Branch1][N][C][Branch1][C][=Branch1][C][=O][C][C][C][=C][Branch1][C][=C][C][=C][C][=C][Branch1][C][=C][Ring1][=Branch1][C][C][=C][Ring2][Ring1][=Branch2],True,54
0.8,35,"[1, 31, 39, 31, 16, 31, 16, 25, 18, 31, 16, 31, 16, 31, 25, 31, 39, 31, 37, 31, 39, 31, 31, 31, 31, 41, 14, 19, 37, 31, 41, 14, 31, 19, 2]",[C][O][C][=C][C][=C][Branch1][=N][C][=C][C][=C][C][Branch1][C][O][C][N][C][O][C][C][C][C][Ring1][=Branch1][=O][N][C][Ring1][=Branch1][C][=O],True,33
0.8,36,"[1, 37, 31, 16, 31, 16, 26, 41, 42, 31, 18, 31, 16, 31, 16, 31, 16, 25, 39, 37, 16, 31, 16, 31, 16, 41, 14, 31, 18, 41, 14, 2]",[N][C][=C][C][=C][Branch2][Ring1][Ring2][C][=N][C][=C][C][=C][C][=C][Branch1][O][N][=C][C][=C][C][=C][Ring1][=Branch1][C][=N][Ring1][=Branch1],True,30
0.8,37,"[1, 37, 15, 31, 16, 31, 18, 31, 25, 42, 31, 14, 31, 16, 31, 16, 31, 16, 41, 14, 31, 16, 31, 16, 25, 31, 33, 16, 41, 40, 31, 31, 16, 25, 31, 14, 31, 19, 31, 14, 16, 41, 40, 2]",[N][=Branch2][C][=C][C][=N][C][Branch1][Ring2][C][=Branch1][C][=C][C][=C][C][=C][Ring1][=Branch1][C][=C][C][=C][Branch1][C][F][=C][Ring1][P][C][C][=C][Branch1][C][=Branch1][C][=O][C][=Branch1][=C][Ring1][P],True,42
0.8,38,"[1, 31, 31, 16, 31, 16, 31, 14, 31, 19, 37, 31, 16, 31, 16, 31, 25, 44, 31, 39, 31, 16, 31, 16, 41, 14, 31, 19, 31, 16, 31, 25, 37, 16, 41, 4, 2]",[C][C][=C][C][=C][C][=Branch1][C][=O][N][C][=C][C][=C][C][Branch1][S][C][O][C][=C][C][=C][Ring1][=Branch1][C][=O][C][=C][C][Branch1][N][=C][Ring1][#Branch1],True,35
0.8,39,"[1, 37, 31, 16, 31, 16, 31, 16, 25, 31, 32, 16, 41, 6, 37, 16, 31, 31, 16, 31, 16, 41, 4, 37, 31, 31, 31, 31, 31, 16, 41, 15, 2]",[N][C][=C][C][=C][C][=C][Branch1][C][Cl][=C][Ring1][#C][N][=C][C][C][=C][C][=C][Ring1][#Branch1][N][C][C][C][C][C][=C][Ring1][=Branch2],True,31
0.8,40,"[1, 31, 31, 16, 31, 16, 41, 14, 31, 19, 2]",[C][C][=C][C][=C][Ring1][=Branch1][C][=O],True,9
0.8,41,"[1, 31, 31, 16, 31, 18, 31, 25, 15, 37, 31, 31, 16, 31, 16, 41, 14, 31, 16, 31, 16, 41, 26, 41, 26, 31, 25, 2]",[C][C][=C][C][=N][C][Branch1][=Branch2][N][C][C][=C][C][=C][Ring1][=Branch1][C][=C][C][=C][Ring1][Branch2][Ring1][Branch2][C][Branch1],True,26
0.8,42,"[1, 39, 16, 25, 37, 31, 31, 16, 31, 16, 31, 16, 41, 14, 39, 37, 31, 16, 31, 16, 31, 16, 31, 16, 41, 14, 31, 16, 41, 4, 31, 16, 42, 41, 41, 37, 31, 31, 31, 14, 2]",[O][=C][Branch1][N][C][C][=C][C][=C][C][=C][Ring1][=Branch1][O][N][C][=C][C][=C][C][=C][C][=C][Ring1][=Branch1][C][=C][Ring1][#Branch1][C][=C][Ring2][Ring1][Ring1][N][C][C][C][=Branch1],True,39
0.8,43,"[1, 31, 31, 16, 31, 16, 31, 16, 31, 16, 41, 14, 37, 31, 19, 37, 31, 16, 41, 4, 2]",[C][C][=C][C][=C][C][=C][C][=C][Ring1][=Branch1][N][C][=O][N][C][=C][Ring1][#Branch1],True,19
0.8,44,"[1, 31, 31, 26, 41, 18, 31, 16, 31, 25, 5, 37, 31, 16, 31, 25, 31, 33, 16, 31, 14, 31, 19, 37, 41, 26, 18, 31, 31, 31, 16, 25, 15, 31, 31, 31, 31, 16, 41, 15, 31, 16, 31, 16, 31, 25, 31, 32, 31, 16, 41, 4, 16, 42, 41, 39, 2]",[C][C][Branch2][Ring1][=N][C][=C][C][Branch1][#Branch2][N][C][=C][C][Branch1][C][F][=C][C][=Branch1][C][=O][N][Ring1][Branch2][=N][C][C][C][=C][Branch1][=Branch2][C][C][C][C][=C][Ring1][=Branch2][C][=C][C][=C][C][Branch1][C][Cl][C][=C][Ring1][#Branch1][=C][Ring2][Ring1][O],True,55
0.8,45,"[1, 31, 31, 16, 31, 16, 26, 41, 4, 31, 14, 31, 19, 37, 31, 14, 31, 19, 39, 31, 31, 16, 31, 25, 15, 39, 31, 31, 16, 41, 4, 2]",[C][C][=C][C][=C][Branch2][Ring1][#Branch1][C][=Branch1][C][=O][N][C][=Branch1][C][=O][O][C][C][=C][C][Branch1][=Branch2][O][C][C][=C][Ring1][#Branch1],True,30
0.8,46,"[1, 31, 31, 16, 31, 16, 31, 16, 25, 41, 4, 31, 31, 14, 31, 19, 37, 25, 31, 31, 16, 31, 18, 31, 16, 41, 25, 31, 32, 33, 16, 41, 4, 31, 31, 14, 31, 19, 37, 41, 14, 37, 31, 42, 41, 31, 2]",[C][C][=C][C][=C][C][=C][Branch1][Ring1][#Branch1][C][C][=Branch1][C][=O][N][Branch1][C][C][=C][C][=N][C][=C][Ring1][Branch1][C][Cl][F][=C][Ring1][#Branch1][C][C][=Branch1][C][=O][N][Ring1][=Branch1][N][C][Ring2][Ring1][C],True,45
0.8,47,"[1, 31, 31, 37, 26, 41, 41, 31, 31, 31, 37, 25, 6, 31, 14, 31, 19, 31, 14, 31, 19, 37, 31, 31, 16, 31, 16, 41, 14, 31, 16, 31, 16, 41, 4, 2]",[C][C][N][Branch2][Ring1][Ring1][C][C][C][N][Branch1][#C][C][=Branch1][C][=O][C][=Branch1][C][=O][N][C][C][=C][C][=C][Ring1][=Branch1][C][=C][C][=C][Ring1][#Branch1],True,34
0.8,48,"[1, 31, 37, 31, 16, 31, 16, 31, 16, 26, 41, 31, 16, 31, 25, 31, 32, 31, 16, 31, 18, 41, 4, 37, 16, 31, 25, 31, 31, 14, 31, 19, 2]",[C][N][C][=C][C][=C][C][=C][Branch2][Ring1][C][=C][C][Branch1][C][Cl][C][=C][C][=N][Ring1][#Branch1][N][=C][C][Branch1][C][C][=Branch1][C][=O],True,31
0.8,49,"[1, 31, 37, 31, 16, 26, 41, 41, 41, 37, 31, 18, 31, 16, 31, 16, 26, 41, 14, 18, 25, 31, 31, 14, 31, 19, 31, 16, 31, 16, 41, 41, 41, 37, 25, 18, 41, 37, 31, 31, 16, 31, 16, 25, 31, 16, 41, 14, 31, 16, 25, 31, 31, 41, 14, 31, 19, 31, 42, 41, 16, 42, 41, 37, 2]",[C][N][C][=C][Branch2][Ring1][Ring1][Ring1][N][C][=N][C][=C][C][=C][Branch2][Ring1][=Branch1][=N][Branch1][C][C][=Branch1][C][=O][C][=C][C][=C][Ring1][Ring1][Ring1][N][Branch1][=N][Ring1][N][C][C][=C][C][=C][Branch1][C][=C][Ring1][=Branch1][C][=C][Branch1][C][C][Ring1][=Branch1][C][=O][C][Ring2][Ring1][=C][Ring2][Ring1][N],True,63
0.8,50,"[1, 31, 31, 14, 31, 19, 37, 31, 16, 31, 16, 31, 16, 41, 14, 37, 16, 31, 16, 25, 31, 32, 16, 31, 16, 41, 14, 31, 19, 42, 41, 44, 31, 16, 37, 41, 15, 37, 31, 31, 37, 31, 16, 42, 41, 4, 2]",[C][C][=Branch1][C][=O][N][C][=C][C][=C][C][=C][Ring1][=Branch1][N][=C][C][=C][Branch1][C][Cl][=C][C][=C][Ring1][=Branch1][C][=O][Ring2][Ring1][S][C][=C][N][Ring1][=Branch2][N][C][C][N][C][=C][Ring2][Ring1][#Branch1],True,45
0.8,51,"[1, 31, 31, 16, 31, 16, 26, 42, 18, 31, 25, 31, 37, 31, 14, 31, 19, 37, 31, 16, 31, 18, 31, 16, 31, 16, 41, 26, 41, 4, 31, 16, 42, 41, 40, 37, 31, 31, 31, 16, 42, 41, 6, 2]",[C][C][=C][C][=C][Branch2][Ring2][=N][C][Branch1][C][N][C][=Branch1][C][=O][N][C][=C][C][=N][C][=C][C][=C][Ring1][Branch2][Ring1][#Branch1][C][=C][Ring2][Ring1][P][N][C][C][C][=C][Ring2][Ring1][#C],True,42
0.8,52,"[1, 39, 16, 25, 31, 31, 31, 16, 31, 16, 31, 16, 41, 14, 31, 16, 41, 14, 31, 19, 31, 16, 31, 16, 31, 16, 31, 26, 41, 5, 31, 16, 41, 16, 31, 39, 31, 16, 37, 31, 31, 41, 14, 31, 31, 41, 14, 2]",[O][=C][Branch1][C][C][C][=C][C][=C][C][=C][Ring1][=Branch1][C][=C][Ring1][=Branch1][C][=O][C][=C][C][=C][C][=C][C][Branch2][Ring1][#Branch2][C][=C][Ring1][=C][C][O][C][=C][N][C][C][Ring1][=Branch1][C][C][Ring1][=Branch1],True,46
0.8,53,"[1, 39, 16, 26, 41, 26, 37, 31, 31, 31, 25, 14, 31, 19, 31, 31, 16, 31, 16, 31, 16, 41, 14, 31, 16, 31, 16, 31, 16, 31, 16, 41, 14, 39, 31, 31, 37, 25, 31, 31, 41, 14, 31, 19, 31, 41, 4, 16, 31, 25, 41, 16, 41, 41, 37, 2]",[O][=C][Branch2][Ring1][Branch2][N][C][C][C][Branch1][=Branch1][C][=O][C][C][=C][C][=C][C][=C][Ring1][=Branch1][C][=C][C][=C][C][=C][C][=C][Ring1][=Branch1][O][C][C][N][Branch1][C][C][Ring1][=Branch1][C][=O][C][Ring1][#Branch1][=C][C][Branch1][Ring1][=C][Ring1][Ring1][N],True,54
0.8,54,"[1, 31, 31, 16, 31, 25, 15, 31, 16, 31, 16, 31, 16, 41, 14, 2]",[C][C][=C][C][Branch1][=Branch2][C][=C][C][=C][C][=C][Ring1][=Branch1],True,14
0.8,55,"[1, 31, 31, 16, 31, 16, 41, 4, 31, 16, 31, 16, 41, 14, 31, 16, 31, 16, 41, 14, 39, 31, 37, 31, 37, 37, 31, 31, 41, 14, 31, 25, 31, 31, 31, 31, 41, 25, 31, 16, 42, 41, 16, 42, 41, 5, 2]",[C][C][=C][C][=C][Ring1][#Branch1][C][=C][C][=C][Ring1][=Branch1][C][=C][C][=C][Ring1][=Branch1][O][C][N][C][N][N][C][C][Ring1][=Branch1][C][Branch1][C][C][C][C][Ring1][Branch1][C][=C][Ring2][Ring1][=C][Ring2][Ring1][#Branch2],True,45
0.8,56,"[1, 39, 16, 31, 16, 31, 25, 15, 37, 31, 31, 16, 25, 31, 32, 16, 41, 14, 31, 19, 37, 31, 31, 31, 37, 31, 31, 41, 25, 5, 2]",[O][=C][C][=C][C][Branch1][=Branch2][N][C][C][=C][Branch1][C][Cl][=C][Ring1][=Branch1][C][=O][N][C][C][C][N][C][C][Ring1][Branch1][#Branch2],True,29
0.8,57,"[1, 31, 31, 25, 31, 37, 31, 31, 31, 16, 26, 41, 4, 31, 25, 31, 31, 16, 31, 31, 14, 31, 19, 31, 16, 41, 14, 31, 19, 37, 31, 16, 42, 41, 31, 16, 31, 16, 31, 16, 42, 41, 31, 31, 16, 25, 31, 31, 16, 31, 16, 42, 41, 25, 31, 16, 31, 16, 41, 16, 42, 41, 14, 31, 33, 31, 31, 16, 41, 14, 31, 2]",[C][C][Branch1][C][N][C][C][C][=C][Branch2][Ring1][#Branch1][C][Branch1][C][C][=C][C][C][=Branch1][C][=O][C][=C][Ring1][=Branch1][C][=O][N][C][=C][Ring2][Ring1][C][=C][C][=C][C][=C][Ring2][Ring1][C][C][=C][Branch1][C][C][=C][C][=C][Ring2][Ring1][Branch1][C][=C][C][=C][Ring1][=C][Ring2][Ring1][=Branch1][C][F][C][C][=C][Ring1][=Branch1][C],True,70
0.8,58,"[1, 39, 16, 25, 31, 31, 31, 31, 37, 31, 31, 31, 16, 31, 16, 41, 14, 31, 16, 37, 16, 31, 16, 41, 14, 2]",[O][=C][Branch1][C][C][C][C][N][C][C][C][=C][C][=C][Ring1][=Branch1][C][=C][N][=C][C][=C][Ring1][=Branch1],True,24
0.8,59,"[1, 31, 39, 31, 16, 31, 16, 25, 39, 31, 16, 31, 16, 31, 16, 31, 16, 31, 16, 41, 25, 15, 31, 31, 16, 41, 6, 2]",[C][O][C][=C][C][=C][Branch1][O][C][=C][C][=C][C][=C][C][=C][C][=C][Ring1][Branch1][=Branch2][C][C][=C][Ring1][#C],True,26
0.8,60,"[1, 31, 31, 31, 31, 14, 31, 19, 31, 16, 25, 31, 16, 31, 16, 41, 14, 31, 14, 31, 19, 37, 31, 31, 14, 31, 19, 31, 16, 31, 16, 41, 6, 37, 31, 31, 16, 41, 4, 31, 25, 31, 31, 16, 31, 16, 42, 41, 40, 31, 16, 31, 16, 42, 41, 4, 2]",[C][C][C][C][=Branch1][C][=O][C][=C][Branch1][C][=C][C][=C][Ring1][=Branch1][C][=Branch1][C][=O][N][C][C][=Branch1][C][=O][C][=C][C][=C][Ring1][#C][N][C][C][=C][Ring1][#Branch1][C][Branch1][C][C][=C][C][=C][Ring2][Ring1][P][C][=C][C][=C][Ring2][Ring1][#Branch1],True,55
0.8,61,"[1, 31, 31, 16, 31, 16, 25, 4, 31, 31, 18, 31, 16, 41, 14, 31, 14, 31, 19, 2]",[C][C][=C][C][=C][Branch1][#Branch1][C][C][=N][C][=C][Ring1][=Branch1][C][=Branch1][C][=O],True,18
0.8,62,"[1, 31, 39, 31, 16, 31, 16, 25, 31, 31, 31, 25, 15, 31, 16, 31, 16, 41, 14, 31, 18, 41, 14, 31, 25, 31, 31, 16, 31, 31, 16, 31, 25, 31, 37, 31, 31, 33, 41, 25, 31, 31, 31, 19, 2]",[C][O][C][=C][C][=C][Branch1][C][C][C][Branch1][=Branch2][C][=C][C][=C][Ring1][=Branch1][C][=N][Ring1][=Branch1][C][Branch1][C][C][=C][C][C][=C][C][Branch1][C][N][C][C][F][Ring1][Branch1][C][C][C][=O],True,43
0.8,63,"[1, 31, 31, 31, 18, 37, 25, 31, 31, 16, 31, 16, 41, 18, 31, 16, 25, 14, 31, 19, 37, 41, 44, 31, 31, 41, 37, 16, 31, 31, 16, 41, 15, 31, 16, 31, 16, 31, 16, 41, 14, 31, 16, 31, 16, 31, 16, 41, 14, 41, 14, 2]",[C][C][C][=N][N][Branch1][C][C][=C][C][=C][Ring1][=N][C][=C][Branch1][=Branch1][C][=O][N][Ring1][S][C][C][Ring1][N][=C][C][C][=C][Ring1][=Branch2][C][=C][C][=C][C][=C][Ring1][=Branch1][C][=C][C][=C][C][=C][Ring1][=Branch1][Ring1][=Branch1],True,50
0.8,64,"[1, 31, 31, 14, 31, 19, 31, 31, 16, 31, 16, 31, 16, 41, 26, 41, 39, 31, 14, 31, 19, 37, 31, 16, 31, 16, 31, 16, 31, 25, 31, 32, 31, 16, 41, 4, 2]",[C][C][=Branch1][C][=O][C][C][=C][C][=C][C][=C][Ring1][Branch2][Ring1][O][C][=Branch1][C][=O][N][C][=C][C][=C][C][=C][C][Branch1][C][Cl][C][=C][Ring1][#Branch1],True,35
0.8,65,"[1, 31, 39, 31, 16, 31, 16, 25, 6, 31, 16, 31, 16, 41, 14, 31, 16, 31, 16, 31, 25, 41, 25, 37, 31, 39, 31, 31, 16, 41, 4, 31, 37, 37, 31, 16, 31, 16, 41, 4, 2]",[C][O][C][=C][C][=C][Branch1][#C][C][=C][C][=C][Ring1][=Branch1][C][=C][C][=C][C][Branch1][Ring1][Branch1][N][C][O][C][C][=C][Ring1][#Branch1][C][N][N][C][=C][C][=C][Ring1][#Branch1],True,39
0.8,66,"[1, 39, 16, 31, 16, 31, 16, 31, 16, 31, 16, 31, 25, 14, 31, 31, 16, 31, 16, 41, 40, 16, 31, 16, 41, 14, 16, 42, 41, 39, 31, 37, 31, 31, 16, 31, 31, 16, 31, 31, 16, 41, 14, 31, 16, 42, 41, 4, 31, 31, 16, 42, 41, 37, 2]",[O][=C][C][=C][C][=C][C][=C][C][=C][C][Branch1][=Branch1][C][C][=C][C][=C][Ring1][P][=C][C][=C][Ring1][=Branch1][=C][Ring2][Ring1][O][C][N][C][C][=C][C][C][=C][C][C][=C][Ring1][=Branch1][C][=C][Ring2][Ring1][#Branch1][C][C][=C][Ring2][Ring1][N],True,53
0.8,67,"[1, 31, 39, 31, 16, 31, 18, 31, 18, 31, 16, 31, 16, 41, 14, 16, 31, 25, 31, 14, 31, 19, 37, 31, 31, 25, 31, 31, 19, 37, 16, 31, 16, 41, 6, 31, 16, 25, 31, 16, 42, 41, 25, 31, 33, 31, 25, 31, 31, 37, 16, 42, 41, 44, 2]",[C][O][C][=C][C][=N][C][=N][C][=C][C][=C][Ring1][=Branch1][=C][C][Branch1][C][=Branch1][C][=O][N][C][C][Branch1][C][C][=O][N][=C][C][=C][Ring1][#C][C][=C][Branch1][C][=C][Ring2][Ring1][Branch1][C][F][C][Branch1][C][C][N][=C][Ring2][Ring1][S],True,53
0.8,68,"[1, 31, 31, 25, 31, 31, 39, 31, 16, 31, 16, 31, 16, 31, 16, 31, 14, 16, 41, 4, 37, 41, 14, 31, 19, 37, 31, 31, 31, 31, 37, 31, 16, 31, 16, 31, 16, 41, 14, 16, 31, 14, 31, 31, 19, 37, 25, 39, 31, 31, 31, 31, 41, 14, 31, 19, 2]",[C][C][Branch1][C][C][O][C][=C][C][=C][C][=C][C][=C][C][=Branch1][=C][Ring1][#Branch1][N][Ring1][=Branch1][C][=O][N][C][C][C][C][N][C][=C][C][=C][C][=C][Ring1][=Branch1][=C][C][=Branch1][C][C][=O][N][Branch1][O][C][C][C][C][Ring1][=Branch1][C][=O],True,55
0.8,69,"[1, 39, 16, 26, 41, 15, 37, 31, 16, 31, 16, 31, 16, 25, 31, 16, 31, 16, 31, 16, 41, 14, 39, 31, 31, 31, 37, 31, 31, 31, 41, 14, 2]",[O][=C][Branch2][Ring1][=Branch2][N][C][=C][C][=C][C][=C][Branch1][C][=C][C][=C][C][=C][Ring1][=Branch1][O][C][C][C][N][C][C][C][Ring1][=Branch1],True,31
0.8,70,"[1, 31, 37, 31, 37, 31, 14, 31, 19, 31, 16, 25, 5, 31, 16, 31, 16, 31, 16, 31, 16, 41, 14, 31, 31, 18, 41, 14, 31, 19, 2]",[C][N][C][N][C][=Branch1][C][=O][C][=C][Branch1][#Branch2][C][=C][C][=C][C][=C][C][=C][Ring1][=Branch1][C][C][=N][Ring1][=Branch1][C][=O],True,29
0.8,71,"[1, 31, 31, 25, 31, 39, 31, 31, 18, 31, 25, 25, 14, 31, 19, 31, 31, 31, 37, 31, 31, 16, 31, 16, 41, 14, 31, 16, 41, 14, 2]",[C][C][Branch1][C][O][C][C][=N][C][Branch1][Branch1][=Branch1][C][=O][C][C][C][N][C][C][=C][C][=C][Ring1][=Branch1][C][=C][Ring1][=Branch1],True,29
0.8,72,"[1, 39, 16, 26, 42, 42, 31, 31, 16, 31, 16, 31, 26, 41, 5, 37, 31, 31, 31, 31, 31, 31, 31, 16, 25, 15, 37, 31, 16, 41, 15, 31, 16, 31, 16, 31, 16, 41, 14, 31, 14, 31, 19, 37, 31, 16, 41, 26, 41, 14, 2]",[O][=C][Branch2][Ring2][Ring2][C][C][=C][C][=C][C][Branch2][Ring1][#Branch2][N][C][C][C][C][C][C][C][=C][Branch1][=Branch2][N][C][=C][Ring1][=Branch2][C][=C][C][=C][C][=C][Ring1][=Branch1][C][=Branch1][C][=O][N][C][=C][Ring1][Branch2][Ring1][=Branch1],True,49
0.8,73,"[1, 37, 31, 26, 42, 16, 31, 16, 25, 40, 31, 16, 31, 16, 41, 14, 31, 19, 37, 31, 16, 31, 16, 41, 14, 2]",[N][C][Branch2][Ring2][=C][C][=C][Branch1][P][C][=C][C][=C][Ring1][=Branch1][C][=O][N][C][=C][C][=C][Ring1][=Branch1],True,24
0.8,74,"[1, 31, 31, 16, 31, 16, 26, 41, 4, 31, 37, 31, 16, 31, 16, 31, 16, 31, 16, 41, 14, 31, 16, 41, 6, 31, 18, 31, 16, 31, 14, 31, 19, 37, 31, 31, 31, 16, 41, 14, 31, 31, 16, 31, 31, 14, 16, 41, 14, 39, 42, 41, 37, 16, 42, 41, 14, 2]",[C][C][=C][C][=C][Branch2][Ring1][#Branch1][C][N][C][=C][C][=C][C][=C][C][=C][Ring1][=Branch1][C][=C][Ring1][#C][C][=N][C][=C][C][=Branch1][C][=O][N][C][C][C][=C][Ring1][=Branch1][C][C][=C][C][C][=Branch1][=C][Ring1][=Branch1][O][Ring2][Ring1][N][=C][Ring2][Ring1][=Branch1],True,56
0.8,75,"[1, 31, 31, 16, 31, 16, 31, 16, 31, 26, 41, 26, 42, 37, 31, 31, 31, 31, 14, 31, 19, 31, 31, 31, 31, 25, 18, 41, 14, 31, 31, 31, 31, 41, 26, 2]",[C][C][=C][C][=C][C][=C][C][Branch2][Ring1][Branch2][Ring2][N][C][C][C][C][=Branch1][C][=O][C][C][C][C][Branch1][=N][Ring1][=Branch1][C][C][C][C][Ring1][Branch2],True,34
0.8,76,"[1, 31, 31, 31, 16, 31, 26, 42, 42, 16, 31, 31, 18, 31, 26, 41, 5, 37, 31, 31, 31, 31, 16, 31, 16, 25, 18, 31, 31, 32, 16, 41, 25, 31, 33, 16, 41, 4, 16, 31, 16, 42, 41, 40, 37, 16, 42, 41, 4, 2]",[C][C][C][=C][C][Branch2][Ring2][Ring2][=C][C][C][=N][C][Branch2][Ring1][#Branch2][N][C][C][C][C][=C][C][=C][Branch1][=N][C][C][Cl][=C][Ring1][Branch1][C][F][=C][Ring1][#Branch1][=C][C][=C][Ring2][Ring1][P][N][=C][Ring2][Ring1][#Branch1],True,48
0.8,77,"[1, 31, 31, 14, 31, 19, 37, 31, 16, 31, 16, 31, 18, 31, 16, 41, 14, 2]",[C][C][=Branch1][C][=O][N][C][=C][C][=C][C][=N][C][=C][Ring1][=Branch1],True,16
0.8,78,"[1, 31, 31, 31, 37, 26, 41, 41, 42, 31, 16, 31, 16, 25, 16, 31, 16, 31, 16, 41, 14, 31, 18, 31, 16, 31, 16, 41, 26, 31, 16, 31, 25, 37, 16, 41, 26, 41, 31, 31, 18, 37, 31, 31, 31, 31, 41, 14, 2]",[C][C][C][N][Branch2][Ring1][Ring1][Ring2][C][=C][C][=C][Branch1][=C][C][=C][C][=C][Ring1][=Branch1][C][=N][C][=C][C][=C][Ring1][Branch2][C][=C][C][Branch1][N][=C][Ring1][Branch2][Ring1][C][C][=N][N][C][C][C][C][Ring1][=Branch1],True,47
0.8,79,"[1, 31, 37, 25, 39, 31, 31, 31, 31, 14, 31, 19, 31, 16, 31, 16, 41, 14, 31, 19, 37, 31, 16, 31, 16, 31, 16, 41, 4, 31, 41, 4, 2]",[C][N][Branch1][O][C][C][C][C][=Branch1][C][=O][C][=C][C][=C][Ring1][=Branch1][C][=O][N][C][=C][C][=C][C][=C][Ring1][#Branch1][C][Ring1][#Branch1],True,31
0.8,80,"[1, 31, 39, 31, 16, 31, 16, 31, 16, 31, 14, 31, 19, 37, 25, 31, 31, 37, 31, 37, 41, 26, 31, 16, 31, 16, 25, 31, 33, 31, 31, 16, 41, 4, 2]",[C][O][C][=C][C][=C][C][=C][C][=Branch1][C][=O][N][Branch1][C][C][N][C][N][Ring1][Branch2][C][=C][C][=C][Branch1][C][F][C][C][=C][Ring1][#Branch1],True,33
0.8,81,"[1, 31, 31, 14, 31, 19, 37, 31, 16, 31, 25, 31, 16, 31, 25, 31, 33, 16, 41, 4, 37, 25, 31, 31, 41, 31, 25, 31, 32, 16, 41, 4, 31, 16, 37, 16, 41, 15, 2]",[C][C][=Branch1][C][=O][N][C][=C][C][Branch1][C][=C][C][Branch1][C][F][=C][Ring1][#Branch1][N][Branch1][C][C][Ring1][C][Branch1][C][Cl][=C][Ring1][#Branch1][C][=C][N][=C][Ring1][=Branch2],True,37
0.8,82,"[1, 31, 31, 16, 31, 14, 31, 19, 37, 31, 16, 31, 16, 26, 41, 5, 37, 16, 31, 14, 31, 19, 37, 31, 31, 31, 31, 16, 31, 16, 41, 14, 41, 4, 37, 31, 25, 15, 31, 31, 16, 31, 16, 25, 31, 32, 16, 41, 4, 31, 41, 4, 2]",[C][C][=C][C][=Branch1][C][=O][N][C][=C][C][=C][Branch2][Ring1][#Branch2][N][=C][C][=Branch1][C][=O][N][C][C][C][C][=C][C][=C][Ring1][=Branch1][Ring1][#Branch1][N][C][Branch1][=Branch2][C][C][=C][C][=C][Branch1][C][Cl][=C][Ring1][#Branch1][C][Ring1][#Branch1],True,51
0.8,83,"[1, 31, 39, 31, 16, 31, 16, 25, 31, 31, 25, 31, 39, 37, 31, 39, 31, 14, 31, 19, 31, 16, 31, 16, 41, 14, 31, 31, 16, 31, 16, 41, 40, 31, 16, 42, 41, 39, 31, 25, 31, 39, 31, 39, 31, 31, 25, 15, 31, 31, 41, 16, 31, 31, 42, 41, 5, 2]",[C][O][C][=C][C][=C][Branch1][C][C][Branch1][C][O][N][C][O][C][=Branch1][C][=O][C][=C][C][=C][Ring1][=Branch1][C][C][=C][C][=C][Ring1][P][C][=C][Ring2][Ring1][O][C][Branch1][C][O][C][O][C][C][Branch1][=Branch2][C][C][Ring1][=C][C][C][Ring2][Ring1][#Branch2],True,56
0.8,84,"[1, 31, 31, 25, 31, 31, 31, 31, 31, 26, 41, 25, 31, 31, 37, 31, 14, 31, 19, 39, 31, 16, 31, 16, 26, 41, 31, 18, 31, 16, 31, 16, 31, 26, 31, 16, 25, 42, 41, 14, 31, 19, 37, 31, 31, 31, 25, 31, 16, 42, 41, 26, 31, 31, 31, 31, 31, 31, 31, 41, 15, 37, 25, 16, 31, 31, 16, 42, 41, 4, 37, 25, 42, 41, 15, 31, 31, 31, 31, 42, 41, 42, 41, 42, 41, 25, 2]",[C][C][Branch1][C][C][C][C][C][Branch2][Ring1][Branch1][C][C][N][C][=Branch1][C][=O][O][C][=C][C][=C][Branch2][Ring1][C][=N][C][=C][C][=C][C][Branch2][C][=C][Branch1][Ring2][Ring1][=Branch1][C][=O][N][C][C][C][Branch1][C][=C][Ring2][Ring1][Branch2][C][C][C][C][C][C][C][Ring1][=Branch2][N][Branch1][=C][C][C][=C][Ring2][Ring1][#Branch1][N][Branch1][Ring2][Ring1][=Branch2][C][C][C][C][Ring2][Ring1][Ring2][Ring1][Ring2][Ring1][Branch1],True,85
0.8,85,"[1, 31, 31, 16, 25, 31, 31, 37, 31, 14, 31, 19, 31, 16, 31, 16, 26, 41, 37, 31, 14, 31, 19, 37, 25, 31, 31, 31, 31, 31, 25, 31, 31, 31, 39, 31, 41, 37, 26, 2]",[C][C][=C][Branch1][C][C][N][C][=Branch1][C][=O][C][=C][C][=C][Branch2][Ring1][N][C][=Branch1][C][=O][N][Branch1][C][C][C][C][C][Branch1][C][C][C][O][C][Ring1][N][Branch2],True,38
0.8,86,"[1, 31, 31, 31, 31, 16, 26, 41, 41, 16, 31, 14, 31, 19, 31, 31, 31, 31, 16, 25, 31, 33, 26, 41, 15, 31, 16, 41, 6, 44, 31, 16, 37, 16, 31, 16, 31, 14, 31, 16, 41, 14, 31, 14, 31, 19, 37, 31, 31, 16, 31, 31, 16, 31, 16, 42, 41, 14, 31, 31, 16, 42, 41, 4, 2]",[C][C][C][C][=C][Branch2][Ring1][Ring1][=C][C][=Branch1][C][=O][C][C][C][C][=C][Branch1][C][F][Branch2][Ring1][=Branch2][C][=C][Ring1][#C][S][C][=C][N][=C][C][=C][C][=Branch1][C][=C][Ring1][=Branch1][C][=Branch1][C][=O][N][C][C][=C][C][C][=C][C][=C][Ring2][Ring1][=Branch1][C][C][=C][Ring2][Ring1][#Branch1],True,63
0.8,87,"[1, 31, 39, 31, 16, 31, 16, 31, 16, 31, 16, 31, 25, 18, 41, 16, 31, 39, 41, 39, 37, 31, 31, 16, 41, 15, 37, 31, 18, 41, 14, 16, 42, 41, 25, 41, 39, 31, 31, 31, 31, 41, 39, 2]",[C][O][C][=C][C][=C][C][=C][C][=C][C][Branch1][=N][Ring1][=C][C][O][Ring1][O][N][C][C][=C][Ring1][=Branch2][N][C][=N][Ring1][=Branch1][=C][Ring2][Ring1][Branch1][Ring1][O][C][C][C][C][Ring1][O],True,42
0.8,88,"[1, 31, 39, 31, 18, 31, 25, 15, 37, 31, 25, 25, 15, 37, 31, 31, 16, 31, 16, 25, 31, 33, 16, 41, 5, 44, 31, 16, 31, 16, 41, 4, 16, 31, 16, 42, 41, 5, 2]",[C][O][C][=N][C][Branch1][=Branch2][N][C][Branch1][Branch1][=Branch2][N][C][C][=C][C][=C][Branch1][C][F][=C][Ring1][#Branch2][S][C][=C][C][=C][Ring1][#Branch1][=C][C][=C][Ring2][Ring1][#Branch2],True,37
0.8,89,"[1, 31, 39, 31, 16, 31, 16, 31, 16, 25, 5, 37, 31, 31, 16, 31, 25, 31, 33, 16, 25, 41, 4, 32, 31, 39, 31, 37, 16, 31, 37, 31, 31, 37, 16, 42, 41, 6, 16, 31, 31, 16, 31, 16, 31, 25, 31, 42, 41, 18, 31, 42, 41, 25, 2]",[C][O][C][=C][C][=C][C][=C][Branch1][#Branch2][N][C][C][=C][C][Branch1][C][F][=C][Branch1][Ring1][#Branch1][Cl][C][O][C][N][=C][C][N][C][C][N][=C][Ring2][Ring1][#C][=C][C][C][=C][C][=C][C][Branch1][C][Ring2][Ring1][=N][C][Ring2][Ring1][Branch1],True,53
0.8,90,"[1, 37, 31, 16, 31, 16, 31, 16, 41, 14, 31, 16, 41, 14, 31, 31, 16, 31, 16, 25, 41, 14, 31, 25, 31, 39, 31, 31, 14, 16, 41, 5, 2]",[N][C][=C][C][=C][C][=C][Ring1][=Branch1][C][=C][Ring1][=Branch1][C][C][=C][C][=C][Branch1][Ring1][=Branch1][C][Branch1][C][O][C][C][=Branch1][=C][Ring1][#Branch2],True,31
0.8,91,"[1, 37, 31, 16, 31, 16, 25, 41, 37, 31, 16, 31, 18, 31, 16, 31, 16, 41, 14, 31, 16, 31, 16, 31, 41, 18, 31, 16, 25, 31, 33, 18, 41, 15, 2]",[N][C][=C][C][=C][Branch1][Ring1][N][C][=C][C][=N][C][=C][C][=C][Ring1][=Branch1][C][=C][C][=C][C][Ring1][=N][C][=C][Branch1][C][F][=N][Ring1][=Branch2],True,33
0.8,92,"[1, 31, 31, 31, 31, 37, 26, 42, 37, 31, 31, 16, 25, 41, 39, 31, 31, 16, 31, 16, 31, 16, 41, 14, 31, 19, 31, 16, 31, 16, 31, 16, 31, 16, 41, 14, 18, 31, 16, 31, 16, 41, 14, 31, 16, 41, 14, 2]",[C][C][C][C][N][Branch2][Ring2][N][C][C][=C][Branch1][Ring1][O][C][C][=C][C][=C][C][=C][Ring1][=Branch1][C][=O][C][=C][C][=C][C][=C][C][=C][Ring1][=Branch1][=N][C][=C][C][=C][Ring1][=Branch1][C][=C][Ring1][=Branch1],True,46
0.8,93,"[1, 31, 31, 25, 31, 31, 31, 31, 14, 31, 19, 31, 16, 31, 25, 31, 16, 31, 16, 41, 4, 31, 16, 41, 14, 16, 31, 16, 31, 25, 31, 25, 31, 37, 16, 37, 31, 31, 14, 31, 19, 37, 16, 41, 6, 31, 41, 14, 31, 14, 31, 19, 31, 31, 16, 42, 41, 41, 39, 2]",[C][C][Branch1][C][C][C][C][=Branch1][C][=O][C][=C][C][Branch1][C][=C][C][=C][Ring1][#Branch1][C][=C][Ring1][=Branch1][=C][C][=C][C][Branch1][C][Branch1][C][N][=C][N][C][C][=Branch1][C][=O][N][=C][Ring1][#C][C][Ring1][=Branch1][C][=Branch1][C][=O][C][C][=C][Ring2][Ring1][Ring1][O],True,58
0.8,94,"[1, 31, 31, 39, 31, 25, 14, 31, 19, 31, 31, 16, 31, 16, 26, 41, 39, 31, 14, 31, 19, 31, 31, 25, 31, 31, 31, 31, 41, 37, 31, 16, 25, 31, 33, 16, 41, 15, 31, 31, 25, 31, 31, 25, 31, 33, 25, 31, 33, 19, 31, 32, 16, 41, 26, 31, 42, 41, 14, 31, 2]",[C][C][O][C][Branch1][=Branch1][C][=O][C][C][=C][C][=C][Branch2][Ring1][O][C][=Branch1][C][=O][C][C][Branch1][C][C][C][C][Ring1][N][C][=C][Branch1][C][F][=C][Ring1][=Branch2][C][C][Branch1][C][C][Branch1][C][F][Branch1][C][F][=O][C][Cl][=C][Ring1][Branch2][C][Ring2][Ring1][=Branch1][C],True,59
0.8,95,"[1, 31, 37, 31, 16, 26, 41, 40, 37, 31, 16, 31, 16, 25, 15, 37, 31, 16, 31, 16, 31, 16, 31, 14, 31, 19, 37, 16, 25, 6, 31, 32, 16, 41, 16, 31, 16, 41, 4, 31, 25, 31, 41, 15, 18, 2]",[C][N][C][=C][Branch2][Ring1][P][N][C][=C][C][=C][Branch1][=Branch2][N][C][=C][C][=C][C][=C][C][=Branch1][C][=O][N][=C][Branch1][#C][C][Cl][=C][Ring1][=C][C][=C][Ring1][#Branch1][C][Branch1][C][Ring1][=Branch2][=N],True,44
0.8,96,"[1, 31, 31, 31, 16, 26, 41, 4, 31, 31, 16, 31, 16, 25, 14, 37, 31, 19, 31, 16, 31, 16, 31, 16, 41, 14, 31, 14, 31, 19, 37, 31, 16, 41, 4, 31, 31, 16, 41, 4, 18, 31, 16, 31, 16, 2]",[C][C][C][=C][Branch2][Ring1][#Branch1][C][C][=C][C][=C][Branch1][=Branch1][N][C][=O][C][=C][C][=C][C][=C][Ring1][=Branch1][C][=Branch1][C][=O][N][C][=C][Ring1][#Branch1][C][C][=C][Ring1][#Branch1][=N][C][=C][C][=C],True,44
0.8,97,"[1, 31, 31, 31, 31, 31, 37, 25, 31, 14, 31, 19, 31, 31, 31, 16, 26, 42, 41, 31, 16, 31, 16, 25, 18, 37, 16, 31, 32, 31, 16, 41, 14, 31, 41, 37, 31, 25, 31, 31, 31, 25, 31, 31, 16, 31, 33, 16, 41, 4, 2]",[C][C][C][C][C][N][Branch1][C][=Branch1][C][=O][C][C][C][=C][Branch2][Ring2][Ring1][C][=C][C][=C][Branch1][=N][N][=C][C][Cl][C][=C][Ring1][=Branch1][C][Ring1][N][C][Branch1][C][C][C][Branch1][C][C][=C][C][F][=C][Ring1][#Branch1],True,49
0.8,98,"[1, 31, 31, 25, 31, 31, 31, 31, 31, 25, 31, 31, 31, 31, 16, 31, 16, 41, 14, 16, 31, 14, 31, 19, 37, 31, 16, 25, 31, 31, 31, 25, 18, 31, 16, 41, 6, 31, 33, 2]",[C][C][Branch1][C][C][C][C][C][Branch1][C][C][C][C][=C][C][=C][Ring1][=Branch1][=C][C][=Branch1][C][=O][N][C][=C][Branch1][C][C][C][Branch1][=N][C][=C][Ring1][#C][C][F],True,38
0.8,99,"[1, 31, 31, 31, 37, 25, 5, 31, 37, 16, 25, 31, 37, 16, 25, 31, 39, 31, 31, 16, 25, 31, 14, 31, 19, 31, 16, 41, 14, 31, 31, 16, 31, 16, 31, 16, 31, 16, 41, 14, 2]",[C][C][C][N][Branch1][#Branch2][C][N][=C][Branch1][C][N][=C][Branch1][C][O][C][C][=C][Branch1][C][=Branch1][C][=O][C][=C][Ring1][=Branch1][C][C][=C][C][=C][C][=C][C][=C][Ring1][=Branch1],True,39
0.8,100,"[1, 31, 31, 16, 31, 16, 26, 42, 26, 37, 31, 14, 31, 19, 31, 14, 31, 19, 37, 31, 16, 31, 16, 31, 16, 25, 31, 16, 41, 14, 31, 37, 16, 31, 16, 25, 31, 33, 31, 31, 16, 41, 4, 31, 16, 31, 16, 31, 16, 42, 41, 6, 2]",[C][C][=C][C][=C][Branch2][Ring2][Branch2][N][C][=Branch1][C][=O][C][=Branch1][C][=O][N][C][=C][C][=C][C][=C][Branch1][C][=C][Ring1][=Branch1][C][N][=C][C][=C][Branch1][C][F][C][C][=C][Ring1][#Branch1][C][=C][C][=C][C][=C][Ring2][Ring1][#C],True,51
0.8,101,"[1, 31, 31, 31, 31, 31, 39, 31, 14, 31, 19, 31, 16, 31, 16, 26, 41, 14, 31, 19, 37, 31, 31, 16, 37, 31, 16, 25, 16, 31, 16, 31, 16, 25, 31, 16, 41, 6, 44, 31, 16, 31, 16, 41, 14, 31, 19, 37, 41, 4, 18, 37, 25, 31, 31, 25, 31, 31, 31, 33, 19, 31, 41, 14, 31, 16, 42, 41, 5, 2]",[C][C][C][C][C][O][C][=Branch1][C][=O][C][=C][C][=C][Branch2][Ring1][=Branch1][C][=O][N][C][C][=C][N][C][=C][Branch1][=C][C][=C][C][=C][Branch1][C][=C][Ring1][#C][S][C][=C][C][=C][Ring1][=Branch1][C][=O][N][Ring1][#Branch1][=N][N][Branch1][C][C][Branch1][C][C][C][F][=O][C][Ring1][=Branch1][C][=C][Ring2][Ring1][#Branch2],True,68
0.8,102,"[1, 31, 39, 31, 16, 31, 16, 26, 41, 4, 31, 14, 31, 19, 31, 37, 31, 14, 31, 19, 31, 16, 31, 16, 31, 16, 25, 31, 32, 31, 25, 42, 41, 4, 31, 31, 25, 31, 14, 31, 19, 37, 31, 37, 41, 42, 41, 44, 37, 31, 16, 42, 41, 5, 37, 16, 42, 41, 31, 2]",[C][O][C][=C][C][=C][Branch2][Ring1][#Branch1][C][=Branch1][C][=O][C][N][C][=Branch1][C][=O][C][=C][C][=C][C][=C][Branch1][C][Cl][C][Branch1][Ring2][Ring1][#Branch1][C][C][Branch1][C][=Branch1][C][=O][N][C][N][Ring1][Ring2][Ring1][S][N][C][=C][Ring2][Ring1][#Branch2][N][=C][Ring2][Ring1][C],True,58
0.8,103,"[1, 31, 31, 31, 26, 41, 44, 39, 31, 14, 31, 19, 14, 31, 19, 31, 16, 31, 16, 25, 31, 32, 31, 16, 41, 4, 37, 31, 31, 41, 37, 44, 31, 31, 31, 31, 37, 16, 31, 18, 41, 5, 2]",[C][C][C][Branch2][Ring1][S][O][C][=Branch1][C][=O][=Branch1][C][=O][C][=C][C][=C][Branch1][C][Cl][C][=C][Ring1][#Branch1][N][C][C][Ring1][N][S][C][C][C][C][N][=C][C][=N][Ring1][#Branch2],True,41
0.8,104,"[1, 31, 31, 16, 31, 16, 25, 31, 31, 16, 31, 16, 31, 16, 25, 4, 31, 39, 41, 14, 37, 31, 31, 31, 31, 41, 42, 41, 25, 2]",[C][C][=C][C][=C][Branch1][C][C][=C][C][=C][C][=C][Branch1][#Branch1][C][O][Ring1][=Branch1][N][C][C][C][C][Ring1][Ring2][Ring1][Branch1],True,28
0.8,105,"[1, 31, 39, 31, 16, 31, 16, 31, 16, 31, 16, 26, 42, 41, 15, 37, 31, 31, 31, 16, 31, 16, 31, 25, 6, 37, 31, 16, 41, 14, 31, 19, 37, 31, 16, 42, 41, 14, 2]",[C][O][C][=C][C][=C][C][=C][C][=C][Branch2][Ring2][Ring1][=Branch2][N][C][C][C][=C][C][=C][C][Branch1][#C][N][C][=C][Ring1][=Branch1][C][=O][N][C][=C][Ring2][Ring1][=Branch1],True,37
0.8,106,"[1, 31, 31, 31, 31, 37, 31, 25, 31, 31, 31, 25, 18, 31, 16, 31, 16, 41, 14, 16, 31, 16, 31, 16, 31, 16, 41, 14, 2]",[C][C][C][C][N][C][Branch1][C][C][C][Branch1][=N][C][=C][C][=C][Ring1][=Branch1][=C][C][=C][C][=C][C][=C][Ring1][=Branch1],True,27
0.8,107,"[1, 31, 37, 31, 16, 31, 14, 31, 19, 31, 16, 25, 41, 15, 37, 31, 16, 31, 16, 31, 16, 41, 14, 31, 14, 31, 19, 31, 16, 31, 16, 31, 25, 31, 16, 41, 4, 41, 4, 37, 31, 31, 16, 41, 14, 2]",[C][N][C][=C][C][=Branch1][C][=O][C][=C][Branch1][Ring1][=Branch2][N][C][=C][C][=C][C][=C][Ring1][=Branch1][C][=Branch1][C][=O][C][=C][C][=C][C][Branch1][C][=C][Ring1][#Branch1][Ring1][#Branch1][N][C][C][=C][Ring1][=Branch1],True,44
0.8,108,"[1, 31, 31, 31, 25, 31, 31, 31, 31, 14, 31, 19, 39, 31, 25, 31, 31, 31, 33, 16, 31, 16, 41, 14, 31, 19, 2]",[C][C][C][Branch1][C][C][C][C][=Branch1][C][=O][O][C][Branch1][C][C][C][F][=C][C][=C][Ring1][=Branch1][C][=O],True,25
0.8,109,"[1, 39, 25, 31, 31, 39, 31, 16, 31, 16, 31, 16, 25, 15, 37, 31, 16, 31, 16, 41, 14, 31, 16, 31, 18, 41, 14, 2]",[O][Branch1][C][C][O][C][=C][C][=C][C][=C][Branch1][=Branch2][N][C][=C][C][=C][Ring1][=Branch1][C][=C][C][=N][Ring1][=Branch1],True,26
0.8,110,"[1, 39, 16, 26, 42, 37, 31, 31, 31, 31, 31, 37, 31, 37, 31, 31, 25, 15, 31, 16, 31, 16, 31, 16, 25, 15, 39, 31, 16, 31, 16, 41, 14, 41, 15, 16, 31, 16, 42, 41, 14, 2]",[O][=C][Branch2][Ring2][N][C][C][C][C][C][N][C][N][C][C][Branch1][=Branch2][C][=C][C][=C][C][=C][Branch1][=Branch2][O][C][=C][C][=C][Ring1][=Branch1][Ring1][=Branch2][=C][C][=C][Ring2][Ring1][=Branch1],True,40
0.8,111,"[1, 31, 31, 16, 31, 16, 26, 41, 37, 31, 31, 25, 14, 31, 19, 37, 31, 16, 31, 16, 31, 16, 41, 14, 31, 14, 16, 31, 19, 37, 16, 31, 31, 16, 41, 4, 16, 31, 25, 41, 14, 16, 31, 16, 31, 37, 31, 16, 31, 16, 42, 41, 4, 2]",[C][C][=C][C][=C][Branch2][Ring1][N][C][C][Branch1][=Branch1][C][=O][N][C][=C][C][=C][C][=C][Ring1][=Branch1][C][=Branch1][=C][C][=O][N][=C][C][C][=C][Ring1][#Branch1][=C][C][Branch1][Ring1][=Branch1][=C][C][=C][C][N][C][=C][C][=C][Ring2][Ring1][#Branch1],True,52
0.8,112,"[1, 31, 31, 31, 31, 16, 31, 16, 25, 5, 31, 16, 31, 16, 31, 16, 41, 4, 31, 37, 26, 37, 31, 37, 16, 31, 31, 31, 14, 31, 19, 37, 25, 31, 31, 16, 41, 14, 31, 16, 31, 41, 14, 2]",[C][C][C][C][=C][C][=C][Branch1][#Branch2][C][=C][C][=C][C][=C][Ring1][#Branch1][C][N][Branch2][N][C][N][=C][C][C][C][=Branch1][C][=O][N][Branch1][C][C][=C][Ring1][=Branch1][C][=C][C][Ring1][=Branch1],True,42
0.8,113,"[1, 31, 31, 16, 31, 16, 31, 26, 41, 18, 31, 25, 39, 31, 14, 31, 19, 39, 31, 16, 31, 16, 31, 16, 25, 37, 41, 5, 31, 31, 31, 31, 14, 31, 19, 31, 37, 25, 31, 31, 31, 16, 41, 14, 31, 16, 25, 31, 33, 16, 31, 25, 31, 31, 16, 41, 40, 42, 41, 14, 2]",[C][C][=C][C][=C][C][Branch2][Ring1][=N][C][Branch1][O][C][=Branch1][C][=O][O][C][=C][C][=C][C][=C][Branch1][N][Ring1][#Branch2][C][C][C][C][=Branch1][C][=O][C][N][Branch1][C][C][C][=C][Ring1][=Branch1][C][=C][Branch1][C][F][=C][C][Branch1][C][C][=C][Ring1][P][Ring2][Ring1][=Branch1],True,59
0.8,114,"[1, 37, 31, 25, 31, 31, 39, 31, 16, 31, 16, 31, 16, 41, 4, 37, 31, 16, 31, 16, 31, 16, 41, 14, 31, 16, 42, 41, 14, 2]",[N][C][Branch1][C][C][O][C][=C][C][=C][C][=C][Ring1][#Branch1][N][C][=C][C][=C][C][=C][Ring1][=Branch1][C][=C][Ring2][Ring1][=Branch1],True,28
0.8,115,"[1, 31, 39, 31, 16, 31, 16, 26, 41, 4, 37, 31, 31, 18, 31, 16, 31, 16, 41, 14, 31, 18, 31, 14, 31, 19, 37, 25, 41, 44, 31, 33, 25, 31, 16, 31, 16, 25, 31, 37, 16, 41, 4, 31, 31, 25, 31, 14, 31, 19, 19, 31, 16, 41, 14, 31, 42, 41, 15, 31, 19, 31, 31, 31, 32, 31, 41, 18, 42, 41, 37, 2]",[C][O][C][=C][C][=C][Branch2][Ring1][#Branch1][N][C][C][=N][C][=C][C][=C][Ring1][=Branch1][C][=N][C][=Branch1][C][=O][N][Branch1][Ring1][S][C][F][Branch1][C][=C][C][=C][Branch1][C][N][=C][Ring1][#Branch1][C][C][Branch1][C][=Branch1][C][=O][=O][C][=C][Ring1][=Branch1][C][Ring2][Ring1][=Branch2][C][=O][C][C][C][Cl][C][Ring1][=N][Ring2][Ring1][N],True,70
0.8,116,"[1, 39, 16, 26, 42, 31, 31, 18, 31, 16, 31, 16, 41, 14, 31, 16, 31, 16, 31, 16, 41, 14, 31, 16, 31, 16, 41, 14, 37, 31, 16, 41, 14, 31, 31, 31, 31, 16, 31, 16, 42, 41, 15, 2]",[O][=C][Branch2][Ring2][C][C][=N][C][=C][C][=C][Ring1][=Branch1][C][=C][C][=C][C][=C][Ring1][=Branch1][C][=C][C][=C][Ring1][=Branch1][N][C][=C][Ring1][=Branch1][C][C][C][C][=C][C][=C][Ring2][Ring1][=Branch2],True,42
0.8,117,"[1, 37, 44, 14, 31, 19, 14, 31, 19, 31, 16, 31, 16, 31, 16, 31, 16, 31, 16, 41, 14, 37, 25, 31, 33, 31, 31, 31, 41, 14, 2]",[N][S][=Branch1][C][=O][=Branch1][C][=O][C][=C][C][=C][C][=C][C][=C][C][=C][Ring1][=Branch1][N][Branch1][C][F][C][C][C][Ring1][=Branch1],True,29
0.8,118,"[1, 31, 39, 31, 16, 31, 16, 25, 31, 16, 25, 31, 31, 32, 31, 16, 41, 15, 37, 16, 31, 25, 31, 37, 31, 16, 42, 41, 25, 31, 31, 31, 16, 31, 25, 31, 33, 19, 37, 31, 31, 16, 42, 41, 4, 19, 31, 37, 42, 41, 26, 2]",[C][O][C][=C][C][=C][Branch1][C][=C][Branch1][C][C][Cl][C][=C][Ring1][=Branch2][N][=C][C][Branch1][C][N][C][=C][Ring2][Ring1][Branch1][C][C][C][=C][C][Branch1][C][F][=O][N][C][C][=C][Ring2][Ring1][#Branch1][=O][C][N][Ring2][Ring1][Branch2],True,50
0.8,119,"[1, 31, 31, 14, 31, 19, 31, 16, 31, 16, 31, 16, 26, 41, 6, 31, 25, 5, 37, 31, 31, 16, 31, 16, 31, 16, 31, 16, 25, 31, 33, 25, 18, 31, 32, 18, 41, 14, 31, 19, 37, 31, 16, 41, 4, 31, 31, 31, 31, 41, 4, 2]",[C][C][=Branch1][C][=O][C][=C][C][=C][C][=C][Branch2][Ring1][#C][C][Branch1][#Branch2][N][C][C][=C][C][=C][C][=C][C][=C][Branch1][C][F][Branch1][=N][C][Cl][=N][Ring1][=Branch1][C][=O][N][C][=C][Ring1][#Branch1][C][C][C][C][Ring1][#Branch1],True,50
0.8,120,"[1, 31, 39, 31, 16, 31, 16, 26, 41, 39, 31, 31, 14, 31, 19, 37, 31, 37, 31, 31, 31, 16, 31, 16, 31, 16, 41, 14, 31, 16, 31, 16, 25, 31, 33, 16, 41, 14, 31, 41, 4, 16, 42, 41, 6, 31, 39, 2]",[C][O][C][=C][C][=C][Branch2][Ring1][O][C][C][=Branch1][C][=O][N][C][N][C][C][C][=C][C][=C][C][=C][Ring1][=Branch1][C][=C][C][=C][Branch1][C][F][=C][Ring1][=Branch1][C][Ring1][#Branch1][=C][Ring2][Ring1][#C][C][O],True,46
0.8,121,"[1, 31, 31, 31, 37, 26, 41, 31, 31, 39, 31, 31, 16, 31, 16, 31, 26, 42, 41, 42, 31, 31, 16, 31, 16, 25, 18, 37, 16, 31, 16, 31, 16, 41, 37, 31, 14, 31, 16, 41, 14, 39, 41, 44, 31, 14, 2]",[C][C][C][N][Branch2][Ring1][C][C][O][C][C][=C][C][=C][C][Branch2][Ring2][Ring1][Ring2][C][C][=C][C][=C][Branch1][=N][N][=C][C][=C][C][=C][Ring1][N][C][=Branch1][C][=C][Ring1][=Branch1][O][Ring1][S][C][=Branch1],True,45
0.8,122,"[1, 31, 31, 31, 31, 31, 31, 16, 25, 39, 31, 14, 31, 19, 37, 31, 16, 31, 16, 25, 31, 32, 16, 41, 26, 41, 4, 31, 14, 31, 19, 37, 31, 31, 31, 31, 41, 6, 37, 25, 31, 31, 31, 31, 31, 42, 41, 41, 6, 2]",[C][C][C][C][C][C][=C][Branch1][O][C][=Branch1][C][=O][N][C][=C][C][=C][Branch1][C][Cl][=C][Ring1][Branch2][Ring1][#Branch1][C][=Branch1][C][=O][N][C][C][C][C][Ring1][#C][N][Branch1][C][C][C][C][C][Ring2][Ring1][Ring1][#C],True,48
0.8,123,"[1, 31, 31, 25, 31, 31, 25, 31, 37, 31, 25, 41, 31, 31, 31, 31, 16, 31, 16, 41, 14, 16, 31, 14, 2]",[C][C][Branch1][C][C][Branch1][C][N][C][Branch1][Ring1][C][C][C][C][=C][C][=C][Ring1][=Branch1][=C][C][=Branch1],True,23
0.8,124,"[1, 31, 37, 25, 31, 31, 31, 31, 31, 31, 16, 26, 42, 26, 41, 31, 37, 31, 14, 31, 19, 31, 25, 31, 31, 31, 41, 44, 31, 16, 31, 25, 14, 31, 19, 14, 31, 19, 37, 25, 31, 16, 31, 16, 41, 37, 16, 31, 16, 42, 41, 37, 31, 31, 31, 16, 41, 14, 31, 37, 31, 31, 31, 31, 37, 31, 41, 14, 31, 31, 31, 2]",[C][N][Branch1][C][C][C][C][C][C][=C][Branch2][Ring2][Branch2][Ring1][C][N][C][=Branch1][C][=O][C][Branch1][C][C][C][Ring1][S][C][=C][C][Branch1][=Branch1][C][=O][=Branch1][C][=O][N][Branch1][C][=C][C][=C][Ring1][N][=C][C][=C][Ring2][Ring1][N][C][C][C][=C][Ring1][=Branch1][C][N][C][C][C][C][N][C][Ring1][=Branch1][C][C][C],True,70
0.8,125,"[1, 31, 31, 16, 31, 16, 31, 16, 41, 14, 31, 26, 41, 15, 31, 16, 31, 16, 31, 16, 31, 25, 15, 39, 39, 31, 16, 42, 41, 14, 31, 39, 31, 31, 16, 31, 31, 16, 41, 26, 41, 14, 31, 31, 25, 31, 19, 37, 31, 31, 39, 16, 31, 31, 31, 25, 31, 16, 41, 25, 31, 16, 42, 41, 31, 16, 42, 42, 41, 37, 42, 42, 41, 39, 2]",[C][C][=C][C][=C][C][=C][Ring1][=Branch1][C][Branch2][Ring1][=Branch2][C][=C][C][=C][C][=C][C][Branch1][=Branch2][O][O][C][=C][Ring2][Ring1][=Branch1][C][O][C][C][=C][C][C][=C][Ring1][Branch2][Ring1][=Branch1][C][C][Branch1][C][=O][N][C][C][O][=C][C][C][C][Branch1][C][=C][Ring1][Branch1][C][=C][Ring2][Ring1][C][=C][Ring2][Ring2][Ring1][N][Ring2][Ring2][Ring1][O],True,73
0.8,126,"[1, 31, 37, 31, 16, 31, 16, 25, 37, 31, 31, 31, 37, 31, 18, 31, 16, 26, 41, 18, 37, 31, 25, 31, 31, 14, 37, 31, 31, 31, 41, 41, 6, 31, 41, 26, 31, 16, 31, 16, 31, 18, 31, 31, 16, 41, 5, 31, 16, 41, 14, 16, 31, 16, 31, 14, 42, 41, 16, 41, 5, 2]",[C][N][C][=C][C][=C][Branch1][N][C][C][C][N][C][=N][C][=C][Branch2][Ring1][=N][N][C][Branch1][C][C][=Branch1][N][C][C][C][Ring1][Ring1][#C][C][Ring1][Branch2][C][=C][C][=C][C][=N][C][C][=C][Ring1][#Branch2][C][=C][Ring1][=Branch1][=C][C][=C][C][=Branch1][Ring2][Ring1][=C][Ring1][#Branch2],True,60
0.8,127,"[1, 31, 31, 31, 37, 31, 37, 26, 41, 14, 31, 19, 37, 31, 31, 31, 16, 31, 16, 25, 37, 31, 18, 31, 16, 41, 4, 36, 31, 16, 42, 41, 44, 31, 16, 31, 25, 31, 33, 33, 16, 41, 44, 42, 41, 18, 2]",[C][C][C][N][C][N][Branch2][Ring1][=Branch1][C][=O][N][C][C][C][=C][C][=C][Branch1][N][C][=N][C][=C][Ring1][#Branch1][NH1][C][=C][Ring2][Ring1][S][C][=C][C][Branch1][C][F][F][=C][Ring1][S][Ring2][Ring1][=N],True,45
0.8,128,"[1, 31, 31, 16, 31, 16, 31, 18, 41, 14, 31, 19, 37, 26, 41, 42, 37, 31, 37, 31, 31, 31, 18, 31, 25, 31, 33, 16, 31, 16, 31, 16, 31, 41, 37, 31, 37, 25, 31, 31, 41, 6, 2]",[C][C][=C][C][=C][C][=N][Ring1][=Branch1][C][=O][N][Branch2][Ring1][Ring2][N][C][N][C][C][C][=N][C][Branch1][C][F][=C][C][=C][C][=C][C][Ring1][N][C][N][Branch1][C][C][Ring1][#C],True,41
0.8,129,"[1, 31, 39, 31, 16, 31, 16, 25, 31, 37, 31, 37, 31, 16, 25, 31, 31, 32, 31, 16, 41, 4, 31, 31, 31, 41, 15, 2]",[C][O][C][=C][C][=C][Branch1][C][N][C][N][C][=C][Branch1][C][C][Cl][C][=C][Ring1][#Branch1][C][C][C][Ring1][=Branch2],True,26
0.8,130,"[1, 31, 39, 31, 16, 31, 14, 31, 19, 37, 31, 16, 26, 41, 37, 31, 31, 31, 31, 31, 31, 37, 31, 37, 25, 31, 31, 31, 31, 37, 31, 25, 15, 41, 15, 44, 31, 16, 31, 16, 31, 16, 31, 16, 31, 14, 16, 25, 31, 41, 14, 31, 41, 14, 31, 19, 31, 19, 31, 41, 4, 2]",[C][O][C][=C][C][=Branch1][C][=O][N][C][=C][Branch2][Ring1][N][C][C][C][C][C][C][N][C][N][Branch1][C][C][C][C][N][C][Branch1][=Branch2][Ring1][=Branch2][S][C][=C][C][=C][C][=C][C][=C][C][=Branch1][=C][Branch1][C][Ring1][=Branch1][C][Ring1][=Branch1][C][=O][C][=O][C][Ring1][#Branch1],True,60
0.8,131,"[1, 31, 31, 31, 16, 31, 16, 26, 41, 37, 31, 16, 31, 16, 31, 16, 31, 16, 41, 14, 31, 16, 31, 14, 37, 26, 41, 41, 39, 31, 31, 39, 31, 16, 31, 16, 31, 16, 31, 16, 41, 14, 31, 14, 31, 19, 37, 31, 31, 16, 42, 41, 14, 31, 16, 41, 4, 2]",[C][C][C][=C][C][=C][Branch2][Ring1][N][C][=C][C][=C][C][=C][C][=C][Ring1][=Branch1][C][=C][C][=Branch1][N][Branch2][Ring1][Ring1][O][C][C][O][C][=C][C][=C][C][=C][C][=C][Ring1][=Branch1][C][=Branch1][C][=O][N][C][C][=C][Ring2][Ring1][=Branch1][C][=C][Ring1][#Branch1],True,56
0.8,132,"[1, 39, 16, 25, 31, 31, 37, 31, 31, 31, 25, 31, 31, 31, 31, 31, 37, 31, 41, 14, 31, 41, 26, 31, 31, 37, 31, 16, 31, 16, 41, 5, 31, 16, 25, 15, 31, 16, 31, 16, 41, 14, 31, 19, 2]",[O][=C][Branch1][C][C][N][C][C][C][Branch1][C][C][C][C][C][N][C][Ring1][=Branch1][C][Ring1][Branch2][C][C][N][C][=C][C][=C][Ring1][#Branch2][C][=C][Branch1][=Branch2][C][=C][C][=C][Ring1][=Branch1][C][=O],True,43
0.8,133,"[1, 31, 31, 16, 31, 16, 31, 14, 31, 19, 37, 31, 16, 25, 41, 31, 31, 31, 16, 31, 16, 31, 26, 41, 31, 16, 31, 16, 31, 16, 41, 14, 31, 16, 41, 14, 41, 14, 31, 19, 37, 31, 31, 31, 25, 31, 31, 31, 31, 31, 16, 31, 31, 31, 41, 14, 2]",[C][C][=C][C][=C][C][=Branch1][C][=O][N][C][=C][Branch1][Ring1][C][C][C][=C][C][=C][C][Branch2][Ring1][C][=C][C][=C][C][=C][Ring1][=Branch1][C][=C][Ring1][=Branch1][Ring1][=Branch1][C][=O][N][C][C][C][Branch1][C][C][C][C][C][=C][C][C][C][Ring1][=Branch1],True,55
0.8,134,"[1, 31, 39, 31, 16, 31, 18, 31, 16, 31, 16, 41, 14, 2]",[C][O][C][=C][C][=N][C][=C][C][=C][Ring1][=Branch1],True,12
0.8,135,"[1, 31, 31, 25, 31, 39, 31, 16, 31, 16, 25, 15, 31, 16, 31, 16, 41, 14, 37, 31, 16, 31, 16, 41, 14, 31, 25, 31, 32, 16, 42, 41, 15, 31, 16, 31, 31, 16, 25, 31, 14, 31, 19, 31, 19, 31, 31, 16, 42, 41, 6, 2]",[C][C][Branch1][C][O][C][=C][C][=C][Branch1][=Branch2][C][=C][C][=C][Ring1][=Branch1][N][C][=C][C][=C][Ring1][=Branch1][C][Branch1][C][Cl][=C][Ring2][Ring1][=Branch2][C][=C][C][C][=C][Branch1][C][=Branch1][C][=O][C][=O][C][C][=C][Ring2][Ring1][#C],True,50
0.8,136,"[1, 31, 31, 31, 16, 31, 18, 37, 26, 41, 44, 31, 16, 31, 16, 31, 16, 26, 41, 39, 31, 14, 37, 16, 31, 16, 25, 15, 31, 31, 16, 41, 14, 31, 31, 19, 37, 31, 16, 31, 16, 41, 14, 31, 16, 42, 41, 14, 31, 19, 2]",[C][C][C][=C][C][=N][N][Branch2][Ring1][S][C][=C][C][=C][C][=C][Branch2][Ring1][O][C][=Branch1][N][=C][C][=C][Branch1][=Branch2][C][C][=C][Ring1][=Branch1][C][C][=O][N][C][=C][C][=C][Ring1][=Branch1][C][=C][Ring2][Ring1][=Branch1][C][=O],True,49
0.8,137,"[1, 31, 39, 31, 16, 31, 16, 31, 16, 25, 31, 14, 31, 19, 37, 31, 31, 16, 25, 31, 31, 32, 31, 16, 41, 4, 16, 41, 15, 2]",[C][O][C][=C][C][=C][C][=C][Branch1][C][=Branch1][C][=O][N][C][C][=C][Branch1][C][C][Cl][C][=C][Ring1][#Branch1][=C][Ring1][=Branch2],True,28
0.8,138,"[1, 31, 31, 31, 31, 31, 31, 37, 26, 41, 42, 16, 31, 16, 25, 15, 31, 16, 31, 16, 41, 4, 2]",[C][C][C][C][C][C][N][Branch2][Ring1][Ring2][=C][C][=C][Branch1][=Branch2][C][=C][C][=C][Ring1][#Branch1],True,21
0.8,139,"[1, 31, 39, 31, 16, 31, 16, 31, 26, 41, 14, 31, 19, 37, 31, 31, 31, 31, 31, 25, 31, 31, 31, 37, 25, 31, 37, 31, 41, 41, 4, 31, 31, 16, 25, 16, 31, 14, 31, 31, 31, 25, 31, 31, 31, 41, 18, 42, 41, 15, 16, 42, 41, 5, 2]",[C][O][C][=C][C][=C][C][Branch2][Ring1][=Branch1][C][=O][N][C][C][C][C][C][Branch1][C][C][C][N][Branch1][C][N][C][Ring1][Ring1][#Branch1][C][C][=C][Branch1][=C][C][=Branch1][C][C][C][Branch1][C][C][C][Ring1][=N][Ring2][Ring1][=Branch2][=C][Ring2][Ring1][#Branch2],True,53
0.8,140,"[1, 31, 31, 16, 31, 16, 31, 14, 31, 19, 37, 31, 31, 31, 31, 25, 31, 31, 31, 31, 31, 37, 31, 37, 16, 25, 15, 31, 16, 41, 4, 37, 16, 31, 16, 31, 16, 31, 16, 41, 14, 41, 14, 16, 42, 41, 14, 2]",[C][C][=C][C][=C][C][=Branch1][C][=O][N][C][C][C][C][Branch1][C][C][C][C][C][N][C][N][=C][Branch1][=Branch2][C][=C][Ring1][#Branch1][N][=C][C][=C][C][=C][C][=C][Ring1][=Branch1][Ring1][=Branch1][=C][Ring2][Ring1][=Branch1],True,46
0.8,141,"[1, 39, 16, 26, 41, 39, 31, 16, 31, 16, 26, 41, 31, 31, 31, 31, 25, 15, 31, 31, 31, 16, 31, 16, 31, 16, 41, 14, 31, 18, 31, 18, 42, 41, 37, 2]",[O][=C][Branch2][Ring1][O][C][=C][C][=C][Branch2][Ring1][C][C][C][C][Branch1][=Branch2][C][C][C][=C][C][=C][C][=C][Ring1][=Branch1][C][=N][C][=N][Ring2][Ring1][N],True,34
0.8,142,"[1, 31, 39, 31, 16, 31, 16, 31, 16, 25, 14, 31, 19, 31, 37, 31, 31, 31, 16, 41, 4, 31, 16, 31, 16, 31, 16, 31, 16, 41, 14, 31, 16, 41, 14, 31, 19, 41, 15, 2]",[C][O][C][=C][C][=C][C][=C][Branch1][=Branch1][C][=O][C][N][C][C][C][=C][Ring1][#Branch1][C][=C][C][=C][C][=C][C][=C][Ring1][=Branch1][C][=C][Ring1][=Branch1][C][=O][Ring1][=Branch2],True,38
0.8,143,"[1, 31, 31, 25, 31, 37, 31, 31, 18, 31, 16, 31, 16, 41, 14, 31, 16, 31, 16, 25, 4, 16, 31, 16, 41, 40, 2]",[C][C][Branch1][C][N][C][C][=N][C][=C][C][=C][Ring1][=Branch1][C][=C][C][=C][Branch1][#Branch1][=C][C][=C][Ring1][P],True,25
0.8,144,"[1, 37, 31, 16, 31, 16, 26, 41, 26, 31, 16, 31, 14, 31, 19, 37, 31, 16, 31, 16, 26, 41, 6, 31, 16, 31, 16, 31, 16, 41, 14, 18, 31, 25, 31, 16, 31, 16, 31, 16, 41, 4, 37, 41, 14, 2]",[N][C][=C][C][=C][Branch2][Ring1][Branch2][C][=C][C][=Branch1][C][=O][N][C][=C][C][=C][Branch2][Ring1][#C][C][=C][C][=C][C][=C][Ring1][=Branch1][=N][C][Branch1][C][=C][C][=C][C][=C][Ring1][#Branch1][N][Ring1][=Branch1],True,44
0.8,145,"[1, 39, 16, 25, 31, 31, 37, 31, 25, 31, 31, 16, 31, 16, 31, 16, 41, 14, 31, 19, 37, 31, 16, 31, 16, 25, 31, 32, 16, 31, 16, 41, 14, 31, 16, 41, 40, 2]",[O][=C][Branch1][C][C][N][C][Branch1][C][C][=C][C][=C][C][=C][Ring1][=Branch1][C][=O][N][C][=C][C][=C][Branch1][C][Cl][=C][C][=C][Ring1][=Branch1][C][=C][Ring1][P],True,36
0.8,146,"[1, 31, 31, 25, 31, 31, 16, 31, 16, 31, 16, 41, 14, 37, 16, 31, 16, 31, 16, 31, 16, 41, 14, 31, 14, 41, 14, 37, 31, 19, 39, 2]",[C][C][Branch1][C][C][=C][C][=C][C][=C][Ring1][=Branch1][N][=C][C][=C][C][=C][C][=C][Ring1][=Branch1][C][=Branch1][Ring1][=Branch1][N][C][=O][O],True,30
0.8,147,"[1, 31, 39, 31, 16, 31, 16, 31, 16, 25, 15, 37, 31, 31, 16, 31, 16, 41, 14, 37, 31, 16, 41, 14, 31, 19, 37, 31, 14, 31, 31, 31, 16, 41, 14, 2]",[C][O][C][=C][C][=C][C][=C][Branch1][=Branch2][N][C][C][=C][C][=C][Ring1][=Branch1][N][C][=C][Ring1][=Branch1][C][=O][N][C][=Branch1][C][C][C][=C][Ring1][=Branch1],True,34
0.8,148,"[1, 31, 37, 31, 31, 16, 25, 16, 31, 18, 31, 16, 31, 16, 25, 44, 41, 14, 31, 16, 41, 14, 31, 37, 16, 41, 26, 31, 41, 41, 41, 2]",[C][N][C][C][=C][Branch1][=C][C][=N][C][=C][C][=C][Branch1][S][Ring1][=Branch1][C][=C][Ring1][=Branch1][C][N][=C][Ring1][Branch2][C][Ring1][Ring1][Ring1],True,30
0.8,149,"[1, 31, 31, 25, 31, 39, 31, 16, 31, 16, 31, 16, 25, 31, 18, 31, 16, 41, 14, 31, 19, 37, 31, 16, 31, 16, 31, 16, 41, 4, 37, 31, 31, 31, 16, 41, 4, 2]",[C][C][Branch1][C][O][C][=C][C][=C][C][=C][Branch1][C][=N][C][=C][Ring1][=Branch1][C][=O][N][C][=C][C][=C][C][=C][Ring1][#Branch1][N][C][C][C][=C][Ring1][#Branch1],True,36
0.8,150,"[1, 31, 39, 31, 16, 31, 16, 31, 16, 26, 42, 41, 25, 31, 37, 31, 37, 31, 31, 31, 25, 15, 31, 31, 25, 31, 31, 31, 31, 41, 25, 31, 31, 33, 16, 31, 32, 16, 41, 16, 42, 41, 4, 2]",[C][O][C][=C][C][=C][C][=C][Branch2][Ring2][Ring1][Branch1][C][N][C][N][C][C][C][Branch1][=Branch2][C][C][Branch1][C][C][C][C][Ring1][Branch1][C][C][F][=C][C][Cl][=C][Ring1][=C][Ring2][Ring1][#Branch1],True,42
0.8,151,"[1, 31, 31, 16, 31, 16, 31, 16, 25, 31, 39, 31, 16, 31, 16, 41, 14, 31, 19, 31, 16, 41, 14, 31, 25, 31, 31, 37, 16, 42, 41, 37, 31, 31, 16, 31, 16, 25, 31, 31, 31, 16, 41, 14, 31, 16, 42, 41, 14, 2]",[C][C][=C][C][=C][C][=C][Branch1][C][O][C][=C][C][=C][Ring1][=Branch1][C][=O][C][=C][Ring1][=Branch1][C][Branch1][C][C][N][=C][Ring2][Ring1][N][C][C][=C][C][=C][Branch1][C][C][C][=C][Ring1][=Branch1][C][=C][Ring2][Ring1][=Branch1],True,48
0.8,152,"[1, 31, 31, 16, 31, 16, 25, 39, 31, 16, 31, 16, 31, 16, 31, 16, 31, 16, 41, 14, 31, 19, 41, 40, 37, 31, 31, 31, 31, 31, 37, 41, 14, 2]",[C][C][=C][C][=C][Branch1][O][C][=C][C][=C][C][=C][C][=C][C][=C][Ring1][=Branch1][C][=O][Ring1][P][N][C][C][C][C][C][N][Ring1][=Branch1],True,32
0.8,153,"[1, 37, 31, 14, 31, 19, 37, 26, 41, 42, 16, 31, 16, 31, 16, 25, 4, 37, 31, 31, 16, 25, 18, 31, 18, 41, 4, 31, 16, 31, 16, 41, 14, 31, 16, 31, 16, 41, 15, 2]",[N][C][=Branch1][C][=O][N][Branch2][Ring1][Ring2][=C][C][=C][C][=C][Branch1][#Branch1][N][C][C][=C][Branch1][=N][C][=N][Ring1][#Branch1][C][=C][C][=C][Ring1][=Branch1][C][=C][C][=C][Ring1][=Branch2],True,38
0.8,154,"[1, 31, 31, 37, 26, 41, 37, 31, 14, 31, 19, 31, 25, 18, 31, 31, 18, 31, 16, 41, 14, 31, 16, 31, 16, 31, 16, 41, 16, 31, 16, 41, 25, 16, 31, 16, 41, 14, 39, 41, 26, 2]",[C][C][N][Branch2][Ring1][N][C][=Branch1][C][=O][C][Branch1][=N][C][C][=N][C][=C][Ring1][=Branch1][C][=C][C][=C][C][=C][Ring1][=C][C][=C][Ring1][Branch1][=C][C][=C][Ring1][=Branch1][O][Ring1][Branch2],True,40
0.8,155,"[1, 31, 31, 25, 31, 31, 37, 31, 14, 31, 19, 31, 16, 31, 16, 26, 41, 4, 31, 14, 31, 19, 31, 16, 31, 31, 25, 31, 33, 18, 31, 16, 31, 14, 31, 16, 41, 15, 31, 16, 42, 41, 15, 2]",[C][C][Branch1][C][C][N][C][=Branch1][C][=O][C][=C][C][=C][Branch2][Ring1][#Branch1][C][=Branch1][C][=O][C][=C][C][C][Branch1][C][F][=N][C][=C][C][=Branch1][C][=C][Ring1][=Branch2][C][=C][Ring2][Ring1][=Branch2],True,42
0.8,156,"[1, 31, 31, 31, 37, 31, 31, 37, 26, 42, 14, 31, 19, 37, 31, 16, 31, 31, 16, 41, 44, 31, 16, 31, 16, 31, 16, 41, 14, 37, 16, 31, 31, 16, 31, 16, 31, 16, 31, 16, 41, 14, 31, 31, 16, 31, 41, 14, 2]",[C][C][C][N][C][C][N][Branch2][Ring2][=Branch1][C][=O][N][C][=C][C][C][=C][Ring1][S][C][=C][C][=C][C][=C][Ring1][=Branch1][N][=C][C][C][=C][C][=C][C][=C][C][=C][Ring1][=Branch1][C][C][=C][C][Ring1][=Branch1],True,47
0.8,157,"[1, 31, 31, 14, 31, 19, 31, 31, 16, 31, 16, 31, 16, 41, 14, 31, 16, 31, 16, 31, 16, 41, 6, 31, 16, 31, 18, 41, 14, 39, 31, 16, 41, 4, 2]",[C][C][=Branch1][C][=O][C][C][=C][C][=C][C][=C][Ring1][=Branch1][C][=C][C][=C][C][=C][Ring1][#C][C][=C][C][=N][Ring1][=Branch1][O][C][=C][Ring1][#Branch1],True,33
0.8,158,"[1, 31, 31, 18, 31, 16, 31, 18, 37, 16, 25, 15, 31, 31, 16, 31, 18, 31, 16, 41, 14, 31, 19, 44, 41, 16, 41, 14, 31, 37, 31, 31, 16, 25, 31, 31, 14, 31, 19, 31, 31, 25, 31, 16, 41, 14, 2]",[C][C][=N][C][=C][C][=N][N][=C][Branch1][=Branch2][C][C][=C][C][=N][C][=C][Ring1][=Branch1][C][=O][S][Ring1][=C][Ring1][=Branch1][C][N][C][C][=C][Branch1][C][C][=Branch1][C][=O][C][C][Branch1][C][=C][Ring1][=Branch1],True,45
0.8,159,"[1, 31, 31, 16, 31, 25, 5, 31, 31, 39, 31, 16, 31, 16, 31, 16, 41, 14, 31, 19, 31, 16, 31, 26, 31, 18, 41, 5, 37, 31, 16, 31, 16, 31, 31, 16, 41, 14, 31, 16, 31, 16, 42, 41, 14, 18, 41, 14, 2]",[C][C][=C][C][Branch1][#Branch2][C][C][O][C][=C][C][=C][C][=C][Ring1][=Branch1][C][=O][C][=C][C][Branch2][C][=N][Ring1][#Branch2][N][C][=C][C][=C][C][C][=C][Ring1][=Branch1][C][=C][C][=C][Ring2][Ring1][=Branch1][=N][Ring1][=Branch1],True,47
0.8,160,"[1, 31, 31, 31, 25, 31, 31, 31, 31, 14, 31, 19, 31, 31, 31, 25, 37, 31, 31, 14, 31, 19, 31, 41, 14, 31, 19, 37, 26, 41, 44, 14, 31, 19, 31, 16, 31, 16, 41, 4, 16, 31, 16, 31, 16, 31, 16, 41, 14, 31, 16, 42, 41, 14, 2]",[C][C][C][Branch1][C][C][C][C][=Branch1][C][=O][C][C][C][Branch1][N][C][C][=Branch1][C][=O][C][Ring1][=Branch1][C][=O][N][Branch2][Ring1][S][=Branch1][C][=O][C][=C][C][=C][Ring1][#Branch1][=C][C][=C][C][=C][C][=C][Ring1][=Branch1][C][=C][Ring2][Ring1][=Branch1],True,53
0.8,161,"[1, 39, 16, 25, 5, 39, 31, 37, 31, 31, 31, 16, 31, 16, 31, 16, 31, 16, 31, 16, 41, 14, 31, 16, 31, 16, 41, 39, 41, 14, 2]",[O][=C][Branch1][#Branch2][O][C][N][C][C][C][=C][C][=C][C][=C][C][=C][C][=C][Ring1][=Branch1][C][=C][C][=C][Ring1][O][Ring1][=Branch1],True,29
0.8,162,"[1, 31, 39, 31, 18, 31, 16, 31, 16, 26, 42, 25, 31, 14, 31, 19, 39, 31, 31, 16, 25, 31, 31, 33, 16, 41, 4, 16, 31, 14, 31, 19, 37, 16, 31, 16, 31, 16, 41, 39, 31, 16, 41, 6, 31, 16, 42, 41, 4, 31, 25, 31, 31, 14, 2]",[C][O][C][=N][C][=C][C][=C][Branch2][Ring2][Branch1][C][=Branch1][C][=O][O][C][C][=C][Branch1][C][C][F][=C][Ring1][#Branch1][=C][C][=Branch1][C][=O][N][=C][C][=C][C][=C][Ring1][O][C][=C][Ring1][#C][C][=C][Ring2][Ring1][#Branch1][C][Branch1][C][C][=Branch1],True,53
0.8,163,"[1, 31, 39, 31, 16, 25, 4, 31, 31, 16, 31, 18, 31, 25, 16, 31, 25, 31, 39, 31, 25, 31, 31, 37, 31, 37, 25, 31, 31, 31, 31, 31, 41, 4, 31, 18, 37, 25, 31, 39, 31, 31, 31, 42, 41, 4, 18, 37, 16, 42, 41, 39, 2]",[C][O][C][=C][Branch1][#Branch1][C][C][=C][C][=N][C][Branch1][=C][C][Branch1][C][O][C][Branch1][C][C][N][C][N][Branch1][C][C][C][C][C][Ring1][#Branch1][C][=N][N][Branch1][C][O][C][C][C][Ring2][Ring1][#Branch1][=N][N][=C][Ring2][Ring1][O],True,51
0.8,164,"[1, 31, 31, 25, 31, 31, 31, 14, 31, 19, 31, 16, 37, 25, 14, 31, 19, 31, 16, 31, 16, 26, 41, 39, 31, 16, 31, 16, 31, 16, 37, 25, 31, 16, 41, 37, 31, 37, 25, 31, 39, 31, 31, 31, 31, 42, 41, 40, 42, 41, 25, 31, 31, 31, 41, 39, 2]",[C][C][Branch1][C][C][C][=Branch1][C][=O][C][=C][N][Branch1][=Branch1][C][=O][C][=C][C][=C][Branch2][Ring1][O][C][=C][C][=C][C][=C][N][Branch1][C][=C][Ring1][N][C][N][Branch1][C][O][C][C][C][C][Ring2][Ring1][P][Ring2][Ring1][Branch1][C][C][C][Ring1][O],True,55
0.8,165,"[1, 31, 31, 16, 25, 37, 31, 31, 31, 16, 31, 26, 41, 26, 31, 14, 31, 19, 37, 31, 14, 31, 19, 37, 31, 31, 31, 31, 31, 25, 41, 31, 41, 41, 31, 31, 31, 41, 31, 25, 31, 16, 31, 16, 31, 16, 31, 16, 41, 14, 31, 16, 41, 14, 2]",[C][C][=C][Branch1][N][C][C][C][=C][C][Branch2][Ring1][Branch2][C][=Branch1][C][=O][N][C][=Branch1][C][=O][N][C][C][C][C][C][Branch1][Ring1][C][Ring1][Ring1][C][C][C][Ring1][C][Branch1][C][=C][C][=C][C][=C][C][=C][Ring1][=Branch1][C][=C][Ring1][=Branch1],True,53
0.8,166,"[1, 31, 39, 31, 14, 31, 19, 37, 31, 25, 31, 37, 31, 31, 31, 31, 31, 41, 15, 31, 16, 31, 16, 31, 16, 31, 16, 31, 16, 41, 14, 31, 16, 25, 31, 33, 41, 14, 31, 41, 14, 2]",[C][O][C][=Branch1][C][=O][N][C][Branch1][C][N][C][C][C][C][C][Ring1][=Branch2][C][=C][C][=C][C][=C][C][=C][C][=C][Ring1][=Branch1][C][=C][Branch1][C][F][Ring1][=Branch1][C][Ring1][=Branch1],True,40
0.8,167,"[1, 37, 31, 25, 31, 31, 31, 37, 31, 41, 25, 31, 39, 31, 16, 31, 16, 41, 18, 31, 16, 31, 18, 31, 41, 4, 2]",[N][C][Branch1][C][C][C][N][C][Ring1][Branch1][C][O][C][=C][C][=C][Ring1][=N][C][=C][C][=N][C][Ring1][#Branch1],True,25
0.8,168,"[1, 31, 31, 18, 31, 16, 26, 41, 26, 31, 16, 31, 16, 31, 16, 25, 15, 31, 16, 37, 31, 31, 16, 41, 14, 37, 31, 16, 41, 5, 31, 31, 16, 42, 41, 5, 2]",[C][C][=N][C][=C][Branch2][Ring1][Branch2][C][=C][C][=C][C][=C][Branch1][=Branch2][C][=C][N][C][C][=C][Ring1][=Branch1][N][C][=C][Ring1][#Branch2][C][C][=C][Ring2][Ring1][#Branch2],True,35
0.8,169,"[1, 31, 39, 31, 16, 31, 16, 26, 41, 44, 14, 31, 19, 37, 31, 16, 31, 16, 41, 40, 37, 31, 16, 31, 16, 25, 39, 31, 32, 16, 41, 39, 31, 25, 31, 33, 16, 42, 41, 6, 39, 31, 16, 42, 41, 4, 2]",[C][O][C][=C][C][=C][Branch2][Ring1][S][=Branch1][C][=O][N][C][=C][C][=C][Ring1][P][N][C][=C][C][=C][Branch1][O][C][Cl][=C][Ring1][O][C][Branch1][C][F][=C][Ring2][Ring1][#C][O][C][=C][Ring2][Ring1][#Branch1],True,45
0.8,170,"[1, 31, 31, 16, 31, 16, 26, 41, 31, 16, 31, 16, 25, 14, 31, 19, 37, 31, 31, 31, 31, 14, 31, 19, 37, 31, 31, 16, 25, 31, 32, 16, 42, 41, 41, 18, 31, 16, 31, 16, 42, 41, 14, 31, 31, 42, 41, 26, 37, 2]",[C][C][=C][C][=C][Branch2][Ring1][C][=C][C][=C][Branch1][=Branch1][C][=O][N][C][C][C][C][=Branch1][C][=O][N][C][C][=C][Branch1][C][Cl][=C][Ring2][Ring1][Ring1][=N][C][=C][C][=C][Ring2][Ring1][=Branch1][C][C][Ring2][Ring1][Branch2][N],True,48
0.8,171,"[1, 31, 31, 31, 16, 31, 16, 26, 42, 26, 42, 42, 37, 31, 31, 31, 31, 14, 31, 19, 37, 31, 14, 31, 19, 37, 41, 25, 31, 31, 31, 31, 31, 16, 31, 16, 31, 16, 25, 31, 16, 31, 16, 41, 4, 31, 16, 41, 14, 31, 41, 4, 2]",[C][C][C][=C][C][=C][Branch2][Ring2][Branch2][Ring2][Ring2][N][C][C][C][C][=Branch1][C][=O][N][C][=Branch1][C][=O][N][Ring1][Branch1][C][C][C][C][C][=C][C][=C][C][=C][Branch1][C][=C][C][=C][Ring1][#Branch1][C][=C][Ring1][=Branch1][C][Ring1][#Branch1],True,51
0.8,172,"[1, 31, 37, 31, 16, 31, 25, 41, 37, 31, 31, 31, 31, 16, 31, 16, 31, 26, 41, 4, 31, 16, 31, 16, 41, 14, 31, 19, 31, 16, 25, 31, 32, 16, 41, 4, 2]",[C][N][C][=C][C][Branch1][Ring1][N][C][C][C][C][=C][C][=C][C][Branch2][Ring1][#Branch1][C][=C][C][=C][Ring1][=Branch1][C][=O][C][=C][Branch1][C][Cl][=C][Ring1][#Branch1],True,35
0.8,173,"[1, 39, 16, 25, 15, 31, 16, 25, 31, 16, 31, 16, 41, 14, 39, 31, 16, 31, 16, 31, 16, 25, 31, 32, 25, 18, 41, 40, 31, 31, 31, 33, 31, 16, 41, 4, 37, 25, 31, 31, 14, 31, 19, 31, 41, 5, 2]",[O][=C][Branch1][=Branch2][C][=C][Branch1][C][=C][C][=C][Ring1][=Branch1][O][C][=C][C][=C][C][=C][Branch1][C][Cl][Branch1][=N][Ring1][P][C][C][C][F][C][=C][Ring1][#Branch1][N][Branch1][C][C][=Branch1][C][=O][C][Ring1][#Branch2],True,45
0.8,174,"[1, 31, 39, 31, 16, 31, 25, 37, 31, 31, 31, 31, 25, 31, 16, 25, 31, 14, 31, 19, 37, 31, 31, 16, 31, 16, 25, 41, 14, 31, 31, 19, 37, 31, 31, 25, 31, 31, 41, 37, 25, 31, 31, 31, 31, 33, 16, 42, 41, 14, 31, 31, 42, 41, 39, 2]",[C][O][C][=C][C][Branch1][N][C][C][C][C][Branch1][C][=C][Branch1][C][=Branch1][C][=O][N][C][C][=C][C][=C][Branch1][Ring1][=Branch1][C][C][=O][N][C][C][Branch1][C][C][Ring1][N][Branch1][C][C][C][C][F][=C][Ring2][Ring1][=Branch1][C][C][Ring2][Ring1][O],True,54
0.8,175,"[1, 31, 31, 31, 31, 31, 16, 31, 16, 26, 41, 15, 31, 25, 31, 16, 31, 16, 41, 14, 2]",[C][C][C][C][C][=C][C][=C][Branch2][Ring1][=Branch2][C][Branch1][C][=C][C][=C][Ring1][=Branch1],True,19
0.8,176,"[1, 31, 31, 16, 31, 14, 31, 19, 39, 31, 25, 6, 31, 31, 16, 31, 16, 31, 16, 41, 16, 31, 16, 31, 16, 41, 14, 37, 26, 41, 14, 31, 19, 37, 31, 31, 16, 31, 16, 41, 4, 2]",[C][C][=C][C][=Branch1][C][=O][O][C][Branch1][#C][C][C][=C][C][=C][C][=C][Ring1][=C][C][=C][C][=C][Ring1][=Branch1][N][Branch2][Ring1][=Branch1][C][=O][N][C][C][=C][C][=C][Ring1][#Branch1],True,40
0.8,177,"[1, 31, 31, 37, 31, 14, 31, 19, 31, 16, 31, 25, 16, 31, 16, 31, 16, 41, 4, 16, 31, 16, 31, 16, 41, 4, 31, 16, 31, 16, 41, 41, 41, 4, 31, 37, 31, 31, 31, 31, 16, 31, 41, 14, 2]",[C][C][N][C][=Branch1][C][=O][C][=C][C][Branch1][=C][C][=C][C][=C][Ring1][#Branch1][=C][C][=C][C][=C][Ring1][#Branch1][C][=C][C][=C][Ring1][Ring1][Ring1][#Branch1][C][N][C][C][C][C][=C][C][Ring1][=Branch1],True,43
0.8,178,"[1, 39, 16, 26, 41, 44, 31, 16, 31, 25, 31, 16, 31, 16, 41, 14, 37, 31, 25, 15, 31, 33, 31, 31, 31, 41, 14, 31, 19, 31, 31, 31, 41, 14, 2]",[O][=C][Branch2][Ring1][S][C][=C][C][Branch1][C][=C][C][=C][Ring1][=Branch1][N][C][Branch1][=Branch2][C][F][C][C][C][Ring1][=Branch1][C][=O][C][C][C][Ring1][=Branch1],True,33
0.8,179,"[1, 31, 39, 31, 16, 31, 16, 31, 16, 31, 16, 26, 41, 39, 31, 16, 31, 16, 31, 37, 37, 16, 41, 25, 41, 39, 31, 39, 31, 16, 31, 33, 16, 42, 41, 39, 31, 14, 31, 31, 42, 41, 16, 42, 41, 37, 31, 37, 31, 25, 31, 18, 2]",[C][O][C][=C][C][=C][C][=C][C][=C][Branch2][Ring1][O][C][=C][C][=C][C][N][N][=C][Ring1][Branch1][Ring1][O][C][O][C][=C][C][F][=C][Ring2][Ring1][O][C][=Branch1][C][C][Ring2][Ring1][=C][Ring2][Ring1][N][C][N][C][Branch1][C][=N],True,51
0.8,180,"[1, 31, 31, 39, 31, 25, 31, 31, 31, 31, 16, 31, 16, 41, 14, 31, 19, 37, 26, 41, 26, 31, 16, 31, 16, 31, 16, 31, 16, 25, 31, 16, 31, 16, 31, 16, 41, 4, 16, 31, 25, 31, 16, 41, 16, 42, 41, 14, 31, 41, 40, 18, 37, 31, 31, 31, 42, 41, 14, 2]",[C][C][O][C][Branch1][C][C][C][C][=C][C][=C][Ring1][=Branch1][C][=O][N][Branch2][Ring1][Branch2][C][=C][C][=C][C][=C][C][=C][Branch1][C][=C][C][=C][C][=C][Ring1][#Branch1][=C][C][Branch1][C][=C][Ring1][=C][Ring2][Ring1][=Branch1][C][Ring1][P][=N][N][C][C][C][Ring2][Ring1][=Branch1],True,58
0.8,181,"[1, 39, 16, 26, 41, 25, 37, 31, 37, 31, 16, 25, 39, 31, 16, 31, 16, 25, 39, 16, 31, 16, 41, 5, 39, 31, 16, 31, 16, 41, 40, 39, 31, 31, 16, 31, 16, 31, 16, 31, 16, 41, 14, 31, 16, 25, 44, 41, 14, 31, 33, 14, 39, 31, 19, 14, 31, 19, 31, 16, 2]",[O][=C][Branch2][Ring1][Branch1][N][C][N][C][=C][Branch1][O][C][=C][C][=C][Branch1][O][=C][C][=C][Ring1][#Branch2][O][C][=C][C][=C][Ring1][P][O][C][C][=C][C][=C][C][=C][C][=C][Ring1][=Branch1][C][=C][Branch1][S][Ring1][=Branch1][C][F][=Branch1][O][C][=O][=Branch1][C][=O][C][=C],True,59
0.8,182,"[1, 31, 37, 31, 16, 25, 6, 31, 31, 16, 31, 16, 41, 14, 39, 31, 25, 31, 33, 31, 19, 37, 31, 31, 16, 31, 16, 31, 16, 41, 6, 31, 16, 42, 41, 14, 31, 31, 31, 16, 31, 42, 41, 14, 2]",[C][N][C][=C][Branch1][#C][C][C][=C][C][=C][Ring1][=Branch1][O][C][Branch1][C][F][C][=O][N][C][C][=C][C][=C][C][=C][Ring1][#C][C][=C][Ring2][Ring1][=Branch1][C][C][C][=C][C][Ring2][Ring1][=Branch1],True,43
0.8,183,"[1, 31, 39, 31, 16, 31, 16, 26, 42, 14, 31, 19, 31, 16, 26, 41, 25, 31, 31, 39, 37, 31, 14, 31, 19, 37, 31, 31, 31, 41, 31, 25, 31, 16, 42, 41, 39, 31, 16, 31, 16, 31, 25, 31, 32, 16, 31, 14, 31, 25, 31, 37, 31, 16, 42, 41, 4, 37, 25, 31, 31, 42, 42, 41, 44, 2]",[C][O][C][=C][C][=C][Branch2][Ring2][=Branch1][C][=O][C][=C][Branch2][Ring1][Branch1][C][C][O][N][C][=Branch1][C][=O][N][C][C][C][Ring1][C][Branch1][C][=C][Ring2][Ring1][O][C][=C][C][=C][C][Branch1][C][Cl][=C][C][=Branch1][C][Branch1][C][N][C][=C][Ring2][Ring1][#Branch1][N][Branch1][C][C][Ring2][Ring2][Ring1][S],True,64
0.8,184,"[1, 39, 16, 25, 37, 31, 16, 31, 16, 31, 16, 41, 25, 31, 33, 37, 31, 16, 25, 31, 33, 16, 41, 4, 2]",[O][=C][Branch1][N][C][=C][C][=C][C][=C][Ring1][Branch1][C][F][N][C][=C][Branch1][C][F][=C][Ring1][#Branch1],True,23
0.8,185,"[1, 31, 31, 25, 31, 31, 31, 39, 31, 14, 31, 19, 37, 26, 41, 5, 37, 31, 31, 31, 31, 31, 31, 16, 25, 14, 31, 19, 37, 31, 31, 16, 31, 16, 25, 14, 31, 19, 37, 31, 31, 16, 41, 14, 31, 19, 31, 33, 31, 31, 16, 25, 31, 16, 31, 41, 4, 31, 31, 41, 14, 2]",[C][C][Branch1][C][C][C][O][C][=Branch1][C][=O][N][Branch2][Ring1][#Branch2][N][C][C][C][C][C][C][=C][Branch1][=Branch1][C][=O][N][C][C][=C][C][=C][Branch1][=Branch1][C][=O][N][C][C][=C][Ring1][=Branch1][C][=O][C][F][C][C][=C][Branch1][C][=C][C][Ring1][#Branch1][C][C][Ring1][=Branch1],True,60
0.8,186,"[1, 39, 31, 26, 41, 31, 39, 16, 31, 16, 41, 4, 31, 25, 4, 31, 18, 31, 31, 25, 31, 33, 16, 31, 16, 41, 4, 37, 16, 42, 41, 31, 16, 37, 31, 16, 42, 41, 15, 31, 16, 31, 14, 2]",[O][C][Branch2][Ring1][C][O][=C][C][=C][Ring1][#Branch1][C][Branch1][#Branch1][C][=N][C][C][Branch1][C][F][=C][C][=C][Ring1][#Branch1][N][=C][Ring2][Ring1][C][=C][N][C][=C][Ring2][Ring1][=Branch2][C][=C][C][=Branch1],True,42
0.8,187,"[1, 31, 31, 16, 31, 16, 26, 41, 25, 39, 31, 39, 31, 16, 31, 18, 31, 16, 25, 41, 37, 16, 25, 31, 32, 16, 41, 6, 31, 33, 37, 31, 14, 37, 31, 25, 31, 25, 31, 31, 19, 31, 41, 18, 42, 41, 39, 31, 42, 41, 2]",[C][C][=C][C][=C][Branch2][Ring1][Branch1][O][C][O][C][=C][C][=N][C][=C][Branch1][Ring1][N][=C][Branch1][C][Cl][=C][Ring1][#C][C][F][N][C][=Branch1][N][C][Branch1][C][Branch1][C][C][=O][C][Ring1][=N][Ring2][Ring1][O][C][Ring2][Ring1],True,49
0.8,188,"[1, 31, 39, 31, 16, 31, 16, 26, 41, 18, 31, 16, 25, 37, 31, 14, 31, 19, 37, 31, 31, 16, 25, 31, 32, 16, 41, 14, 31, 16, 42, 41, 25, 31, 16, 31, 33, 31, 16, 41, 4, 18, 42, 41, 40, 31, 16, 42, 41, 40, 31, 25, 31, 16, 25, 31, 16, 42, 41, 25, 2]",[C][O][C][=C][C][=C][Branch2][Ring1][=N][C][=C][Branch1][N][C][=Branch1][C][=O][N][C][C][=C][Branch1][C][Cl][=C][Ring1][=Branch1][C][=C][Ring2][Ring1][Branch1][C][=C][C][F][C][=C][Ring1][#Branch1][=N][Ring2][Ring1][P][C][=C][Ring2][Ring1][P][C][Branch1][C][=C][Branch1][C][=C][Ring2][Ring1][Branch1],True,59
0.8,189,"[1, 31, 31, 16, 31, 16, 26, 42, 16, 31, 18, 37, 31, 16, 31, 16, 31, 16, 25, 31, 33, 31, 25, 39, 37, 31, 31, 31, 31, 31, 18, 31, 16, 41, 14, 16, 41, 4, 32, 31, 19, 37, 31, 41, 4, 2]",[C][C][=C][C][=C][Branch2][Ring2][=C][C][=N][N][C][=C][C][=C][C][=C][Branch1][C][F][C][Branch1][O][N][C][C][C][C][C][=N][C][=C][Ring1][=Branch1][=C][Ring1][#Branch1][Cl][C][=O][N][C][Ring1][#Branch1],True,44
0.8,190,"[1, 31, 31, 16, 31, 16, 26, 41, 31, 16, 31, 16, 31, 16, 41, 4, 39, 31, 16, 31, 16, 31, 25, 41, 14, 31, 14, 31, 19, 37, 37, 31, 31, 31, 16, 31, 31, 37, 25, 31, 31, 25, 31, 31, 41, 14, 2]",[C][C][=C][C][=C][Branch2][Ring1][C][=C][C][=C][C][=C][Ring1][#Branch1][O][C][=C][C][=C][C][Branch1][Ring1][=Branch1][C][=Branch1][C][=O][N][N][C][C][C][=C][C][C][N][Branch1][C][C][Branch1][C][C][Ring1][=Branch1],True,45
0.8,191,"[1, 37, 16, 25, 31, 31, 16, 31, 16, 41, 14, 31, 19, 39, 31, 31, 16, 31, 16, 31, 16, 31, 16, 41, 15, 31, 16, 31, 16, 41, 14, 37, 31, 31, 16, 42, 41, 14, 2]",[N][=C][Branch1][C][C][=C][C][=C][Ring1][=Branch1][C][=O][O][C][C][=C][C][=C][C][=C][C][=C][Ring1][=Branch2][C][=C][C][=C][Ring1][=Branch1][N][C][C][=C][Ring2][Ring1][=Branch1],True,37
0.8,192,"[1, 31, 31, 18, 31, 16, 25, 31, 31, 16, 26, 42, 42, 14, 31, 37, 31, 14, 31, 19, 37, 31, 31, 16, 25, 31, 37, 31, 31, 37, 26, 41, 39, 31, 31, 31, 16, 31, 18, 31, 16, 25, 4, 16, 31, 31, 31, 16, 41, 14, 41, 14, 2]",[C][C][=N][C][=C][Branch1][C][C][=C][Branch2][Ring2][Ring2][=Branch1][C][N][C][=Branch1][C][=O][N][C][C][=C][Branch1][C][N][C][C][N][Branch2][Ring1][O][C][C][C][=C][C][=N][C][=C][Branch1][#Branch1][=C][C][C][C][=C][Ring1][=Branch1][Ring1][=Branch1],True,51
0.8,193,"[1, 31, 31, 39, 31, 16, 31, 25, 31, 39, 31, 16, 25, 31, 37, 31, 16, 31, 16, 31, 16, 41, 4, 16, 41, 14, 31, 16, 42, 41, 37, 31, 31, 16, 31, 25, 31, 39, 37, 31, 37, 25, 31, 31, 31, 31, 31, 41, 4, 37, 42, 41, 41, 5, 2]",[C][C][O][C][=C][C][Branch1][C][O][C][=C][Branch1][C][N][C][=C][C][=C][C][=C][Ring1][#Branch1][=C][Ring1][=Branch1][C][=C][Ring2][Ring1][N][C][C][=C][C][Branch1][C][O][N][C][N][Branch1][C][C][C][C][C][Ring1][#Branch1][N][Ring2][Ring1][Ring1][#Branch2],True,53
0.8,194,"[1, 31, 31, 25, 31, 31, 31, 25, 31, 39, 31, 16, 31, 16, 31, 16, 41, 14, 31, 19, 37, 25, 31, 16, 31, 14, 31, 19, 31, 16, 41, 41, 41, 31, 2]",[C][C][Branch1][C][C][C][Branch1][C][O][C][=C][C][=C][C][=C][Ring1][=Branch1][C][=O][N][Branch1][C][=C][C][=Branch1][C][=O][C][=C][Ring1][Ring1][Ring1][C],True,33
0.8,195,"[1, 37, 44, 4, 31, 19, 31, 25, 31, 31, 16, 31, 16, 31, 16, 41, 14, 31, 16, 41, 14, 16, 37, 41, 4, 2]",[N][S][#Branch1][C][=O][C][Branch1][C][C][=C][C][=C][C][=C][Ring1][=Branch1][C][=C][Ring1][=Branch1][=C][N][Ring1][#Branch1],True,24
0.8,196,"[1, 31, 37, 31, 16, 26, 42, 39, 31, 18, 31, 16, 31, 16, 25, 41, 14, 39, 31, 19, 31, 37, 31, 16, 31, 16, 41, 25, 31, 32, 31, 25, 18, 41, 41, 5, 42, 41, 18, 42, 31, 31, 31, 16, 25, 31, 16, 42, 41, 5, 31, 18, 31, 16, 31, 39, 31, 25, 31, 42, 41, 5, 2]",[C][N][C][=C][Branch2][Ring2][O][C][=N][C][=C][C][=C][Branch1][Ring1][=Branch1][O][C][=O][C][N][C][=C][C][=C][Ring1][Branch1][C][Cl][C][Branch1][=N][Ring1][Ring1][#Branch2][Ring2][Ring1][=N][Ring2][C][C][C][=C][Branch1][C][=C][Ring2][Ring1][#Branch2][C][=N][C][=C][C][O][C][Branch1][C][Ring2][Ring1][#Branch2],True,61
0.8,197,"[1, 31, 31, 16, 31, 16, 26, 41, 39, 31, 16, 31, 16, 25, 37, 16, 25, 31, 31, 32, 25, 31, 33, 16, 41, 41, 26, 31, 14, 31, 19, 31, 37, 31, 31, 31, 25, 37, 37, 31, 31, 31, 31, 41, 14, 31, 19, 19, 31, 16, 42, 41, 18, 42, 41, 44, 31, 16, 42, 41, 40, 42, 41, 14, 2]",[C][C][=C][C][=C][Branch2][Ring1][O][C][=C][C][=C][Branch1][N][=C][Branch1][C][C][Cl][Branch1][C][F][=C][Ring1][Ring1][Branch2][C][=Branch1][C][=O][C][N][C][C][C][Branch1][N][N][C][C][C][C][Ring1][=Branch1][C][=O][=O][C][=C][Ring2][Ring1][=N][Ring2][Ring1][S][C][=C][Ring2][Ring1][P][Ring2][Ring1][=Branch1],True,63
0.8,198,"[1, 31, 39, 31, 14, 31, 19, 37, 31, 16, 31, 16, 25, 15, 31, 16, 31, 16, 41, 14, 31, 16, 41, 14, 31, 19, 39, 31, 16, 31, 16, 37, 31, 16, 31, 16, 41, 14, 31, 16, 42, 41, 16, 31, 16, 31, 25, 31, 33, 31, 16, 41, 14, 31, 16, 42, 41, 4, 2]",[C][O][C][=Branch1][C][=O][N][C][=C][C][=C][Branch1][=Branch2][C][=C][C][=C][Ring1][=Branch1][C][=C][Ring1][=Branch1][C][=O][O][C][=C][C][=C][N][C][=C][C][=C][Ring1][=Branch1][C][=C][Ring2][Ring1][=C][C][=C][C][Branch1][C][F][C][=C][Ring1][=Branch1][C][=C][Ring2][Ring1][#Branch1],True,57
0.8,199,"[1, 31, 31, 16, 31, 16, 31, 16, 25, 37, 31, 14, 31, 19, 37, 31, 16, 31, 16, 41, 14, 31, 31, 31, 31, 31, 41, 15, 2]",[C][C][=C][C][=C][C][=C][Branch1][N][C][=Branch1][C][=O][N][C][=C][C][=C][Ring1][=Branch1][C][C][C][C][C][Ring1][=Branch2],True,27
0.8,200,"[1, 31, 39, 31, 16, 31, 25, 31, 31, 16, 31, 31, 16, 31, 16, 41, 14, 31, 19, 31, 16, 31, 16, 41, 5, 2]",[C][O][C][=C][C][Branch1][C][C][=C][C][C][=C][C][=C][Ring1][=Branch1][C][=O][C][=C][C][=C][Ring1][#Branch2],True,24
0.8,201,"[1, 31, 37, 31, 16, 31, 16, 31, 16, 41, 14, 31, 19, 37, 31, 31, 31, 31, 31, 16, 41, 14, 31, 31, 25, 31, 33, 31, 31, 31, 16, 31, 16, 41, 4, 2]",[C][N][C][=C][C][=C][C][=C][Ring1][=Branch1][C][=O][N][C][C][C][C][C][=C][Ring1][=Branch1][C][C][Branch1][C][F][C][C][C][=C][C][=C][Ring1][#Branch1],True,34
0.8,202,"[1, 39, 16, 26, 41, 42, 26, 37, 31, 16, 31, 16, 31, 16, 25, 15, 31, 16, 31, 16, 31, 16, 41, 25, 44, 25, 31, 39, 31, 39, 31, 31, 41, 14, 31, 19, 31, 31, 16, 31, 16, 41, 16, 31, 16, 31, 16, 41, 16, 42, 41, 14, 39, 2]",[O][=C][Branch2][Ring1][Ring2][Branch2][N][C][=C][C][=C][C][=C][Branch1][=Branch2][C][=C][C][=C][C][=C][Ring1][Branch1][S][Branch1][C][O][C][O][C][C][Ring1][=Branch1][C][=O][C][C][=C][C][=C][Ring1][=C][C][=C][C][=C][Ring1][=C][Ring2][Ring1][=Branch1][O],True,52
0.8,203,"[1, 31, 31, 16, 31, 16, 25, 31, 32, 31, 16, 25, 41, 18, 37, 31, 18, 31, 16, 31, 16, 37, 41, 14, 31, 19, 31, 16, 31, 41, 14, 2]",[C][C][=C][C][=C][Branch1][C][Cl][C][=C][Branch1][Ring1][=N][N][C][=N][C][=C][C][=C][N][Ring1][=Branch1][C][=O][C][=C][C][Ring1][=Branch1],True,30
0.8,204,"[1, 31, 31, 37, 31, 16, 26, 41, 42, 37, 31, 14, 31, 19, 37, 31, 31, 16, 25, 16, 31, 33, 31, 16, 31, 16, 41, 4, 16, 31, 16, 31, 41, 14, 31, 18, 37, 16, 31, 16, 42, 41, 14, 2]",[C][C][N][C][=C][Branch2][Ring1][Ring2][N][C][=Branch1][C][=O][N][C][C][=C][Branch1][=C][C][F][C][=C][C][=C][Ring1][#Branch1][=C][C][=C][C][Ring1][=Branch1][C][=N][N][=C][C][=C][Ring2][Ring1][=Branch1],True,42
0.8,205,"[1, 39, 16, 25, 31, 31, 31, 31, 31, 16, 31, 16, 41, 14, 31, 16, 25, 31, 16, 37, 16, 41, 14, 31, 39, 31, 31, 31, 31, 41, 14, 2]",[O][=C][Branch1][C][C][C][C][C][=C][C][=C][Ring1][=Branch1][C][=C][Branch1][C][=C][N][=C][Ring1][=Branch1][C][O][C][C][C][C][Ring1][=Branch1],True,30
0.8,206,"[1, 31, 31, 16, 31, 16, 31, 16, 31, 14, 31, 16, 41, 14, 37, 41, 5, 31, 16, 31, 16, 31, 16, 31, 16, 41, 14, 2]",[C][C][=C][C][=C][C][=C][C][=Branch1][C][=C][Ring1][=Branch1][N][Ring1][#Branch2][C][=C][C][=C][C][=C][C][=C][Ring1][=Branch1],True,26
0.8,207,"[1, 39, 16, 26, 31, 26, 41, 15, 31, 31, 16, 31, 16, 31, 16, 26, 41, 14, 31, 19, 31, 16, 31, 16, 31, 16, 41, 25, 39, 39, 31, 31, 31, 31, 41, 14, 39, 31, 25, 31, 41, 39, 31, 39, 39, 31, 31, 41, 31, 31, 25, 31, 31, 31, 25, 2]",[O][=C][Branch2][C][Branch2][Ring1][=Branch2][C][C][=C][C][=C][C][=C][Branch2][Ring1][=Branch1][C][=O][C][=C][C][=C][C][=C][Ring1][Branch1][O][O][C][C][C][C][Ring1][=Branch1][O][C][Branch1][C][Ring1][O][C][O][O][C][C][Ring1][C][C][Branch1][C][C][C][Branch1],True,54
0.8,208,"[1, 31, 31, 25, 31, 31, 31, 37, 31, 31, 25, 31, 31, 39, 31, 25, 31, 31, 37, 31, 16, 26, 41, 25, 39, 31, 16, 31, 16, 31, 16, 41, 16, 41, 37, 31, 31, 31, 37, 25, 31, 31, 31, 31, 31, 25, 31, 41, 14, 31, 31, 41, 44, 2]",[C][C][Branch1][C][C][C][N][C][C][Branch1][C][C][O][C][Branch1][C][C][N][C][=C][Branch2][Ring1][Branch1][O][C][=C][C][=C][C][=C][Ring1][=C][Ring1][N][C][C][C][N][Branch1][C][C][C][C][C][Branch1][C][Ring1][=Branch1][C][C][Ring1][S],True,52
0.8,209,"[1, 37, 31, 16, 31, 16, 31, 16, 41, 14, 16, 31, 16, 31, 14, 41, 4, 31, 19, 31, 16, 31, 16, 41, 41, 41, 31, 2]",[N][C][=C][C][=C][C][=C][Ring1][=Branch1][=C][C][=C][C][=Branch1][Ring1][#Branch1][C][=O][C][=C][C][=C][Ring1][Ring1][Ring1][C],True,26
0.8,210,"[1, 31, 31, 16, 31, 16, 26, 41, 37, 31, 14, 31, 19, 31, 31, 16, 25, 31, 16, 31, 16, 31, 16, 41, 14, 31, 19, 31, 16, 31, 16, 41, 18, 41, 15, 37, 31, 16, 31, 16, 25, 31, 16, 42, 41, 39, 39, 41, 40, 2]",[C][C][=C][C][=C][Branch2][Ring1][N][C][=Branch1][C][=O][C][C][=C][Branch1][C][=C][C][=C][C][=C][Ring1][=Branch1][C][=O][C][=C][C][=C][Ring1][=N][Ring1][=Branch2][N][C][=C][C][=C][Branch1][C][=C][Ring2][Ring1][O][O][Ring1][P],True,48
0.8,211,"[1, 31, 31, 16, 31, 16, 31, 16, 26, 41, 42, 18, 31, 37, 31, 16, 31, 25, 31, 31, 18, 31, 16, 25, 31, 39, 31, 18, 41, 14, 18, 2]",[C][C][=C][C][=C][C][=C][Branch2][Ring1][Ring2][=N][C][N][C][=C][C][Branch1][C][C][=N][C][=C][Branch1][C][O][C][=N][Ring1][=Branch1][=N],True,30
0.8,212,"[1, 39, 16, 31, 16, 26, 42, 5, 37, 31, 31, 37, 31, 31, 25, 31, 31, 31, 37, 37, 31, 31, 18, 31, 16, 25, 44, 41, 14, 31, 19, 31, 16, 31, 16, 31, 16, 31, 16, 41, 6, 2]",[O][=C][C][=C][Branch2][Ring2][#Branch2][N][C][C][N][C][C][Branch1][C][C][C][N][N][C][C][=N][C][=C][Branch1][S][Ring1][=Branch1][C][=O][C][=C][C][=C][C][=C][C][=C][Ring1][#C],True,40
0.8,213,"[1, 31, 31, 31, 31, 14, 31, 19, 31, 16, 31, 16, 41, 26, 31, 16, 31, 14, 31, 19, 39, 31, 25, 15, 37, 25, 31, 31, 31, 31, 31, 31, 16, 31, 16, 25, 31, 32, 31, 32, 16, 41, 4, 39, 31, 42, 41, 44, 2]",[C][C][C][C][=Branch1][C][=O][C][=C][C][=C][Ring1][Branch2][C][=C][C][=Branch1][C][=O][O][C][Branch1][=Branch2][N][Branch1][C][C][C][C][C][C][=C][C][=C][Branch1][C][Cl][C][Cl][=C][Ring1][#Branch1][O][C][Ring2][Ring1][S],True,47
0.8,214,"[1, 31, 31, 37, 31, 37, 31, 16, 31, 26, 41, 4, 37, 31, 16, 31, 16, 31, 16, 41, 4, 31, 41, 37, 16, 31, 16, 25, 44, 31, 16, 31, 16, 25, 31, 32, 18, 42, 41, 18, 2]",[C][C][N][C][N][C][=C][C][Branch2][Ring1][#Branch1][N][C][=C][C][=C][C][=C][Ring1][#Branch1][C][Ring1][N][=C][C][=C][Branch1][S][C][=C][C][=C][Branch1][C][Cl][=N][Ring2][Ring1][=N],True,39
0.8,215,"[1, 31, 31, 26, 41, 37, 31, 16, 31, 16, 25, 31, 32, 31, 16, 31, 16, 41, 14, 37, 31, 31, 25, 31, 16, 41, 44, 31, 16, 31, 16, 31, 16, 42, 41, 14, 2]",[C][C][Branch2][Ring1][N][C][=C][C][=C][Branch1][C][Cl][C][=C][C][=C][Ring1][=Branch1][N][C][C][Branch1][C][=C][Ring1][S][C][=C][C][=C][C][=C][Ring2][Ring1][=Branch1],True,35
0.8,216,"[1, 37, 31, 25, 31, 31, 31, 39, 31, 16, 25, 31, 14, 31, 19, 31, 31, 31, 41, 14, 31, 19, 31, 16, 31, 16, 31, 16, 31, 16, 31, 16, 41, 14, 39, 41, 14, 31, 31, 31, 16, 42, 41, 14, 31, 19, 2]",[N][C][Branch1][C][C][C][O][C][=C][Branch1][C][=Branch1][C][=O][C][C][C][Ring1][=Branch1][C][=O][C][=C][C][=C][C][=C][C][=C][C][=C][Ring1][=Branch1][O][Ring1][=Branch1][C][C][C][=C][Ring2][Ring1][=Branch1][C][=O],True,45
0.8,217,"[1, 31, 31, 18, 31, 16, 31, 25, 31, 31, 16, 25, 31, 31, 39, 31, 16, 41, 14, 16, 31, 25, 31, 33, 16, 31, 16, 41, 4, 42, 41, 5, 31, 31, 37, 41, 18, 2]",[C][C][=N][C][=C][C][Branch1][C][C][=C][Branch1][C][C][O][C][=C][Ring1][=Branch1][=C][C][Branch1][C][F][=C][C][=C][Ring1][#Branch1][Ring2][Ring1][#Branch2][C][C][N][Ring1][=N],True,36
0.8,218,"[1, 31, 31, 16, 31, 16, 31, 16, 31, 16, 25, 5, 37, 18, 31, 16, 31, 16, 41, 14, 31, 19, 37, 31, 31, 16, 31, 25, 31, 18, 31, 16, 31, 16, 41, 14, 2]",[C][C][=C][C][=C][C][=C][C][=C][Branch1][#Branch2][N][=N][C][=C][C][=C][Ring1][=Branch1][C][=O][N][C][C][=C][C][Branch1][C][=N][C][=C][C][=C][Ring1][=Branch1],True,35
0.8,219,"[1, 31, 31, 25, 31, 31, 31, 31, 16, 31, 18, 31, 16, 26, 41, 39, 31, 18, 31, 16, 31, 16, 41, 14, 31, 16, 25, 37, 31, 16, 37, 25, 31, 14, 31, 31, 19, 37, 31, 31, 41, 14, 31, 42, 41, 15, 2]",[C][C][Branch1][C][C][C][C][=C][C][=N][C][=C][Branch2][Ring1][O][C][=N][C][=C][C][=C][Ring1][=Branch1][C][=C][Branch1][N][C][=C][N][Branch1][C][=Branch1][C][C][=O][N][C][C][Ring1][=Branch1][C][Ring2][Ring1][=Branch2],True,45
0.8,220,"[1, 39, 16, 25, 31, 39, 31, 16, 31, 16, 31, 16, 31, 16, 25, 31, 32, 16, 41, 4, 31, 31, 31, 37, 31, 31, 31, 41, 5, 16, 31, 16, 41, 14, 2]",[O][=C][Branch1][C][O][C][=C][C][=C][C][=C][C][=C][Branch1][C][Cl][=C][Ring1][#Branch1][C][C][C][N][C][C][C][Ring1][#Branch2][=C][C][=C][Ring1][=Branch1],True,33
0.8,221,"[1, 31, 37, 31, 18, 31, 25, 31, 31, 33, 31, 31, 16, 26, 41, 44, 31, 16, 25, 31, 32, 31, 16, 31, 18, 41, 40, 16, 42, 41, 37, 33, 31, 16, 25, 31, 33, 18, 31, 31, 31, 25, 31, 19, 31, 25, 15, 31, 19, 16, 41, 15, 31, 31, 31, 31, 41, 4, 2]",[C][N][C][=N][C][Branch1][C][C][F][C][C][=C][Branch2][Ring1][S][C][=C][Branch1][C][Cl][C][=C][C][=N][Ring1][P][=C][Ring2][Ring1][N][F][C][=C][Branch1][C][F][=N][C][C][C][Branch1][C][=O][C][Branch1][=Branch2][C][=O][=C][Ring1][=Branch2][C][C][C][C][Ring1][#Branch1],True,57
0.8,222,"[1, 31, 31, 25, 31, 31, 31, 31, 26, 41, 26, 31, 14, 31, 19, 37, 31, 25, 31, 31, 16, 25, 31, 31, 16, 25, 31, 32, 31, 14, 31, 19, 31, 19, 31, 31, 16, 41, 40, 31, 16, 42, 41, 4, 37, 31, 16, 41, 4, 31, 31, 31, 41, 15, 31, 31, 31, 31, 31, 16, 42, 41, 14, 2]",[C][C][Branch1][C][C][C][C][Branch2][Ring1][Branch2][C][=Branch1][C][=O][N][C][Branch1][C][C][=C][Branch1][C][C][=C][Branch1][C][Cl][C][=Branch1][C][=O][C][=O][C][C][=C][Ring1][P][C][=C][Ring2][Ring1][#Branch1][N][C][=C][Ring1][#Branch1][C][C][C][Ring1][=Branch2][C][C][C][C][C][=C][Ring2][Ring1][=Branch1],True,62
0.8,223,"[1, 39, 16, 25, 31, 37, 31, 31, 31, 16, 31, 16, 41, 14, 37, 31, 16, 31, 16, 31, 16, 31, 16, 31, 16, 41, 14, 42, 41, 4, 31, 31, 37, 41, 39, 31, 16, 31, 16, 31, 16, 31, 18, 42, 41, 14, 2]",[O][=C][Branch1][C][N][C][C][C][=C][C][=C][Ring1][=Branch1][N][C][=C][C][=C][C][=C][C][=C][C][=C][Ring1][=Branch1][Ring2][Ring1][#Branch1][C][C][N][Ring1][O][C][=C][C][=C][C][=C][C][=N][Ring2][Ring1][=Branch1],True,45
0.8,224,"[1, 31, 31, 16, 31, 16, 26, 41, 4, 31, 14, 31, 19, 31, 16, 31, 16, 41, 14, 31, 19, 37, 31, 16, 31, 25, 31, 32, 31, 16, 31, 16, 41, 4, 31, 16, 31, 41, 4, 31, 16, 31, 16, 41, 14, 31, 19, 2]",[C][C][=C][C][=C][Branch2][Ring1][#Branch1][C][=Branch1][C][=O][C][=C][C][=C][Ring1][=Branch1][C][=O][N][C][=C][C][Branch1][C][Cl][C][=C][C][=C][Ring1][#Branch1][C][=C][C][Ring1][#Branch1][C][=C][C][=C][Ring1][=Branch1][C][=O],True,46
0.8,225,"[1, 31, 31, 16, 31, 18, 26, 41, 31, 16, 25, 6, 31, 18, 31, 18, 31, 16, 31, 16, 41, 14, 37, 41, 4, 37, 31, 31, 25, 31, 31, 31, 41, 6, 31, 41, 15, 2]",[C][C][=C][C][=N][Branch2][Ring1][C][=C][Branch1][#C][C][=N][C][=N][C][=C][C][=C][Ring1][=Branch1][N][Ring1][#Branch1][N][C][C][Branch1][C][C][C][Ring1][#C][C][Ring1][=Branch2],True,36
0.8,226,"[1, 31, 31, 37, 31, 14, 31, 19, 37, 44, 14, 31, 19, 14, 31, 19, 31, 16, 31, 16, 25, 31, 33, 16, 25, 31, 24, 16, 41, 4, 31, 16, 41, 15, 31, 16, 41, 4, 39, 31, 16, 31, 16, 41, 4, 2]",[C][C][N][C][=Branch1][C][=O][N][S][=Branch1][C][=O][=Branch1][C][=O][C][=C][C][=C][Branch1][C][F][=C][Branch1][C][Br][=C][Ring1][#Branch1][C][=C][Ring1][=Branch2][C][=C][Ring1][#Branch1][O][C][=C][C][=C][Ring1][#Branch1],True,44
0.8,227,"[1, 31, 31, 18, 31, 16, 31, 16, 25, 31, 18, 31, 16, 41, 14, 37, 16, 31, 18, 31, 16, 41, 26, 41, 41, 40, 16, 31, 31, 37, 31, 31, 16, 31, 16, 31, 16, 41, 6, 2]",[C][C][=N][C][=C][C][=C][Branch1][C][=N][C][=C][Ring1][=Branch1][N][=C][C][=N][C][=C][Ring1][Branch2][Ring1][Ring1][P][=C][C][C][N][C][C][=C][C][=C][C][=C][Ring1][#C],True,38
0.8,228,"[1, 39, 16, 25, 31, 31, 31, 25, 37, 31, 31, 31, 31, 31, 31, 41, 14, 31, 41, 37, 31, 31, 31, 31, 41, 6, 31, 16, 31, 16, 31, 16, 25, 15, 31, 16, 41, 40, 2]",[O][=C][Branch1][C][C][C][Branch1][N][C][C][C][C][C][C][Ring1][=Branch1][C][Ring1][N][C][C][C][C][Ring1][#C][C][=C][C][=C][C][=C][Branch1][=Branch2][C][=C][Ring1][P],True,37
0.8,229,"[1, 31, 31, 18, 31, 16, 41, 26, 31, 37, 31, 16, 25, 31, 16, 31, 14, 31, 19, 37, 31, 31, 16, 31, 16, 25, 31, 32, 16, 41, 4, 2]",[C][C][=N][C][=C][Ring1][Branch2][C][N][C][=C][Branch1][C][=C][C][=Branch1][C][=O][N][C][C][=C][C][=C][Branch1][C][Cl][=C][Ring1][#Branch1],True,30
0.8,230,"[1, 31, 31, 25, 31, 37, 31, 31, 18, 31, 14, 31, 19, 39, 31, 16, 31, 25, 5, 37, 31, 16, 31, 16, 41, 16, 31, 16, 31, 16, 31, 25, 31, 16, 41, 14, 31, 32, 31, 31, 41, 14, 16, 42, 41, 4, 2]",[C][C][Branch1][C][N][C][C][=N][C][=Branch1][C][=O][O][C][=C][C][Branch1][#Branch2][N][C][=C][C][=C][Ring1][=C][C][=C][C][=C][C][Branch1][C][=C][Ring1][=Branch1][C][Cl][C][C][Ring1][=Branch1][=C][Ring2][Ring1][#Branch1],True,45
0.8,231,"[1, 31, 37, 31, 16, 31, 16, 25, 18, 31, 16, 31, 16, 31, 16, 31, 16, 41, 6, 31, 16, 31, 16, 41, 14, 2]",[C][N][C][=C][C][=C][Branch1][=N][C][=C][C][=C][C][=C][C][=C][Ring1][#C][C][=C][C][=C][Ring1][=Branch1],True,24
0.8,232,"[1, 31, 39, 31, 16, 31, 16, 26, 41, 41, 31, 37, 31, 18, 31, 14, 31, 19, 37, 31, 31, 16, 31, 16, 31, 25, 31, 31, 39, 31, 18, 41, 14, 31, 41, 14, 31, 19, 2]",[C][O][C][=C][C][=C][Branch2][Ring1][Ring1][C][N][C][=N][C][=Branch1][C][=O][N][C][C][=C][C][=C][C][Branch1][C][C][O][C][=N][Ring1][=Branch1][C][Ring1][=Branch1][C][=O],True,37
0.8,233,"[1, 31, 31, 25, 31, 31, 31, 16, 31, 16, 31, 16, 25, 31, 32, 16, 41, 18, 31, 31, 16, 41, 4, 31, 31, 31, 37, 31, 31, 31, 25, 31, 31, 41, 14, 2]",[C][C][Branch1][C][C][C][=C][C][=C][C][=C][Branch1][C][Cl][=C][Ring1][=N][C][C][=C][Ring1][#Branch1][C][C][C][N][C][C][C][Branch1][C][C][Ring1][=Branch1],True,34
0.8,234,"[1, 37, 14, 31, 19, 31, 16, 31, 16, 25, 15, 31, 16, 31, 16, 41, 14, 31, 16, 31, 16, 31, 16, 41, 14, 31, 16, 41, 14, 31, 16, 31, 37, 41, 5, 2]",[N][=Branch1][C][=O][C][=C][C][=C][Branch1][=Branch2][C][=C][C][=C][Ring1][=Branch1][C][=C][C][=C][C][=C][Ring1][=Branch1][C][=C][Ring1][=Branch1][C][=C][C][N][Ring1][#Branch2],True,34
0.8,235,"[1, 31, 31, 16, 31, 16, 26, 41, 18, 31, 16, 31, 25, 31, 39, 37, 31, 31, 31, 31, 31, 41, 6, 31, 16, 31, 16, 31, 25, 31, 33, 16, 41, 5, 41, 18, 2]",[C][C][=C][C][=C][Branch2][Ring1][=N][C][=C][C][Branch1][C][O][N][C][C][C][C][C][Ring1][#C][C][=C][C][=C][C][Branch1][C][F][=C][Ring1][#Branch2][Ring1][=N],True,35
0.8,236,"[1, 31, 31, 25, 31, 31, 37, 31, 18, 31, 16, 31, 16, 31, 16, 41, 14, 31, 16, 31, 16, 31, 16, 41, 4, 41, 26, 41, 16, 31, 16, 41, 14, 2]",[C][C][Branch1][C][C][N][C][=N][C][=C][C][=C][C][=C][Ring1][=Branch1][C][=C][C][=C][C][=C][Ring1][#Branch1][Ring1][Branch2][Ring1][=C][C][=C][Ring1][=Branch1],True,32
0.8,237,"[1, 39, 16, 31, 16, 26, 41, 5, 31, 16, 31, 16, 41, 14, 31, 16, 31, 16, 41, 14, 37, 31, 16, 31, 16, 31, 16, 31, 16, 41, 5, 41, 14, 31, 16, 41, 16, 25, 39, 41, 26, 31, 16, 31, 16, 42, 41, 25, 37, 2]",[O][=C][C][=C][Branch2][Ring1][#Branch2][C][=C][C][=C][Ring1][=Branch1][C][=C][C][=C][Ring1][=Branch1][N][C][=C][C][=C][C][=C][C][=C][Ring1][#Branch2][Ring1][=Branch1][C][=C][Ring1][=C][Branch1][O][Ring1][Branch2][C][=C][C][=C][Ring2][Ring1][Branch1][N],True,48
0.8,238,"[1, 31, 31, 16, 31, 16, 26, 41, 26, 31, 31, 16, 31, 16, 31, 16, 41, 4, 31, 14, 31, 19, 31, 16, 31, 16, 41, 5, 16, 31, 16, 31, 14, 31, 16, 41, 15, 31, 16, 31, 14, 31, 14, 31, 19, 31, 31, 19, 37, 31, 31, 25, 31, 32, 31, 14, 37, 41, 41, 31, 31, 42, 41, 26, 2]",[C][C][=C][C][=C][Branch2][Ring1][Branch2][C][C][=C][C][=C][C][=C][Ring1][#Branch1][C][=Branch1][C][=O][C][=C][C][=C][Ring1][#Branch2][=C][C][=C][C][=Branch1][C][=C][Ring1][=Branch2][C][=C][C][=Branch1][C][=Branch1][C][=O][C][C][=O][N][C][C][Branch1][C][Cl][C][=Branch1][N][Ring1][Ring1][C][C][Ring2][Ring1][Branch2],True,63
0.8,239,"[1, 31, 31, 16, 31, 18, 31, 25, 6, 31, 14, 31, 19, 37, 25, 31, 31, 31, 41, 18, 37, 16, 31, 16, 31, 16, 41, 14, 2]",[C][C][=C][C][=N][C][Branch1][#C][C][=Branch1][C][=O][N][Branch1][C][C][C][Ring1][=N][N][=C][C][=C][C][=C][Ring1][=Branch1],True,27
0.8,240,"[1, 31, 31, 18, 31, 25, 31, 31, 16, 31, 18, 31, 16, 41, 14, 31, 16, 31, 16, 41, 14, 2]",[C][C][=N][C][Branch1][C][C][=C][C][=N][C][=C][Ring1][=Branch1][C][=C][C][=C][Ring1][=Branch1],True,20
0.8,241,"[1, 37, 25, 31, 31, 31, 16, 31, 16, 31, 16, 31, 16, 41, 14, 31, 16, 41, 14, 31, 19, 37, 31, 31, 31, 41, 41, 41, 42, 41, 2]",[N][Branch1][C][C][C][=C][C][=C][C][=C][C][=C][Ring1][=Branch1][C][=C][Ring1][=Branch1][C][=O][N][C][C][C][Ring1][Ring1][Ring1][Ring2][Ring1],True,29
0.8,242,"[1, 31, 31, 16, 37, 26, 41, 31, 16, 31, 16, 31, 16, 31, 16, 25, 39, 31, 16, 25, 31, 16, 41, 6, 18, 41, 18, 31, 37, 16, 42, 41, 31, 39, 31, 14, 31, 16, 42, 41, 40, 42, 41, 31, 42, 2]",[C][C][=C][N][Branch2][Ring1][C][=C][C][=C][C][=C][C][=C][Branch1][O][C][=C][Branch1][C][=C][Ring1][#C][=N][Ring1][=N][C][N][=C][Ring2][Ring1][C][O][C][=Branch1][C][=C][Ring2][Ring1][P][Ring2][Ring1][C][Ring2],True,44
0.8,243,"[1, 31, 31, 16, 31, 16, 25, 40, 37, 31, 16, 31, 16, 31, 16, 31, 16, 41, 14, 2]",[C][C][=C][C][=C][Branch1][P][N][C][=C][C][=C][C][=C][C][=C][Ring1][=Branch1],True,18
0.8,244,"[1, 31, 31, 16, 31, 25, 5, 31, 31, 31, 25, 31, 18, 31, 16, 31, 16, 41, 14, 31, 16, 37, 41, 14, 31, 19, 37, 37, 31, 31, 31, 31, 31, 31, 31, 31, 41, 14, 16, 2]",[C][C][=C][C][Branch1][#Branch2][C][C][C][Branch1][C][=N][C][=C][C][=C][Ring1][=Branch1][C][=C][N][Ring1][=Branch1][C][=O][N][N][C][C][C][C][C][C][C][C][Ring1][=Branch1][=C],True,38
0.8,245,"[1, 31, 31, 25, 31, 37, 31, 31, 31, 25, 44, 31, 31, 26, 41, 41, 15, 31, 16, 31, 16, 31, 16, 31, 16, 41, 14, 31, 16, 41, 14, 2]",[C][C][Branch1][C][N][C][C][C][Branch1][S][C][C][Branch2][Ring1][Ring1][=Branch2][C][=C][C][=C][C][=C][C][=C][Ring1][=Branch1][C][=C][Ring1][=Branch1],True,30
0.8,246,"[1, 31, 31, 16, 31, 16, 26, 41, 4, 37, 31, 31, 37, 31, 16, 31, 16, 31, 16, 31, 16, 31, 25, 41, 18, 31, 33, 25, 16, 41, 15, 31, 31, 25, 2]",[C][C][=C][C][=C][Branch2][Ring1][#Branch1][N][C][C][N][C][=C][C][=C][C][=C][C][=C][C][Branch1][Ring1][=N][C][F][Branch1][=C][Ring1][=Branch2][C][C][Branch1],True,33
0.8,247,"[1, 39, 16, 25, 39, 31, 39, 31, 16, 31, 16, 25, 15, 31, 16, 31, 16, 41, 4, 37, 16, 31, 16, 31, 16, 41, 14, 37, 31, 16, 42, 41, 41, 5, 2]",[O][=C][Branch1][O][C][O][C][=C][C][=C][Branch1][=Branch2][C][=C][C][=C][Ring1][#Branch1][N][=C][C][=C][C][=C][Ring1][=Branch1][N][C][=C][Ring2][Ring1][Ring1][#Branch2],True,33
0.8,248,"[1, 39, 16, 26, 41, 31, 16, 31, 16, 25, 37, 31, 16, 31, 16, 41, 26, 41, 31, 31, 31, 25, 31, 32, 31, 31, 41, 4, 39, 31, 31, 37, 31, 41, 14, 31, 31, 31, 31, 41, 14, 2]",[O][=C][Branch2][Ring1][C][=C][C][=C][Branch1][N][C][=C][C][=C][Ring1][Branch2][Ring1][C][C][C][Branch1][C][Cl][C][C][Ring1][#Branch1][O][C][C][N][C][Ring1][=Branch1][C][C][C][C][Ring1][=Branch1],True,40
0.8,249,"[1, 39, 31, 16, 31, 16, 41, 5, 37, 31, 31, 16, 31, 16, 31, 16, 31, 16, 41, 14, 31, 14, 31, 19, 2]",[O][C][=C][C][=C][Ring1][#Branch2][N][C][C][=C][C][=C][C][=C][C][=C][Ring1][=Branch1][C][=Branch1][C][=O],True,23
0.8,250,"[1, 31, 39, 31, 16, 31, 25, 31, 31, 31, 37, 31, 31, 16, 31, 18, 25, 14, 31, 19, 39, 37, 31, 25, 18, 37, 16, 31, 16, 31, 25, 31, 33, 16, 41, 14, 31, 31, 25, 31, 19, 16, 41, 4, 31, 16, 42, 41, 15, 2]",[C][O][C][=C][C][Branch1][C][C][C][N][C][C][=C][C][=N][Branch1][=Branch1][C][=O][O][N][C][Branch1][=N][N][=C][C][=C][C][Branch1][C][F][=C][Ring1][=Branch1][C][C][Branch1][C][=O][=C][Ring1][#Branch1][C][=C][Ring2][Ring1][=Branch2],True,48
0.8,251,"[1, 39, 16, 31, 16, 31, 16, 26, 41, 14, 31, 19, 31, 31, 31, 31, 31, 25, 15, 31, 25, 31, 39, 37, 31, 31, 31, 41, 6, 44, 14, 31, 25, 31, 31, 31, 31, 16, 25, 31, 33, 16, 42, 41, 26, 18, 2]",[O][=C][C][=C][C][=C][Branch2][Ring1][=Branch1][C][=O][C][C][C][C][C][Branch1][=Branch2][C][Branch1][C][O][N][C][C][C][Ring1][#C][S][=Branch1][C][Branch1][C][C][C][C][=C][Branch1][C][F][=C][Ring2][Ring1][Branch2][=N],True,45
0.8,252,"[1, 31, 31, 14, 31, 19, 37, 31, 16, 31, 16, 26, 41, 18, 31, 16, 31, 16, 31, 16, 41, 14, 16, 31, 16, 31, 16, 31, 16, 31, 16, 41, 14, 16, 41, 5, 41, 40, 31, 16, 31, 16, 42, 41, 15, 31, 14, 31, 31, 41, 6, 31, 16, 42, 41, 5, 42, 41, 2]",[C][C][=Branch1][C][=O][N][C][=C][C][=C][Branch2][Ring1][=N][C][=C][C][=C][C][=C][Ring1][=Branch1][=C][C][=C][C][=C][C][=C][C][=C][Ring1][=Branch1][=C][Ring1][#Branch2][Ring1][P][C][=C][C][=C][Ring2][Ring1][=Branch2][C][=Branch1][C][C][Ring1][#C][C][=C][Ring2][Ring1][#Branch2][Ring2][Ring1],True,57
0.8,253,"[1, 31, 37, 31, 16, 31, 16, 26, 41, 4, 31, 18, 37, 31, 16, 31, 16, 31, 14, 31, 19, 37, 31, 31, 31, 16, 25, 41, 5, 31, 16, 42, 41, 39, 31, 31, 41, 14, 2]",[C][N][C][=C][C][=C][Branch2][Ring1][#Branch1][C][=N][N][C][=C][C][=C][C][=Branch1][C][=O][N][C][C][C][=C][Branch1][Ring1][#Branch2][C][=C][Ring2][Ring1][O][C][C][Ring1][=Branch1],True,37
0.8,254,"[1, 31, 39, 31, 16, 31, 16, 31, 16, 31, 16, 25, 5, 31, 31, 16, 31, 25, 16, 31, 16, 41, 4, 31, 37, 31, 39, 16, 41, 14, 31, 19, 37, 31, 37, 31, 31, 31, 16, 31, 31, 16, 31, 25, 31, 16, 41, 14, 31, 37, 31, 31, 31, 42, 41, 14, 16, 42, 41, 14, 2]",[C][O][C][=C][C][=C][C][=C][C][=C][Branch1][#Branch2][C][C][=C][C][Branch1][=C][C][=C][Ring1][#Branch1][C][N][C][O][=C][Ring1][=Branch1][C][=O][N][C][N][C][C][C][=C][C][C][=C][C][Branch1][C][=C][Ring1][=Branch1][C][N][C][C][C][Ring2][Ring1][=Branch1][=C][Ring2][Ring1][=Branch1],True,59
0.8,255,"[1, 31, 39, 31, 16, 37, 26, 42, 5, 37, 31, 31, 31, 16, 31, 16, 25, 31, 33, 16, 41, 5, 39, 37, 25, 31, 31, 31, 39, 31, 16, 25, 31, 39, 31, 18, 31, 31, 16, 31, 16, 41, 6, 31, 16, 41, 14, 2]",[C][O][C][=C][N][Branch2][Ring2][#Branch2][N][C][C][C][=C][C][=C][Branch1][C][F][=C][Ring1][#Branch2][O][N][Branch1][C][C][C][O][C][=C][Branch1][C][O][C][=N][C][C][=C][C][=C][Ring1][#C][C][=C][Ring1][=Branch1],True,46
0.8,256,"[1, 31, 31, 16, 31, 14, 31, 19, 31, 16, 26, 41, 37, 26, 31, 16, 31, 16, 31, 25, 44, 31, 31, 16, 31, 16, 31, 16, 41, 25, 31, 33, 16, 42, 41, 6, 31, 18, 42, 41, 4, 31, 37, 31, 31, 41, 26, 31, 18, 42, 41, 4, 2]",[C][C][=C][C][=Branch1][C][=O][C][=C][Branch2][Ring1][N][Branch2][C][=C][C][=C][C][Branch1][S][C][C][=C][C][=C][C][=C][Ring1][Branch1][C][F][=C][Ring2][Ring1][#C][C][=N][Ring2][Ring1][#Branch1][C][N][C][C][Ring1][Branch2][C][=N][Ring2][Ring1][#Branch1],True,51
0.8,257,"[1, 31, 39, 31, 25, 39, 31, 31, 16, 31, 16, 25, 31, 32, 39, 31, 14, 31, 19, 37, 37, 31, 16, 41, 4, 31, 31, 31, 31, 31, 37, 41, 40, 31, 31, 41, 5, 31, 25, 42, 41, 25, 31, 42, 41, 44, 2]",[C][O][C][Branch1][O][C][C][=C][C][=C][Branch1][C][Cl][O][C][=Branch1][C][=O][N][N][C][=C][Ring1][#Branch1][C][C][C][C][C][N][Ring1][P][C][C][Ring1][#Branch2][C][Branch1][Ring2][Ring1][Branch1][C][Ring2][Ring1][S],True,45
0.8,258,"[1, 31, 39, 31, 16, 31, 14, 31, 19, 37, 31, 31, 16, 25, 5, 31, 37, 31, 31, 31, 31, 16, 31, 16, 31, 25, 15, 31, 31, 25, 31, 32, 16, 42, 41, 40, 41, 41, 4, 2]",[C][O][C][=C][C][=Branch1][C][=O][N][C][C][=C][Branch1][#Branch2][C][N][C][C][C][C][=C][C][=C][C][Branch1][=Branch2][C][C][Branch1][C][Cl][=C][Ring2][Ring1][P][Ring1][Ring1][#Branch1],True,38
0.8,259,"[1, 31, 31, 26, 41, 5, 31, 16, 31, 16, 41, 14, 31, 16, 31, 16, 26, 41, 41, 4, 39, 31, 31, 16, 31, 14, 31, 19, 39, 31, 31, 14, 31, 19, 37, 31, 31, 31, 31, 25, 31, 31, 37, 26, 37, 31, 31, 31, 31, 31, 41, 14, 16, 41, 26, 2]",[C][C][Branch2][Ring1][#Branch2][C][=C][C][=C][Ring1][=Branch1][C][=C][C][=C][Branch2][Ring1][Ring1][#Branch1][O][C][C][=C][C][=Branch1][C][=O][O][C][C][=Branch1][C][=O][N][C][C][C][C][Branch1][C][C][N][Branch2][N][C][C][C][C][C][Ring1][=Branch1][=C][Ring1][Branch2],True,54
0.8,260,"[1, 31, 31, 18, 31, 16, 25, 31, 39, 31, 16, 31, 16, 31, 16, 41, 16, 41, 14, 2]",[C][C][=N][C][=C][Branch1][C][O][C][=C][C][=C][C][=C][Ring1][=C][Ring1][=Branch1],True,18
0.8,261,"[1, 37, 44, 14, 31, 19, 14, 31, 19, 31, 16, 31, 16, 31, 25, 31, 33, 16, 31, 16, 31, 16, 41, 40, 41, 5, 37, 31, 31, 31, 31, 31, 31, 16, 41, 40, 2]",[N][S][=Branch1][C][=O][=Branch1][C][=O][C][=C][C][=C][C][Branch1][C][F][=C][C][=C][C][=C][Ring1][P][Ring1][#Branch2][N][C][C][C][C][C][C][=C][Ring1][P],True,35
0.8,262,"[1, 39, 16, 26, 41, 26, 31, 16, 31, 16, 25, 31, 39, 31, 16, 31, 16, 41, 4, 16, 41, 40, 37, 31, 31, 16, 31, 16, 31, 16, 31, 16, 31, 16, 41, 15, 31, 16, 31, 16, 41, 14, 31, 16, 41, 14, 42, 41, 14, 18, 2]",[O][=C][Branch2][Ring1][Branch2][C][=C][C][=C][Branch1][C][O][C][=C][C][=C][Ring1][#Branch1][=C][Ring1][P][N][C][C][=C][C][=C][C][=C][C][=C][C][=C][Ring1][=Branch2][C][=C][C][=C][Ring1][=Branch1][C][=C][Ring1][=Branch1][Ring2][Ring1][=Branch1][=N],True,49
0.8,263,"[1, 31, 37, 31, 14, 31, 19, 31, 16, 25, 6, 37, 31, 31, 25, 31, 31, 31, 31, 31, 41, 26, 37, 31, 31, 31, 37, 31, 31, 41, 41, 41, 14, 31, 31, 31, 41, 42, 41, 14, 31, 41, 26, 2]",[C][N][C][=Branch1][C][=O][C][=C][Branch1][#C][N][C][C][Branch1][C][C][C][C][C][Ring1][Branch2][N][C][C][C][N][C][C][Ring1][Ring1][Ring1][=Branch1][C][C][C][Ring1][Ring2][Ring1][=Branch1][C][Ring1][Branch2],True,42
0.8,264,"[1, 37, 31, 14, 31, 19, 31, 16, 31, 16, 41, 16, 31, 16, 25, 31, 16, 31, 16, 41, 14, 31, 16, 41, 14, 31, 16, 31, 31, 16, 41, 14, 2]",[N][C][=Branch1][C][=O][C][=C][C][=C][Ring1][=C][C][=C][Branch1][C][=C][C][=C][Ring1][=Branch1][C][=C][Ring1][=Branch1][C][=C][C][C][=C][Ring1][=Branch1],True,31
0.8,265,"[1, 31, 31, 31, 37, 25, 31, 31, 31, 37, 16, 31, 16, 25, 31, 25, 18, 31, 32, 31, 16, 41, 44, 31, 16, 31, 16, 31, 16, 41, 4, 2]",[C][C][C][N][Branch1][C][C][C][N][=C][C][=C][Branch1][C][Branch1][=N][C][Cl][C][=C][Ring1][S][C][=C][C][=C][C][=C][Ring1][#Branch1],True,30
0.8,266,"[1, 31, 31, 16, 31, 16, 31, 16, 25, 5, 37, 31, 31, 16, 31, 16, 31, 16, 31, 16, 41, 14, 37, 41, 14, 2]",[C][C][=C][C][=C][C][=C][Branch1][#Branch2][N][C][C][=C][C][=C][C][=C][C][=C][Ring1][=Branch1][N][Ring1][=Branch1],True,24
0.8,267,"[1, 31, 31, 25, 31, 31, 37, 31, 14, 31, 19, 31, 16, 31, 16, 25, 4, 31, 16, 41, 15, 31, 16, 31, 16, 31, 16, 41, 5, 2]",[C][C][Branch1][C][C][N][C][=Branch1][C][=O][C][=C][C][=C][Branch1][#Branch1][C][=C][Ring1][=Branch2][C][=C][C][=C][C][=C][Ring1][#Branch2],True,28
0.8,268,"[1, 31, 31, 16, 31, 16, 31, 16, 26, 41, 5, 31, 16, 31, 16, 31, 16, 31, 14, 37, 31, 16, 41, 14, 31, 19, 2]",[C][C][=C][C][=C][C][=C][Branch2][Ring1][#Branch2][C][=C][C][=C][C][=C][C][=Branch1][N][C][=C][Ring1][=Branch1][C][=O],True,25
0.8,269,"[1, 31, 37, 31, 16, 25, 31, 37, 25, 31, 37, 31, 16, 31, 16, 25, 31, 16, 31, 37, 25, 31, 32, 31, 39, 41, 4, 18, 31, 41, 44, 2]",[C][N][C][=C][Branch1][C][N][Branch1][C][N][C][=C][C][=C][Branch1][C][=C][C][N][Branch1][C][Cl][C][O][Ring1][#Branch1][=N][C][Ring1][S],True,30
0.8,270,"[1, 31, 31, 31, 31, 31, 31, 31, 31, 26, 41, 16, 31, 16, 31, 26, 41, 14, 31, 19, 37, 31, 25, 5, 37, 31, 31, 16, 31, 31, 16, 31, 18, 31, 16, 41, 14, 31, 16, 31, 16, 31, 25, 31, 33, 25, 31, 33, 18, 41, 39, 41, 31, 18, 42, 41, 15, 2]",[C][C][C][C][C][C][C][C][Branch2][Ring1][=C][C][=C][C][Branch2][Ring1][=Branch1][C][=O][N][C][Branch1][#Branch2][N][C][C][=C][C][C][=C][C][=N][C][=C][Ring1][=Branch1][C][=C][C][=C][C][Branch1][C][F][Branch1][C][F][=N][Ring1][O][Ring1][C][=N][Ring2][Ring1][=Branch2],True,56
0.8,271,"[1, 31, 37, 26, 42, 40, 31, 31, 16, 31, 16, 31, 16, 31, 16, 25, 15, 39, 31, 16, 31, 16, 41, 14, 31, 19, 37, 41, 15, 31, 16, 31, 16, 42, 41, 4, 2]",[C][N][Branch2][Ring2][P][C][C][=C][C][=C][C][=C][C][=C][Branch1][=Branch2][O][C][=C][C][=C][Ring1][=Branch1][C][=O][N][Ring1][=Branch2][C][=C][C][=C][Ring2][Ring1][#Branch1],True,35
0.8,272,"[1, 31, 31, 16, 31, 25, 44, 31, 18, 31, 16, 31, 16, 41, 4, 31, 25, 31, 33, 16, 31, 16, 41, 4, 19, 37, 31, 31, 37, 31, 31, 16, 31, 16, 25, 41, 4, 16, 41, 5, 2]",[C][C][=C][C][Branch1][S][C][=N][C][=C][C][=C][Ring1][#Branch1][C][Branch1][C][F][=C][C][=C][Ring1][#Branch1][=O][N][C][C][N][C][C][=C][C][=C][Branch1][Ring1][#Branch1][=C][Ring1][#Branch2],True,39
0.8,273,"[1, 31, 37, 31, 16, 25, 16, 31, 16, 31, 16, 31, 16, 41, 14, 31, 16, 31, 14, 31, 19, 31, 16, 41, 4, 2]",[C][N][C][=C][Branch1][=C][C][=C][C][=C][C][=C][Ring1][=Branch1][C][=C][C][=Branch1][C][=O][C][=C][Ring1][#Branch1],True,24
0.8,274,"[1, 31, 31, 16, 31, 18, 37, 31, 16, 31, 16, 25, 31, 16, 41, 14, 37, 16, 31, 16, 41, 14, 31, 16, 31, 16, 31, 16, 31, 16, 41, 5, 41, 14, 2]",[C][C][=C][C][=N][N][C][=C][C][=C][Branch1][C][=C][Ring1][=Branch1][N][=C][C][=C][Ring1][=Branch1][C][=C][C][=C][C][=C][C][=C][Ring1][#Branch2][Ring1][=Branch1],True,33
0.8,275,"[1, 31, 39, 31, 16, 31, 16, 25, 5, 31, 18, 31, 16, 31, 18, 31, 16, 31, 26, 41, 39, 39, 31, 16, 25, 31, 39, 31, 16, 42, 41, 14, 31, 18, 41, 5, 31, 25, 31, 39, 31, 25, 31, 31, 25, 31, 19, 39, 31, 37, 41, 26, 37, 41, 25, 31, 19, 16, 42, 41, 14, 2]",[C][O][C][=C][C][=C][Branch1][#Branch2][C][=N][C][=C][C][=N][C][=C][C][Branch2][Ring1][O][O][C][=C][Branch1][C][O][C][=C][Ring2][Ring1][=Branch1][C][=N][Ring1][#Branch2][C][Branch1][C][O][C][Branch1][C][C][Branch1][C][=O][O][C][N][Ring1][Branch2][N][Ring1][Branch1][C][=O][=C][Ring2][Ring1][=Branch1],True,60
0.8,276,"[1, 31, 37, 31, 37, 31, 25, 31, 31, 37, 25, 31, 37, 31, 31, 14, 31, 19, 31, 16, 31, 16, 31, 16, 26, 41, 15, 31, 25, 31, 31, 16, 31, 33, 16, 41, 4, 31, 31, 16, 42, 41, 40, 37, 31, 16, 2]",[C][N][C][N][C][Branch1][C][C][N][Branch1][C][N][C][C][=Branch1][C][=O][C][=C][C][=C][C][=C][Branch2][Ring1][=Branch2][C][Branch1][C][C][=C][C][F][=C][Ring1][#Branch1][C][C][=C][Ring2][Ring1][P][N][C][=C],True,45
0.8,277,"[1, 31, 37, 31, 16, 25, 31, 37, 31, 14, 31, 19, 37, 26, 41, 4, 31, 16, 31, 16, 31, 16, 25, 41, 31, 31, 32, 31, 25, 31, 33, 16, 41, 4, 31, 19, 31, 31, 16, 31, 16, 41, 4, 31, 31, 16, 42, 41, 4, 2]",[C][N][C][=C][Branch1][C][N][C][=Branch1][C][=O][N][Branch2][Ring1][#Branch1][C][=C][C][=C][C][=C][Branch1][Ring1][C][C][Cl][C][Branch1][C][F][=C][Ring1][#Branch1][C][=O][C][C][=C][C][=C][Ring1][#Branch1][C][C][=C][Ring2][Ring1][#Branch1],True,48
0.8,278,"[1, 31, 39, 31, 16, 31, 18, 31, 16, 31, 16, 25, 15, 31, 16, 31, 25, 31, 31, 32, 31, 16, 41, 14, 31, 19, 2]",[C][O][C][=C][C][=N][C][=C][C][=C][Branch1][=Branch2][C][=C][C][Branch1][C][C][Cl][C][=C][Ring1][=Branch1][C][=O],True,25
0.8,279,"[1, 31, 31, 16, 31, 25, 31, 39, 31, 18, 31, 16, 31, 16, 41, 6, 37, 41, 18, 31, 16, 31, 16, 25, 31, 31, 18, 41, 14, 2]",[C][C][=C][C][Branch1][C][O][C][=N][C][=C][C][=C][Ring1][#C][N][Ring1][=N][C][=C][C][=C][Branch1][C][C][=N][Ring1][=Branch1],True,28
0.8,280,"[1, 31, 39, 31, 16, 31, 25, 41, 44, 37, 31, 18, 31, 14, 31, 19, 14, 31, 19, 25, 31, 16, 31, 16, 31, 16, 41, 39, 31, 16, 42, 41, 44, 37, 16, 37, 25, 31, 31, 31, 25, 31, 33, 16, 31, 16, 41, 4, 39, 31, 42, 41, 6, 2]",[C][O][C][=C][C][Branch1][Ring1][S][N][C][=N][C][=Branch1][C][=O][=Branch1][C][=O][Branch1][C][=C][C][=C][C][=C][Ring1][O][C][=C][Ring2][Ring1][S][N][=C][N][Branch1][C][C][C][Branch1][C][F][=C][C][=C][Ring1][#Branch1][O][C][Ring2][Ring1][#C],True,52
0.8,281,"[1, 37, 31, 25, 31, 39, 31, 16, 31, 16, 25, 31, 33, 16, 31, 16, 41, 4, 33, 16, 41, 15, 37, 31, 31, 31, 31, 31, 31, 41, 39, 2]",[N][C][Branch1][C][O][C][=C][C][=C][Branch1][C][F][=C][C][=C][Ring1][#Branch1][F][=C][Ring1][=Branch2][N][C][C][C][C][C][C][Ring1][O],True,30
0.8,282,"[1, 31, 31, 16, 31, 16, 31, 26, 41, 26, 42, 16, 31, 16, 31, 14, 31, 19, 37, 25, 31, 39, 31, 16, 31, 31, 16, 41, 26, 37, 25, 31, 31, 31, 25, 31, 31, 31, 31, 31, 31, 25, 31, 31, 41, 4, 31, 14, 31, 19, 37, 16, 42, 41, 16, 42, 41, 14, 31, 41, 16, 42, 42, 42, 2]",[C][C][=C][C][=C][C][Branch2][Ring1][Branch2][Ring2][=C][C][=C][C][=Branch1][C][=O][N][Branch1][C][O][C][=C][C][C][=C][Ring1][Branch2][N][Branch1][C][C][C][Branch1][C][C][C][C][C][C][Branch1][C][C][Ring1][#Branch1][C][=Branch1][C][=O][N][=C][Ring2][Ring1][=C][Ring2][Ring1][=Branch1][C][Ring1][=C][Ring2][Ring2][Ring2],True,63
0.8,283,"[1, 31, 31, 37, 31, 26, 41, 44, 31, 16, 31, 16, 31, 16, 31, 16, 25, 5, 37, 31, 31, 41, 14, 37, 31, 31, 41, 18, 42, 41, 2]",[C][C][N][C][Branch2][Ring1][S][C][=C][C][=C][C][=C][C][=C][Branch1][#Branch2][N][C][C][Ring1][=Branch1][N][C][C][Ring1][=N][Ring2][Ring1],True,29
0.8,284,"[1, 31, 39, 31, 16, 31, 25, 39, 31, 39, 31, 25, 31, 31, 31, 37, 16, 31, 16, 25, 31, 16, 31, 16, 41, 4, 31, 16, 41, 14, 37, 16, 31, 37, 16, 42, 41, 6, 2]",[C][O][C][=C][C][Branch1][O][C][O][C][Branch1][C][C][C][N][=C][C][=C][Branch1][C][=C][C][=C][Ring1][#Branch1][C][=C][Ring1][=Branch1][N][=C][C][N][=C][Ring2][Ring1][#C],True,37
0.8,285,"[1, 31, 31, 16, 31, 16, 31, 16, 41, 14, 31, 16, 41, 14, 31, 19, 37, 31, 31, 16, 31, 18, 31, 16, 41, 4, 31, 16, 41, 14, 2]",[C][C][=C][C][=C][C][=C][Ring1][=Branch1][C][=C][Ring1][=Branch1][C][=O][N][C][C][=C][C][=N][C][=C][Ring1][#Branch1][C][=C][Ring1][=Branch1],True,29
0.8,286,"[1, 37, 31, 16, 31, 16, 31, 16, 26, 42, 18, 37, 25, 41, 14, 37, 31, 16, 31, 18, 31, 16, 31, 16, 31, 16, 41, 4, 2]",[N][C][=C][C][=C][C][=C][Branch2][Ring2][=N][N][Branch1][Ring1][=Branch1][N][C][=C][C][=N][C][=C][C][=C][C][=C][Ring1][#Branch1],True,27
0.8,287,"[1, 31, 31, 31, 37, 31, 14, 31, 19, 31, 16, 31, 16, 31, 16, 41, 4, 37, 31, 16, 41, 14, 2]",[C][C][C][N][C][=Branch1][C][=O][C][=C][C][=C][C][=C][Ring1][#Branch1][N][C][=C][Ring1][=Branch1],True,21
0.8,288,"[1, 37, 31, 16, 31, 16, 31, 16, 25, 31, 32, 16, 41, 14, 39, 39, 31, 16, 25, 31, 31, 32, 31, 41, 4, 31, 31, 31, 41, 4, 31, 37, 2]",[N][C][=C][C][=C][C][=C][Branch1][C][Cl][=C][Ring1][=Branch1][O][O][C][=C][Branch1][C][C][Cl][C][Ring1][#Branch1][C][C][C][Ring1][#Branch1][C][N],True,31
0.8,289,"[1, 37, 31, 16, 31, 16, 31, 16, 41, 14, 37, 31, 16, 31, 16, 41, 15, 31, 16, 31, 16, 41, 14, 31, 16, 41, 14, 2]",[N][C][=C][C][=C][C][=C][Ring1][=Branch1][N][C][=C][C][=C][Ring1][=Branch2][C][=C][C][=C][Ring1][=Branch1][C][=C][Ring1][=Branch1],True,26
0.8,290,"[1, 31, 31, 16, 31, 16, 31, 26, 41, 44, 14, 31, 19, 14, 31, 19, 14, 31, 19, 37, 31, 16, 31, 16, 31, 16, 31, 16, 31, 25, 31, 33, 33, 25, 31, 32, 16, 41, 4, 31, 31, 16, 41, 5, 31, 39, 31, 31, 31, 41, 4, 31, 31, 2]",[C][C][=C][C][=C][C][Branch2][Ring1][S][=Branch1][C][=O][=Branch1][C][=O][=Branch1][C][=O][N][C][=C][C][=C][C][=C][C][=C][C][Branch1][C][F][F][Branch1][C][Cl][=C][Ring1][#Branch1][C][C][=C][Ring1][#Branch2][C][O][C][C][C][Ring1][#Branch1][C][C],True,52
0.8,291,"[1, 31, 31, 16, 31, 16, 26, 41, 40, 37, 31, 14, 31, 19, 31, 16, 31, 14, 31, 19, 37, 31, 16, 31, 16, 26, 41, 37, 31, 16, 31, 16, 31, 16, 31, 25, 41, 39, 31, 32, 31, 41, 4, 16, 42, 41, 26, 31, 31, 31, 42, 41, 37, 16, 41, 14, 2]",[C][C][=C][C][=C][Branch2][Ring1][P][N][C][=Branch1][C][=O][C][=C][C][=Branch1][C][=O][N][C][=C][C][=C][Branch2][Ring1][N][C][=C][C][=C][C][=C][C][Branch1][Ring1][O][C][Cl][C][Ring1][#Branch1][=C][Ring2][Ring1][Branch2][C][C][C][Ring2][Ring1][N][=C][Ring1][=Branch1],True,55
0.8,292,"[1, 31, 39, 31, 16, 31, 25, 31, 31, 31, 39, 31, 37, 31, 31, 16, 25, 4, 31, 31, 16, 41, 14, 31, 19, 39, 31, 14, 31, 19, 37, 31, 25, 31, 31, 41, 37, 16, 31, 16, 31, 16, 42, 41, 16, 41, 44, 2]",[C][O][C][=C][C][Branch1][C][C][C][O][C][N][C][C][=C][Branch1][#Branch1][C][C][=C][Ring1][=Branch1][C][=O][O][C][=Branch1][C][=O][N][C][Branch1][C][C][Ring1][N][=C][C][=C][C][=C][Ring2][Ring1][=C][Ring1][S],True,46
0.8,293,"[1, 31, 31, 16, 31, 16, 31, 16, 41, 14, 31, 14, 31, 19, 37, 31, 16, 25, 15, 37, 31, 31, 31, 16, 31, 16, 41, 14, 31, 31, 31, 31, 16, 31, 16, 41, 14, 37, 16, 41, 14, 2]",[C][C][=C][C][=C][C][=C][Ring1][=Branch1][C][=Branch1][C][=O][N][C][=C][Branch1][=Branch2][N][C][C][C][=C][C][=C][Ring1][=Branch1][C][C][C][C][=C][C][=C][Ring1][=Branch1][N][=C][Ring1][=Branch1],True,40
0.8,294,"[1, 31, 31, 16, 31, 16, 31, 26, 41, 14, 31, 19, 31, 16, 26, 41, 26, 31, 16, 26, 41, 4, 37, 37, 31, 31, 31, 31, 31, 31, 31, 41, 18, 31, 16, 25, 31, 37, 41, 14, 31, 19, 37, 31, 31, 31, 42, 41, 4, 2]",[C][C][=C][C][=C][C][Branch2][Ring1][=Branch1][C][=O][C][=C][Branch2][Ring1][Branch2][C][=C][Branch2][Ring1][#Branch1][N][N][C][C][C][C][C][C][C][Ring1][=N][C][=C][Branch1][C][N][Ring1][=Branch1][C][=O][N][C][C][C][Ring2][Ring1][#Branch1],True,48
0.8,295,"[1, 31, 31, 25, 31, 31, 31, 37, 31, 31, 31, 14, 31, 19, 31, 16, 31, 16, 41, 14, 31, 19, 37, 31, 16, 31, 16, 31, 16, 25, 31, 31, 16, 31, 16, 41, 14, 31, 19, 37, 41, 14, 2]",[C][C][Branch1][C][C][C][N][C][C][C][=Branch1][C][=O][C][=C][C][=C][Ring1][=Branch1][C][=O][N][C][=C][C][=C][C][=C][Branch1][C][C][=C][C][=C][Ring1][=Branch1][C][=O][N][Ring1][=Branch1],True,41
0.8,296,"[1, 31, 31, 16, 31, 16, 31, 16, 41, 14, 31, 19, 37, 31, 16, 31, 14, 31, 16, 25, 14, 31, 19, 31, 31, 33, 25, 31, 31, 16, 41, 4, 39, 16, 31, 16, 41, 14, 31, 37, 31, 31, 25, 31, 31, 16, 42, 41, 26, 2]",[C][C][=C][C][=C][C][=C][Ring1][=Branch1][C][=O][N][C][=C][C][=Branch1][C][=C][Branch1][=Branch1][C][=O][C][C][F][Branch1][C][C][=C][Ring1][#Branch1][O][=C][C][=C][Ring1][=Branch1][C][N][C][C][Branch1][C][C][=C][Ring2][Ring1][Branch2],True,48
0.8,297,"[1, 31, 39, 31, 16, 31, 16, 31, 16, 25, 15, 37, 25, 31, 37, 31, 31, 14, 31, 19, 37, 41, 31, 16, 31, 16, 31, 16, 31, 16, 41, 14, 37, 25, 31, 31, 31, 37, 41, 4, 2]",[C][O][C][=C][C][=C][C][=C][Branch1][=Branch2][N][Branch1][C][N][C][C][=Branch1][C][=O][N][Ring1][C][=C][C][=C][C][=C][C][=C][Ring1][=Branch1][N][Branch1][C][C][C][N][Ring1][#Branch1],True,39
0.8,298,"[1, 31, 31, 16, 31, 16, 25, 4, 37, 31, 31, 31, 16, 31, 16, 25, 31, 32, 16, 31, 16, 41, 4, 31, 31, 16, 42, 41, 37, 31, 41, 25, 31, 31, 2]",[C][C][=C][C][=C][Branch1][#Branch1][N][C][C][C][=C][C][=C][Branch1][C][Cl][=C][C][=C][Ring1][#Branch1][C][C][=C][Ring2][Ring1][N][C][Ring1][Branch1][C][C],True,33
0.8,299,"[1, 31, 31, 31, 31, 16, 26, 41, 25, 31, 31, 37, 31, 14, 31, 19, 31, 31, 16, 31, 16, 31, 16, 41, 15, 31, 16, 31, 16, 41, 26, 41, 31, 31, 16, 31, 31, 31, 37, 31, 25, 31, 31, 16, 31, 16, 41, 14, 31, 16, 42, 41, 26, 42, 41, 14, 2]",[C][C][C][C][=C][Branch2][Ring1][Branch1][C][C][N][C][=Branch1][C][=O][C][C][=C][C][=C][C][=C][Ring1][=Branch2][C][=C][C][=C][Ring1][Branch2][Ring1][C][C][=C][C][C][C][N][C][Branch1][C][C][=C][C][=C][Ring1][=Branch1][C][=C][Ring2][Ring1][Branch2][Ring2][Ring1][=Branch1],True,55
1.0,0,"[1, 37, 31, 16, 26, 42, 39, 31, 18, 31, 16, 31, 16, 31, 16, 41, 14, 37, 41, 39, 31, 39, 31, 16, 37, 16, 31, 16, 25, 15, 2]",[N][C][=C][Branch2][Ring2][O][C][=N][C][=C][C][=C][C][=C][Ring1][=Branch1][N][Ring1][O][C][O][C][=C][N][=C][C][=C][Branch1][=Branch2],True,29
1.0,1,"[1, 37, 31, 16, 31, 36, 31, 16, 25, 6, 37, 25, 31, 16, 31, 18, 41, 14, 31, 16, 31, 25, 31, 16, 37, 31, 16, 41, 14, 31, 16, 41, 40, 41, 4, 2]",[N][C][=C][C][NH1][C][=C][Branch1][#C][N][Branch1][C][=C][C][=N][Ring1][=Branch1][C][=C][C][Branch1][C][=C][N][C][=C][Ring1][=Branch1][C][=C][Ring1][P][Ring1][#Branch1],True,34
1.0,2,"[1, 31, 31, 16, 31, 18, 41, 4, 37, 25, 31, 31, 25, 31, 31, 31, 41, 39, 25, 31, 33, 16, 31, 16, 31, 16, 41, 4, 2]",[C][C][=C][C][=N][Ring1][#Branch1][N][Branch1][C][C][Branch1][C][C][C][Ring1][O][Branch1][C][F][=C][C][=C][C][=C][Ring1][#Branch1],True,27
1.0,3,"[1, 31, 37, 31, 31, 16, 25, 41, 31, 18, 31, 16, 31, 16, 37, 31, 14, 31, 41, 6, 31, 16, 31, 14, 41, 18, 37, 2]",[C][N][C][C][=C][Branch1][Ring1][C][=N][C][=C][C][=C][N][C][=Branch1][C][Ring1][#C][C][=C][C][=Branch1][Ring1][=N][N],True,26
1.0,4,"[1, 31, 31, 14, 31, 19, 37, 31, 16, 31, 14, 31, 19, 31, 16, 41, 14, 31, 16, 37, 31, 16, 31, 16, 31, 16, 41, 39, 37, 16, 41, 14, 2]",[C][C][=Branch1][C][=O][N][C][=C][C][=Branch1][C][=O][C][=C][Ring1][=Branch1][C][=C][N][C][=C][C][=C][C][=C][Ring1][O][N][=C][Ring1][=Branch1],True,31
1.0,5,"[1, 31, 44, 14, 31, 19, 14, 31, 19, 31, 25, 37, 31, 25, 31, 16, 37, 31, 16, 26, 41, 5, 31, 31, 16, 25, 31, 32, 25, 44, 25, 31, 31, 31, 33, 25, 25, 31, 32, 31, 33, 33, 25, 31, 33, 25, 31, 32, 31, 16, 37, 31, 31, 19, 25, 31, 16, 41, 39, 32, 33, 41, 25, 31, 16, 2]",[C][S][=Branch1][C][=O][=Branch1][C][=O][C][Branch1][N][C][Branch1][C][=C][N][C][=C][Branch2][Ring1][#Branch2][C][C][=C][Branch1][C][Cl][Branch1][S][Branch1][C][C][C][F][Branch1][Branch1][C][Cl][C][F][F][Branch1][C][F][Branch1][C][Cl][C][=C][N][C][C][=O][Branch1][C][=C][Ring1][O][Cl][F][Ring1][Branch1][C][=C],True,64
1.0,6,"[1, 31, 39, 31, 16, 31, 16, 31, 16, 25, 18, 31, 16, 31, 31, 16, 41, 14, 31, 37, 31, 18, 37, 16, 31, 25, 18, 41, 14, 39, 37, 19, 39, 42, 41, 31, 37, 31, 31, 31, 25, 31, 39, 31, 31, 18, 42, 41, 4, 2]",[C][O][C][=C][C][=C][C][=C][Branch1][=N][C][=C][C][C][=C][Ring1][=Branch1][C][N][C][=N][N][=C][C][Branch1][=N][Ring1][=Branch1][O][N][=O][O][Ring2][Ring1][C][N][C][C][C][Branch1][C][O][C][C][=N][Ring2][Ring1][#Branch1],True,48
1.0,7,"[1, 31, 31, 25, 31, 31, 37, 31, 18, 31, 16, 26, 41, 14, 31, 19, 31, 14, 31, 19, 31, 31, 16, 25, 31, 33, 31, 32, 39, 31, 16, 41, 40, 31, 16, 25, 31, 33, 31, 25, 31, 32, 16, 42, 41, 15, 31, 25, 31, 32, 16, 42, 41, 4, 31, 25, 15, 44, 41, 31, 31, 32, 31, 19, 31, 19, 19, 2]",[C][C][Branch1][C][C][N][C][=N][C][=C][Branch2][Ring1][=Branch1][C][=O][C][=Branch1][C][=O][C][C][=C][Branch1][C][F][C][Cl][O][C][=C][Ring1][P][C][=C][Branch1][C][F][C][Branch1][C][Cl][=C][Ring2][Ring1][=Branch2][C][Branch1][C][Cl][=C][Ring2][Ring1][#Branch1][C][Branch1][=Branch2][S][Ring1][C][C][Cl][C][=O][C][=O][=O],True,66
1.0,8,"[1, 37, 27, 25, 31, 31, 31, 37, 31, 37, 31, 18, 31, 14, 16, 16, 31, 16, 25, 15, 37, 31, 16, 31, 16, 25, 31, 33, 16, 41, 4, 20, 39, 33, 37, 31, 2]",[N][C@@H1][Branch1][C][C][C][N][C][N][C][=N][C][=Branch1][=C][=C][C][=C][Branch1][=Branch2][N][C][=C][C][=C][Branch1][C][F][=C][Ring1][#Branch1][=Ring1][O][F][N][C],True,35
1.0,9,"[1, 31, 31, 14, 31, 19, 37, 31, 16, 31, 18, 31, 16, 31, 16, 41, 6, 36, 31, 16, 25, 31, 32, 37, 16, 31, 42, 41, 31, 16, 31, 16, 31, 18, 41, 14, 2]",[C][C][=Branch1][C][=O][N][C][=C][C][=N][C][=C][C][=C][Ring1][#C][NH1][C][=C][Branch1][C][Cl][N][=C][C][Ring2][Ring1][C][=C][C][=C][C][=N][Ring1][=Branch1],True,35
1.0,10,"[1, 39, 25, 31, 37, 31, 16, 37, 31, 31, 16, 25, 41, 15, 31, 16, 31, 16, 31, 16, 25, 16, 31, 32, 16, 31, 16, 31, 16, 41, 14, 39, 31, 16, 41, 5, 41, 4, 31, 31, 16, 39, 16, 25, 2]",[O][Branch1][C][N][C][=C][N][C][C][=C][Branch1][Ring1][=Branch2][C][=C][C][=C][C][=C][Branch1][=C][C][Cl][=C][C][=C][C][=C][Ring1][=Branch1][O][C][=C][Ring1][#Branch2][Ring1][#Branch1][C][C][=C][O][=C][Branch1],True,43
1.0,11,"[1, 31, 31, 31, 31, 31, 41, 31, 16, 31, 14, 16, 26, 41, 41, 37, 31, 25, 39, 31, 31, 16, 31, 25, 31, 31, 14, 31, 19, 41, 42, 41, 44, 25, 15, 31, 31, 14, 2]",[C][C][C][C][C][Ring1][C][=C][C][=Branch1][=C][Branch2][Ring1][Ring1][N][C][Branch1][O][C][C][=C][C][Branch1][C][C][=Branch1][C][=O][Ring1][Ring2][Ring1][S][Branch1][=Branch2][C][C][=Branch1],True,37
1.0,12,"[1, 31, 39, 31, 18, 31, 16, 31, 16, 31, 16, 41, 14, 39, 31, 31, 31, 16, 41, 37, 41, 40, 37, 16, 41, 18, 2]",[C][O][C][=N][C][=C][C][=C][C][=C][Ring1][=Branch1][O][C][C][C][=C][Ring1][N][Ring1][P][N][=C][Ring1][=N],True,25
1.0,13,"[1, 37, 31, 14, 31, 19, 37, 31, 16, 31, 16, 31, 16, 25, 15, 37, 31, 16, 31, 16, 41, 25, 31, 32, 31, 16, 41, 4, 2]",[N][C][=Branch1][C][=O][N][C][=C][C][=C][C][=C][Branch1][=Branch2][N][C][=C][C][=C][Ring1][Branch1][C][Cl][C][=C][Ring1][#Branch1],True,27
1.0,14,"[1, 31, 37, 31, 18, 31, 16, 31, 16, 41, 14, 16, 31, 16, 31, 16, 41, 14, 2]",[C][N][C][=N][C][=C][C][=C][Ring1][=Branch1][=C][C][=C][C][=C][Ring1][=Branch1],True,17
1.0,15,"[1, 39, 19, 37, 31, 31, 31, 31, 26, 41, 39, 31, 31, 16, 25, 18, 39, 31, 16, 31, 16, 31, 18, 31, 16, 25, 31, 33, 16, 41, 4, 31, 39, 31, 31, 16, 41, 15, 2]",[O][=O][N][C][C][C][C][Branch2][Ring1][O][C][C][=C][Branch1][=N][O][C][=C][C][=C][C][=N][C][=C][Branch1][C][F][=C][Ring1][#Branch1][C][O][C][C][=C][Ring1][=Branch2],True,37
1.0,16,"[1, 31, 31, 18, 31, 16, 41, 26, 31, 31, 25, 31, 39, 31, 16, 31, 16, 41, 6, 2]",[C][C][=N][C][=C][Ring1][Branch2][C][C][Branch1][C][O][C][=C][C][=C][Ring1][#C],True,18
1.0,17,"[1, 39, 16, 25, 31, 31, 14, 31, 19, 31, 31, 31, 26, 41, 4, 31, 16, 31, 26, 41, 26, 41, 39, 31, 16, 31, 31, 18, 31, 25, 37, 31, 31, 31, 31, 31, 31, 31, 42, 41, 14, 44, 41, 5, 31, 16, 42, 41, 25, 15, 2]",[O][=C][Branch1][C][C][=Branch1][C][=O][C][C][C][Branch2][Ring1][#Branch1][C][=C][C][Branch2][Ring1][Branch2][Ring1][O][C][=C][C][C][=N][C][Branch1][N][C][C][C][C][C][C][C][Ring2][Ring1][=Branch1][S][Ring1][#Branch2][C][=C][Ring2][Ring1][Branch1][=Branch2],True,49
1.0,18,"[1, 39, 16, 25, 31, 16, 31, 16, 41, 26, 41, 5, 39, 31, 39, 31, 31, 37, 41, 25, 31, 31, 41, 14, 33, 16, 31, 16, 31, 16, 41, 15, 2]",[O][=C][Branch1][C][=C][C][=C][Ring1][Branch2][Ring1][#Branch2][O][C][O][C][C][N][Ring1][Branch1][C][C][Ring1][=Branch1][F][=C][C][=C][C][=C][Ring1][=Branch2],True,31
1.0,19,"[1, 31, 31, 14, 31, 19, 39, 31, 25, 31, 31, 31, 31, 31, 31, 31, 37, 25, 44, 31, 31, 25, 31, 31, 41, 18, 31, 25, 14, 31, 16, 25, 31, 16, 31, 33, 16, 41, 6, 31, 16, 41, 40, 39, 31, 18, 42, 41, 15, 20, 6, 2]",[C][C][=Branch1][C][=O][O][C][Branch1][C][C][C][C][C][C][C][N][Branch1][S][C][C][Branch1][C][C][Ring1][=N][C][Branch1][=Branch1][C][=C][Branch1][C][=C][C][F][=C][Ring1][#C][C][=C][Ring1][P][O][C][=N][Ring2][Ring1][=Branch2][=Ring1][#C],True,50
1.0,20,"[1, 31, 31, 25, 31, 31, 31, 14, 31, 19, 37, 31, 16, 31, 16, 31, 16, 41, 4, 18, 31, 25, 15, 37, 25, 15, 31, 31, 16, 31, 25, 41, 4, 2]",[C][C][Branch1][C][C][C][=Branch1][C][=O][N][C][=C][C][=C][C][=C][Ring1][#Branch1][=N][C][Branch1][=Branch2][N][Branch1][=Branch2][C][C][=C][C][Branch1][Ring1][#Branch1],True,32
1.0,21,"[1, 39, 16, 25, 31, 27, 25, 31, 37, 31, 31, 25, 31, 37, 25, 41, 31, 31, 31, 25, 31, 33, 31, 16, 31, 33, 18, 31, 16, 41, 44, 16, 42, 42, 41, 4, 31, 25, 42, 37, 31, 31, 31, 2]",[O][=C][Branch1][C][C@@H1][Branch1][C][N][C][C][Branch1][C][N][Branch1][Ring1][C][C][C][Branch1][C][F][C][=C][C][F][=N][C][=C][Ring1][S][=C][Ring2][Ring2][Ring1][#Branch1][C][Branch1][Ring2][N][C][C][C],True,42
1.0,22,"[1, 31, 31, 16, 31, 16, 25, 31, 31, 37, 31, 16, 31, 16, 25, 26, 41, 18, 31, 25, 31, 31, 31, 32, 31, 39, 41, 41, 37, 41, 4, 2]",[C][C][=C][C][=C][Branch1][C][C][N][C][=C][C][=C][Branch1][Branch2][Ring1][=N][C][Branch1][C][C][C][Cl][C][O][Ring1][Ring1][N][Ring1][#Branch1],True,30
1.0,23,"[1, 31, 37, 26, 31, 14, 31, 19, 31, 16, 25, 31, 16, 31, 18, 31, 25, 31, 16, 41, 4, 32, 31, 25, 31, 33, 31, 16, 41, 5, 37, 18, 31, 25, 42, 41, 44, 31, 31, 31, 31, 16, 31, 41, 4, 2]",[C][N][Branch2][C][=Branch1][C][=O][C][=C][Branch1][C][=C][C][=N][C][Branch1][C][=C][Ring1][#Branch1][Cl][C][Branch1][C][F][C][=C][Ring1][#Branch2][N][=N][C][Branch1][Ring2][Ring1][S][C][C][C][C][=C][C][Ring1][#Branch1],True,44
1.0,24,"[1, 31, 31, 16, 31, 16, 26, 41, 15, 31, 14, 31, 19, 31, 25, 37, 37, 31, 31, 37, 31, 37, 25, 31, 37, 41, 31, 31, 18, 31, 14, 31, 16, 41, 14, 2]",[C][C][=C][C][=C][Branch2][Ring1][=Branch2][C][=Branch1][C][=O][C][Branch1][N][N][C][C][N][C][N][Branch1][C][N][Ring1][C][C][=N][C][=Branch1][C][=C][Ring1][=Branch1],True,34
1.0,25,"[1, 31, 37, 31, 37, 41, 31, 31, 31, 31, 25, 14, 31, 19, 31, 16, 37, 16, 31, 16, 25, 31, 32, 31, 14, 31, 19, 37, 44, 41, 26, 37, 36, 31, 31, 16, 25, 42, 31, 16, 31, 31, 16, 41, 18, 41, 4, 18, 31, 16, 2]",[C][N][C][N][Ring1][C][C][C][C][Branch1][=Branch1][C][=O][C][=C][N][=C][C][=C][Branch1][C][Cl][C][=Branch1][C][=O][N][S][Ring1][Branch2][N][NH1][C][C][=C][Branch1][Ring2][C][=C][C][C][=C][Ring1][=N][Ring1][#Branch1][=N][C][=C],True,49
1.0,26,"[1, 31, 31, 44, 31, 18, 31, 16, 31, 26, 41, 14, 31, 19, 31, 31, 16, 37, 25, 31, 33, 44, 16, 31, 16, 41, 39, 16, 31, 16, 31, 25, 18, 37, 16, 37, 31, 25, 31, 25, 31, 39, 31, 31, 39, 41, 4, 19, 39, 2]",[C][C][S][C][=N][C][=C][C][Branch2][Ring1][=Branch1][C][=O][C][C][=C][N][Branch1][C][F][S][=C][C][=C][Ring1][O][=C][C][=C][C][Branch1][=N][N][=C][N][C][Branch1][C][Branch1][C][O][C][C][O][Ring1][#Branch1][=O][O],True,48
1.0,27,"[1, 37, 31, 16, 31, 16, 16, 31, 16, 31, 16, 37, 31, 16, 41, 18, 41, 14, 37, 31, 37, 31, 31, 31, 31, 31, 16, 25, 15, 31, 41, 14, 2]",[N][C][=C][C][=C][=C][C][=C][C][=C][N][C][=C][Ring1][=N][Ring1][=Branch1][N][C][N][C][C][C][C][C][=C][Branch1][=Branch2][C][Ring1][=Branch1],True,31
1.0,28,"[1, 31, 31, 31, 31, 37, 26, 41, 15, 31, 16, 31, 16, 31, 16, 25, 6, 31, 37, 31, 18, 31, 16, 31, 16, 26, 41, 5, 2]",[C][C][C][C][N][Branch2][Ring1][=Branch2][C][=C][C][=C][C][=C][Branch1][#C][C][N][C][=N][C][=C][C][=C][Branch2][Ring1][#Branch2],True,27
1.0,29,"[1, 39, 16, 25, 39, 37, 31, 16, 31, 16, 31, 16, 41, 4, 31, 16, 25, 37, 31, 16, 31, 16, 31, 14, 31, 14, 31, 19, 39, 41, 39, 31, 25, 5, 31, 31, 39, 31, 31, 37, 16, 42, 41, 18, 31, 16, 25, 31, 31, 16, 31, 14, 37, 44, 31, 16, 42, 41, 14, 31, 2]",[O][=C][Branch1][O][N][C][=C][C][=C][C][=C][Ring1][#Branch1][C][=C][Branch1][N][C][=C][C][=C][C][=Branch1][C][=Branch1][C][=O][O][Ring1][O][C][Branch1][#Branch2][C][C][O][C][C][N][=C][Ring2][Ring1][=N][C][=C][Branch1][C][C][=C][C][=Branch1][N][S][C][=C][Ring2][Ring1][=Branch1][C],True,59
1.0,30,"[1, 31, 31, 26, 41, 26, 37, 31, 39, 31, 25, 16, 31, 25, 41, 14, 31, 19, 37, 31, 16, 31, 18, 31, 16, 31, 26, 41, 37, 25, 25, 31, 14, 31, 16, 41, 4, 37, 31, 33, 16, 31, 16, 31, 14, 31, 19, 33, 31, 16, 31, 16, 41, 5, 37, 31, 31, 31, 31, 31, 41, 4, 31, 31, 41, 44, 42, 41, 2]",[C][C][Branch2][Ring1][Branch2][N][C][O][C][Branch1][=C][C][Branch1][Ring1][=Branch1][C][=O][N][C][=C][C][=N][C][=C][C][Branch2][Ring1][N][Branch1][Branch1][C][=Branch1][C][=C][Ring1][#Branch1][N][C][F][=C][C][=C][C][=Branch1][C][=O][F][C][=C][C][=C][Ring1][#Branch2][N][C][C][C][C][C][Ring1][#Branch1][C][C][Ring1][S][Ring2][Ring1],True,67
1.0,31,"[1, 31, 31, 31, 41, 26, 31, 14, 31, 19, 31, 16, 31, 16, 25, 31, 39, 31, 16, 25, 15, 31, 14, 31, 19, 37, 31, 25, 31, 37, 31, 31, 18, 31, 14, 31, 25, 31, 18, 41, 4, 19, 19, 37, 31, 31, 16, 41, 14, 2]",[C][C][C][Ring1][Branch2][C][=Branch1][C][=O][C][=C][C][=C][Branch1][C][O][C][=C][Branch1][=Branch2][C][=Branch1][C][=O][N][C][Branch1][C][N][C][C][=N][C][=Branch1][C][Branch1][C][=N][Ring1][#Branch1][=O][=O][N][C][C][=C][Ring1][=Branch1],True,48
1.0,32,"[1, 31, 31, 37, 31, 14, 31, 19, 37, 31, 31, 18, 16, 31, 16, 31, 16, 42, 14, 16, 41, 14, 31, 16, 37, 16, 31, 16, 41, 14, 31, 19, 31, 25, 31, 31, 25, 31, 41, 44, 42, 41, 39, 31, 31, 37, 2]",[C][C][N][C][=Branch1][C][=O][N][C][C][=N][=C][C][=C][C][=C][Ring2][=Branch1][=C][Ring1][=Branch1][C][=C][N][=C][C][=C][Ring1][=Branch1][C][=O][C][Branch1][C][C][Branch1][C][Ring1][S][Ring2][Ring1][O][C][C][N],True,45
1.0,33,"[1, 31, 39, 31, 16, 31, 16, 25, 4, 31, 16, 31, 16, 25, 31, 33, 16, 31, 16, 41, 26, 41, 44, 31, 37, 31, 31, 31, 18, 41, 15, 37, 31, 31, 31, 41, 26, 2]",[C][O][C][=C][C][=C][Branch1][#Branch1][C][=C][C][=C][Branch1][C][F][=C][C][=C][Ring1][Branch2][Ring1][S][C][N][C][C][C][=N][Ring1][=Branch2][N][C][C][C][Ring1][Branch2],True,36
1.0,34,"[1, 31, 31, 16, 31, 16, 41, 14, 31, 19, 31, 16, 31, 16, 31, 16, 25, 31, 39, 31, 37, 25, 31, 31, 31, 31, 31, 33, 16, 31, 16, 41, 14, 2]",[C][C][=C][C][=C][Ring1][=Branch1][C][=O][C][=C][C][=C][C][=C][Branch1][C][O][C][N][Branch1][C][C][C][C][C][F][=C][C][=C][Ring1][=Branch1],True,32
1.0,35,"[1, 31, 31, 14, 31, 19, 39, 31, 16, 31, 16, 31, 25, 5, 44, 37, 31, 16, 31, 16, 31, 16, 31, 25, 31, 32, 16, 41, 14, 31, 19, 39, 31, 31, 25, 31, 39, 37, 31, 41, 15, 2]",[C][C][=Branch1][C][=O][O][C][=C][C][=C][C][Branch1][#Branch2][S][N][C][=C][C][=C][C][=C][C][Branch1][C][Cl][=C][Ring1][=Branch1][C][=O][O][C][C][Branch1][C][O][N][C][Ring1][=Branch2],True,40
1.0,36,"[1, 31, 31, 31, 16, 31, 25, 14, 31, 19, 37, 16, 31, 16, 31, 26, 41, 6, 31, 16, 31, 16, 37, 18, 31, 16, 41, 14, 31, 18, 41, 18, 31, 16, 37, 41, 14, 2]",[C][C][C][=C][C][Branch1][=Branch1][C][=O][N][=C][C][=C][C][Branch2][Ring1][#C][C][=C][C][=C][N][=N][C][=C][Ring1][=Branch1][C][=N][Ring1][=N][C][=C][N][Ring1][=Branch1],True,36
1.0,37,"[1, 31, 31, 25, 31, 31, 14, 31, 19, 37, 31, 37, 31, 16, 31, 14, 31, 19, 31, 16, 31, 25, 31, 31, 32, 31, 16, 41, 5, 37, 31, 16, 31, 16, 31, 16, 31, 25, 31, 32, 16, 31, 16, 41, 44, 25, 31, 31, 31, 18, 41, 6, 20, 4, 2]",[C][C][Branch1][C][C][=Branch1][C][=O][N][C][N][C][=C][C][=Branch1][C][=O][C][=C][C][Branch1][C][C][Cl][C][=C][Ring1][#Branch2][N][C][=C][C][=C][C][=C][C][Branch1][C][Cl][=C][C][=C][Ring1][S][Branch1][C][C][C][=N][Ring1][#C][=Ring1][#Branch1],True,53
1.0,38,"[1, 31, 31, 25, 31, 16, 31, 16, 25, 40, 37, 31, 31, 31, 16, 31, 31, 16, 41, 4, 31, 14, 37, 31, 19, 19, 37, 16, 31, 16, 31, 16, 25, 31, 33, 31, 16, 41, 39, 31, 16, 31, 37, 44, 42, 41, 14, 39, 31, 19, 31, 31, 31, 41, 5, 2]",[C][C][Branch1][C][=C][C][=C][Branch1][P][N][C][C][C][=C][C][C][=C][Ring1][#Branch1][C][=Branch1][N][C][=O][=O][N][=C][C][=C][C][=C][Branch1][C][F][C][=C][Ring1][O][C][=C][C][N][S][Ring2][Ring1][=Branch1][O][C][=O][C][C][C][Ring1][#Branch2],True,54
1.0,39,"[1, 31, 37, 25, 31, 31, 31, 31, 31, 25, 39, 25, 41, 44, 41, 14, 31, 37, 31, 31, 31, 18, 31, 25, 14, 31, 19, 14, 16, 41, 4, 37, 31, 31, 16, 31, 16, 41, 14, 2]",[C][N][Branch1][C][C][C][C][C][Branch1][O][Branch1][Ring1][S][Ring1][=Branch1][C][N][C][C][C][=N][C][Branch1][=Branch1][C][=O][=Branch1][=C][Ring1][#Branch1][N][C][C][=C][C][=C][Ring1][=Branch1],True,38
1.0,40,"[1, 16, 14, 31, 19, 31, 16, 37, 31, 26, 42, 41, 31, 18, 31, 14, 31, 37, 31, 31, 25, 44, 37, 31, 16, 25, 31, 16, 25, 15, 31, 32, 31, 20, 44, 31, 31, 16, 41, 14, 31, 16, 31, 16, 41, 6, 2]",[=C][=Branch1][C][=O][C][=C][N][C][Branch2][Ring2][Ring1][C][=N][C][=Branch1][C][N][C][C][Branch1][S][N][C][=C][Branch1][C][=C][Branch1][=Branch2][C][Cl][C][=Ring1][S][C][C][=C][Ring1][=Branch1][C][=C][C][=C][Ring1][#C],True,45
1.0,41,"[1, 39, 16, 25, 31, 31, 25, 18, 31, 31, 31, 31, 16, 31, 16, 41, 4, 31, 16, 25, 37, 31, 37, 26, 2]",[O][=C][Branch1][C][C][Branch1][=N][C][C][C][C][=C][C][=C][Ring1][#Branch1][C][=C][Branch1][N][C][N][Branch2],True,23
1.0,42,"[1, 31, 31, 31, 14, 31, 19, 31, 14, 31, 19, 31, 16, 31, 16, 41, 4, 31, 16, 31, 16, 25, 41, 14, 37, 31, 37, 25, 5, 39, 31, 31, 25, 31, 33, 31, 37, 31, 31, 41, 14, 31, 16, 31, 31, 16, 25, 44, 2]",[C][C][C][=Branch1][C][=O][C][=Branch1][C][=O][C][=C][C][=C][Ring1][#Branch1][C][=C][C][=C][Branch1][Ring1][=Branch1][N][C][N][Branch1][#Branch2][O][C][C][Branch1][C][F][C][N][C][C][Ring1][=Branch1][C][=C][C][C][=C][Branch1][S],True,47
1.0,43,"[1, 31, 31, 16, 31, 16, 26, 41, 31, 16, 25, 5, 31, 16, 31, 18, 31, 16, 31, 14, 31, 19, 37, 31, 31, 31, 16, 31, 25, 31, 31, 39, 41, 14, 16, 31, 16, 2]",[C][C][=C][C][=C][Branch2][Ring1][C][=C][Branch1][#Branch2][C][=C][C][=N][C][=C][C][=Branch1][C][=O][N][C][C][C][=C][C][Branch1][C][C][O][Ring1][=Branch1][=C][C][=C],True,36
1.0,44,"[1, 31, 31, 31, 16, 31, 16, 16, 31, 16, 25, 41, 14, 39, 31, 14, 31, 19, 37, 31, 16, 31, 16, 31, 16, 31, 16, 42, 41, 4, 31, 41, 14, 31, 16, 2]",[C][C][C][=C][C][=C][=C][C][=C][Branch1][Ring1][=Branch1][O][C][=Branch1][C][=O][N][C][=C][C][=C][C][=C][C][=C][Ring2][Ring1][#Branch1][C][Ring1][=Branch1][C][=C],True,34
1.0,45,"[1, 31, 31, 37, 26, 41, 31, 25, 31, 39, 31, 39, 39, 31, 16, 31, 16, 25, 4, 37, 31, 31, 25, 31, 19, 37, 31, 31, 31, 31, 41, 26, 31, 31, 16, 31, 25, 31, 16, 31, 32, 44, 41, 14, 31, 16, 41, 15, 16, 31, 16, 42, 41, 31, 42, 41, 14, 2]",[C][C][N][Branch2][Ring1][C][Branch1][C][O][C][O][O][C][=C][C][=C][Branch1][#Branch1][N][C][C][Branch1][C][=O][N][C][C][C][C][Ring1][Branch2][C][C][=C][C][Branch1][C][=C][C][Cl][S][Ring1][=Branch1][C][=C][Ring1][=Branch2][=C][C][=C][Ring2][Ring1][C][Ring2][Ring1][=Branch1],True,56
1.0,46,"[1, 31, 39, 31, 18, 31, 16, 31, 16, 25, 31, 16, 31, 16, 41, 4, 31, 14, 31, 19, 16, 25, 18, 31, 37, 31, 14, 31, 19, 37, 31, 41, 31, 31, 31, 31, 25, 41, 6, 16, 42, 41, 42, 41, 31, 16, 31, 2]",[C][O][C][=N][C][=C][C][=C][Branch1][C][=C][C][=C][Ring1][#Branch1][C][=Branch1][C][=O][=C][Branch1][=N][C][N][C][=Branch1][C][=O][N][C][Ring1][C][C][C][C][Branch1][Ring1][#C][=C][Ring2][Ring1][Ring2][Ring1][C][=C][C],True,46
1.0,47,"[1, 31, 31, 31, 31, 31, 37, 31, 16, 37, 16, 31, 16, 31, 16, 25, 18, 31, 16, 41, 14, 2]",[C][C][C][C][C][N][C][=C][N][=C][C][=C][C][=C][Branch1][=N][C][=C][Ring1][=Branch1],True,20
1.0,48,"[1, 31, 31, 25, 31, 31, 25, 31, 39, 31, 14, 31, 19, 31, 16, 39, 31, 31, 31, 16, 31, 25, 4, 31, 31, 16, 41, 4, 16, 37, 31, 37, 25, 31, 33, 31, 31, 25, 15, 16, 31, 16, 31, 16, 42, 41, 14, 41, 15, 2]",[C][C][Branch1][C][C][Branch1][C][O][C][=Branch1][C][=O][C][=C][O][C][C][C][=C][C][Branch1][#Branch1][C][C][=C][Ring1][#Branch1][=C][N][C][N][Branch1][C][F][C][C][Branch1][=Branch2][=C][C][=C][C][=C][Ring2][Ring1][=Branch1][Ring1][=Branch2],True,48
1.0,49,"[1, 31, 37, 16, 31, 16, 26, 42, 25, 40, 31, 31, 31, 31, 14, 31, 19, 29, 41, 31, 26, 25, 16, 31, 16, 41, 4, 2]",[C][N][=C][C][=C][Branch2][Ring2][Branch1][P][C][C][C][C][=Branch1][C][=O][C@H1][Ring1][C][Branch2][Branch1][=C][C][=C][Ring1][#Branch1],True,26
1.0,50,"[1, 37, 25, 14, 31, 39, 31, 31, 18, 31, 16, 31, 16, 16, 41, 14, 37, 18, 31, 25, 18, 31, 16, 31, 16, 31, 18, 41, 14, 2]",[N][Branch1][=Branch1][C][O][C][C][=N][C][=C][C][=C][=C][Ring1][=Branch1][N][=N][C][Branch1][=N][C][=C][C][=C][C][=N][Ring1][=Branch1],True,28
1.0,51,"[1, 37, 31, 39, 31, 18, 31, 31, 26, 26, 42, 16, 31, 16, 31, 25, 16, 41, 14, 31, 16, 41, 5, 37, 31, 31, 39, 31, 31, 16, 31, 16, 41, 4, 2]",[N][C][O][C][=N][C][C][Branch2][Branch2][Ring2][=C][C][=C][C][Branch1][=C][Ring1][=Branch1][C][=C][Ring1][#Branch2][N][C][C][O][C][C][=C][C][=C][Ring1][#Branch1],True,33
1.0,52,"[1, 31, 37, 31, 14, 31, 19, 31, 16, 31, 16, 25, 15, 37, 16, 31, 16, 25, 31, 16, 31, 16, 41, 14, 31, 19, 39, 31, 16, 41, 14, 31, 31, 14, 31, 19, 31, 31, 16, 31, 16, 41, 14, 31, 16, 41, 14, 2]",[C][N][C][=Branch1][C][=O][C][=C][C][=C][Branch1][=Branch2][N][=C][C][=C][Branch1][C][=C][C][=C][Ring1][=Branch1][C][=O][O][C][=C][Ring1][=Branch1][C][C][=Branch1][C][=O][C][C][=C][C][=C][Ring1][=Branch1][C][=C][Ring1][=Branch1],True,46
1.0,53,"[1, 31, 31, 16, 31, 16, 37, 16, 31, 25, 16, 31, 16, 41, 14, 31, 31, 25, 31, 32, 31, 16, 26, 41, 44, 25, 37, 2]",[C][C][=C][C][=C][N][=C][C][Branch1][=C][C][=C][Ring1][=Branch1][C][C][Branch1][C][Cl][C][=C][Branch2][Ring1][S][Branch1][N],True,26
1.0,54,"[1, 31, 39, 31, 16, 31, 16, 31, 16, 37, 16, 25, 31, 32, 31, 16, 31, 16, 31, 16, 41, 14, 31, 19, 41, 15, 37, 18, 2]",[C][O][C][=C][C][=C][C][=C][N][=C][Branch1][C][Cl][C][=C][C][=C][C][=C][Ring1][=Branch1][C][=O][Ring1][=Branch2][N][=N],True,27
1.0,55,"[1, 31, 31, 37, 31, 25, 18, 31, 16, 31, 16, 31, 16, 25, 5, 37, 31, 41, 31, 44, 37, 31, 37, 31, 31, 16, 41, 14, 31, 19, 2]",[C][C][N][C][Branch1][=N][C][=C][C][=C][C][=C][Branch1][#Branch2][N][C][Ring1][C][S][N][C][N][C][C][=C][Ring1][=Branch1][C][=O],True,29
1.0,56,"[1, 31, 31, 31, 16, 31, 26, 42, 41, 14, 31, 39, 31, 18, 31, 25, 15, 31, 25, 31, 16, 41, 37, 31, 37, 31, 25, 15, 31, 18, 31, 16, 31, 16, 41, 14, 18, 41, 40, 31, 16, 37, 16, 31, 25, 31, 31, 16, 31, 16, 41, 14, 19, 19, 31, 31, 31, 31, 42, 41, 15, 2]",[C][C][C][=C][C][Branch2][Ring2][Ring1][=Branch1][C][O][C][=N][C][Branch1][=Branch2][C][Branch1][C][=C][Ring1][N][C][N][C][Branch1][=Branch2][C][=N][C][=C][C][=C][Ring1][=Branch1][=N][Ring1][P][C][=C][N][=C][C][Branch1][C][C][=C][C][=C][Ring1][=Branch1][=O][=O][C][C][C][C][Ring2][Ring1][=Branch2],True,60
1.0,57,"[1, 39, 16, 26, 41, 26, 37, 31, 31, 31, 31, 31, 37, 25, 31, 31, 31, 25, 39, 31, 39, 31, 41, 26, 31, 25, 15, 44, 41, 39, 31, 31, 31, 31, 31, 26, 41, 15, 31, 26, 37, 31, 31, 31, 37, 31, 16, 41, 14, 31, 25, 37, 31, 31, 19, 19, 44, 41, 31, 31, 42, 41, 14, 31, 16, 41, 6, 33, 25, 31, 14, 31, 33, 42, 25, 41, 14, 42, 25, 44, 18, 31, 19, 44, 31, 19, 39, 31, 31, 20, 4, 29, 41, 6, 37, 31, 2]",[O][=C][Branch2][Ring1][Branch2][N][C][C][C][C][C][N][Branch1][C][C][C][Branch1][O][C][O][C][Ring1][Branch2][C][Branch1][=Branch2][S][Ring1][O][C][C][C][C][C][Branch2][Ring1][=Branch2][C][Branch2][N][C][C][C][N][C][=C][Ring1][=Branch1][C][Branch1][N][C][C][=O][=O][S][Ring1][C][C][Ring2][Ring1][=Branch1][C][=C][Ring1][#C][F][Branch1][C][=Branch1][C][F][Ring2][Branch1][Ring1][=Branch1][Ring2][Branch1][S][=N][C][=O][S][C][=O][O][C][C][=Ring1][#Branch1][C@H1][Ring1][#C][N][C],True,95
1.0,58,"[1, 37, 16, 31, 16, 37, 31, 26, 41, 18, 31, 31, 16, 31, 16, 31, 16, 31, 16, 41, 14, 31, 41, 14, 31, 19, 36, 31, 16, 31, 20, 41, 39, 31, 16, 41, 15, 31, 16, 42, 42, 41, 14, 2]",[N][=C][C][=C][N][C][Branch2][Ring1][=N][C][C][=C][C][=C][C][=C][C][=C][Ring1][=Branch1][C][Ring1][=Branch1][C][=O][NH1][C][=C][C][=Ring1][Ring1][O][C][=C][Ring1][=Branch2][C][=C][Ring2][Ring2][Ring1][=Branch1],True,42
1.0,59,"[1, 31, 31, 37, 31, 37, 25, 31, 37, 31, 44, 14, 31, 19, 31, 16, 31, 16, 31, 16, 31, 25, 39, 31, 16, 41, 18, 31, 16, 31, 16, 42, 41, 44, 31, 16, 41, 4, 32, 16, 42, 41, 4, 2]",[C][C][N][C][N][Branch1][C][N][C][S][=Branch1][C][=O][C][=C][C][=C][C][=C][C][Branch1][O][C][=C][Ring1][=N][C][=C][C][=C][Ring2][Ring1][S][C][=C][Ring1][#Branch1][Cl][=C][Ring2][Ring1][#Branch1],True,42
1.0,60,"[1, 31, 39, 31, 16, 31, 25, 15, 31, 16, 31, 16, 41, 6, 31, 25, 31, 31, 39, 31, 16, 25, 31, 18, 37, 16, 31, 39, 31, 31, 25, 14, 39, 31, 19, 37, 16, 31, 16, 31, 16, 41, 14, 37, 31, 42, 41, 39, 16, 31, 42, 41, 16, 42, 41, 31, 42, 41, 25, 31, 16, 42, 19, 2]",[C][O][C][=C][C][Branch1][=Branch2][C][=C][C][=C][Ring1][#C][C][Branch1][C][C][O][C][=C][Branch1][C][=N][N][=C][C][O][C][C][Branch1][=Branch1][O][C][=O][N][=C][C][=C][C][=C][Ring1][=Branch1][N][C][Ring2][Ring1][O][=C][C][Ring2][Ring1][=C][Ring2][Ring1][C][Ring2][Ring1][Branch1][C][=C][Ring2][=O],True,62
1.0,61,"[1, 31, 31, 25, 31, 39, 31, 25, 31, 31, 39, 31, 37, 25, 31, 31, 18, 31, 16, 31, 16, 25, 31, 32, 16, 41, 4, 2]",[C][C][Branch1][C][O][C][Branch1][C][C][O][C][N][Branch1][C][C][=N][C][=C][C][=C][Branch1][C][Cl][=C][Ring1][#Branch1],True,26
1.0,62,"[1, 31, 31, 25, 31, 31, 31, 31, 14, 31, 19, 37, 31, 25, 18, 37, 31, 26, 41, 31, 16, 31, 16, 41, 14, 39, 31, 31, 16, 25, 31, 32, 31, 16, 25, 18, 41, 6, 2]",[C][C][Branch1][C][C][C][C][=Branch1][C][=O][N][C][Branch1][=N][N][C][Branch2][Ring1][C][=C][C][=C][Ring1][=Branch1][O][C][C][=C][Branch1][C][Cl][C][=C][Branch1][=N][Ring1][#C],True,37
1.0,63,"[1, 31, 31, 37, 26, 41, 37, 31, 25, 37, 31, 31, 31, 31, 14, 31, 19, 31, 14, 44, 14, 41, 31, 19, 31, 41, 37, 31, 25, 31, 31, 31, 31, 16, 31, 16, 31, 16, 25, 31, 31, 18, 41, 44, 31, 32, 31, 25, 31, 39, 31, 16, 31, 41, 14, 31, 31, 42, 41, 26, 2]",[C][C][N][Branch2][Ring1][N][C][Branch1][N][C][C][C][C][=Branch1][C][=O][C][=Branch1][S][=Branch1][Ring1][C][=O][C][Ring1][N][C][Branch1][C][C][C][C][=C][C][=C][C][=C][Branch1][C][C][=N][Ring1][S][C][Cl][C][Branch1][C][O][C][=C][C][Ring1][=Branch1][C][C][Ring2][Ring1][Branch2],True,59
1.0,64,"[1, 37, 31, 16, 31, 16, 25, 31, 31, 16, 41, 4, 31, 41, 25, 31, 39, 39, 2]",[N][C][=C][C][=C][Branch1][C][C][=C][Ring1][#Branch1][C][Ring1][Branch1][C][O][O],True,17
1.0,65,"[1, 31, 31, 37, 31, 31, 39, 31, 37, 31, 16, 31, 16, 16, 25, 31, 32, 16, 41, 40, 31, 16, 31, 16, 42, 14, 18, 41, 31, 39, 2]",[C][C][N][C][C][O][C][N][C][=C][C][=C][=C][Branch1][C][Cl][=C][Ring1][P][C][=C][C][=C][Ring2][=Branch1][=N][Ring1][C][O],True,29
1.0,66,"[1, 31, 39, 31, 16, 31, 14, 31, 19, 31, 31, 16, 26, 42, 26, 42, 4, 37, 31, 31, 31, 18, 37, 31, 16, 25, 39, 31, 16, 25, 31, 32, 31, 32, 31, 39, 31, 16, 41, 5, 31, 31, 31, 16, 42, 41, 15, 16, 42, 42, 41, 39, 2]",[C][O][C][=C][C][=Branch1][C][=O][C][C][=C][Branch2][Ring2][Branch2][Ring2][#Branch1][N][C][C][C][=N][N][C][=C][Branch1][O][C][=C][Branch1][C][Cl][C][Cl][C][O][C][=C][Ring1][#Branch2][C][C][C][=C][Ring2][Ring1][=Branch2][=C][Ring2][Ring2][Ring1][O],True,51
1.0,67,"[1, 31, 31, 39, 25, 18, 37, 31, 16, 31, 16, 26, 41, 18, 37, 31, 31, 16, 25, 15, 31, 16, 37, 14, 31, 19, 37, 31, 16, 31, 16, 41, 14, 31, 19, 37, 31, 31, 41, 4, 31, 31, 41, 40, 31, 31, 31, 31, 25, 31, 25, 31, 31, 41, 15, 2]",[C][C][O][Branch1][=N][N][C][=C][C][=C][Branch2][Ring1][=N][N][C][C][=C][Branch1][=Branch2][C][=C][N][=Branch1][C][=O][N][C][=C][C][=C][Ring1][=Branch1][C][=O][N][C][C][Ring1][#Branch1][C][C][Ring1][P][C][C][C][C][Branch1][C][Branch1][C][C][Ring1][=Branch2],True,54
1.0,68,"[1, 39, 16, 26, 31, 16, 26, 42, 37, 31, 31, 31, 31, 16, 31, 16, 26, 41, 5, 31, 26, 41, 39, 31, 31, 39, 31, 31, 16, 42, 41, 41, 39, 31, 31, 31, 25, 31, 39, 37, 31, 31, 25, 31, 31, 39, 16, 31, 16, 41, 16, 42, 41, 5, 2]",[O][=C][Branch2][C][=C][Branch2][Ring2][N][C][C][C][C][=C][C][=C][Branch2][Ring1][#Branch2][C][Branch2][Ring1][O][C][C][O][C][C][=C][Ring2][Ring1][Ring1][O][C][C][C][Branch1][C][O][N][C][C][Branch1][C][C][O][=C][C][=C][Ring1][=C][Ring2][Ring1][#Branch2],True,53
1.0,69,"[1, 31, 31, 37, 31, 26, 41, 26, 37, 31, 14, 31, 19, 37, 29, 37, 31, 31, 37, 25, 15, 31, 16, 31, 16, 31, 25, 37, 31, 16, 41, 39, 31, 41, 4, 31, 31, 18, 31, 37, 41, 18, 42, 31, 39, 2]",[C][C][N][C][Branch2][Ring1][Branch2][N][C][=Branch1][C][=O][N][C@H1][N][C][C][N][Branch1][=Branch2][C][=C][C][=C][C][Branch1][N][C][=C][Ring1][O][C][Ring1][#Branch1][C][C][=N][C][N][Ring1][=N][Ring2][C][O],True,44
1.0,70,"[1, 31, 31, 16, 31, 16, 31, 16, 41, 14, 31, 31, 31, 31, 16, 41, 14, 31, 37, 16, 31, 16, 41, 14, 37, 16, 31, 19, 31, 16, 31, 16, 31, 31, 26, 41, 14, 31, 19, 37, 41, 14, 2]",[C][C][=C][C][=C][C][=C][Ring1][=Branch1][C][C][C][C][=C][Ring1][=Branch1][C][N][=C][C][=C][Ring1][=Branch1][N][=C][C][=O][C][=C][C][=C][C][C][Branch2][Ring1][=Branch1][C][=O][N][Ring1][=Branch1],True,41
1.0,71,"[1, 31, 31, 39, 31, 14, 31, 19, 39, 31, 16, 31, 16, 41, 26, 25, 31, 14, 31, 19, 37, 31, 31, 31, 16, 31, 25, 15, 31, 16, 31, 16, 31, 16, 41, 40, 31, 16, 42, 41, 4, 31, 31, 31, 16, 25, 31, 32, 31, 41, 15, 31, 42, 41, 5, 2]",[C][C][O][C][=Branch1][C][=O][O][C][=C][C][=C][Ring1][Branch2][Branch1][C][=Branch1][C][=O][N][C][C][C][=C][C][Branch1][=Branch2][C][=C][C][=C][C][=C][Ring1][P][C][=C][Ring2][Ring1][#Branch1][C][C][C][=C][Branch1][C][Cl][C][Ring1][=Branch2][C][Ring2][Ring1][#Branch2],True,54
1.0,72,"[1, 31, 39, 31, 16, 37, 25, 31, 31, 16, 31, 16, 25, 31, 37, 16, 26, 41, 18, 31, 16, 31, 16, 31, 18, 31, 16, 31, 26, 41, 40, 37, 31, 31, 31, 25, 41, 44, 2]",[C][O][C][=C][N][Branch1][C][C][=C][C][=C][Branch1][C][N][=C][Branch2][Ring1][=N][C][=C][C][=C][C][=N][C][=C][C][Branch2][Ring1][P][N][C][C][C][Branch1][Ring1][S],True,37
1.0,73,"[1, 31, 31, 14, 31, 19, 39, 31, 16, 31, 16, 31, 25, 41, 4, 37, 31, 16, 31, 16, 31, 16, 41, 14, 2]",[C][C][=Branch1][C][=O][O][C][=C][C][=C][C][Branch1][Ring1][#Branch1][N][C][=C][C][=C][C][=C][Ring1][=Branch1],True,23
1.0,74,"[1, 37, 16, 37, 16, 25, 31, 31, 18, 31, 16, 31, 16, 31, 31, 16, 41, 6, 16, 31, 37, 41, 5, 41, 25, 6, 20, 31, 31, 31, 37, 31, 16, 31, 16, 31, 20, 41, 26, 42, 41, 6, 37, 19, 2]",[N][=C][N][=C][Branch1][C][C][=N][C][=C][C][=C][C][C][=C][Ring1][#C][=C][C][N][Ring1][#Branch2][Ring1][Branch1][#C][=Ring1][C][C][C][N][C][=C][C][=C][C][=Ring1][Ring1][Branch2][Ring2][Ring1][#C][N][=O],True,43
1.0,75,"[1, 31, 39, 31, 14, 31, 19, 31, 18, 31, 16, 31, 16, 41, 14, 37, 16, 25, 31, 33, 31, 16, 41, 5, 37, 31, 16, 31, 16, 31, 25, 18, 31, 16, 41, 14, 31, 19, 31, 31, 16, 42, 41, 16, 31, 33, 33, 16, 31, 16, 31, 31, 16, 41, 44, 41, 14, 39, 31, 42, 41, 40, 19, 19, 31, 2]",[C][O][C][=Branch1][C][=O][C][=N][C][=C][C][=C][Ring1][=Branch1][N][=C][Branch1][C][F][C][=C][Ring1][#Branch2][N][C][=C][C][=C][C][Branch1][=N][C][=C][Ring1][=Branch1][C][=O][C][C][=C][Ring2][Ring1][=C][C][F][F][=C][C][=C][C][C][=C][Ring1][S][Ring1][=Branch1][O][C][Ring2][Ring1][P][=O][=O][C],True,64
1.0,76,"[1, 37, 31, 18, 31, 16, 31, 16, 31, 16, 25, 31, 36, 31, 31, 25, 31, 32, 16, 41, 5, 16, 31, 26, 41, 15, 2]",[N][C][=N][C][=C][C][=C][C][=C][Branch1][C][NH1][C][C][Branch1][C][Cl][=C][Ring1][#Branch2][=C][C][Branch2][Ring1][=Branch2],True,25
1.0,77,"[1, 31, 31, 31, 18, 31, 16, 31, 31, 26, 42, 41, 14, 31, 16, 31, 16, 41, 5, 2]",[C][C][C][=N][C][=C][C][C][Branch2][Ring2][Ring1][=Branch1][C][=C][C][=C][Ring1][#Branch2],True,18
1.0,78,"[1, 31, 31, 16, 31, 16, 26, 41, 31, 18, 31, 14, 31, 19, 37, 26, 41, 39, 31, 16, 31, 16, 37, 18, 31, 14, 31, 19, 14, 31, 19, 37, 16, 31, 16, 41, 5, 31, 42, 41, 40, 2]",[C][C][=C][C][=C][Branch2][Ring1][C][=N][C][=Branch1][C][=O][N][Branch2][Ring1][O][C][=C][C][=C][N][=N][C][=Branch1][C][=O][=Branch1][C][=O][N][=C][C][=C][Ring1][#Branch2][C][Ring2][Ring1][P],True,40
1.0,79,"[1, 31, 31, 18, 31, 16, 26, 41, 40, 31, 16, 31, 16, 25, 15, 37, 31, 18, 31, 16, 41, 4, 33, 31, 16, 41, 6, 37, 44, 31, 14, 37, 25, 31, 31, 25, 31, 39, 25, 31, 31, 31, 33, 32, 16, 41, 40, 2]",[C][C][=N][C][=C][Branch2][Ring1][P][C][=C][C][=C][Branch1][=Branch2][N][C][=N][C][=C][Ring1][#Branch1][F][C][=C][Ring1][#C][N][S][C][=Branch1][N][Branch1][C][C][Branch1][C][O][Branch1][C][C][C][F][Cl][=C][Ring1][P],True,46
1.0,80,"[1, 31, 37, 31, 16, 26, 42, 41, 41, 14, 31, 19, 31, 18, 31, 31, 16, 31, 16, 25, 15, 31, 16, 25, 15, 31, 16, 31, 16, 31, 16, 41, 4, 33, 31, 16, 42, 41, 15, 37, 31, 31, 16, 31, 25, 31, 31, 32, 16, 31, 18, 42, 41, 44, 25, 31, 18, 41, 4, 2]",[C][N][C][=C][Branch2][Ring2][Ring1][Ring1][=Branch1][C][=O][C][=N][C][C][=C][C][=C][Branch1][=Branch2][C][=C][Branch1][=Branch2][C][=C][C][=C][C][=C][Ring1][#Branch1][F][C][=C][Ring2][Ring1][=Branch2][N][C][C][=C][C][Branch1][C][C][Cl][=C][C][=N][Ring2][Ring1][S][Branch1][C][=N][Ring1][#Branch1],True,58
1.0,81,"[1, 31, 39, 31, 25, 31, 14, 31, 19, 39, 31, 16, 31, 16, 25, 16, 31, 18, 41, 14, 31, 16, 25, 31, 31, 41, 41, 44, 31, 31, 25, 5, 31, 39, 31, 31, 18, 42, 31, 25, 16, 31, 39, 31, 16, 42, 25, 15, 31, 25, 31, 31, 25, 31, 33, 16, 41, 14, 31, 19, 14, 31, 31, 19, 31, 14, 2]",[C][O][C][Branch1][C][=Branch1][C][=O][O][C][=C][C][=C][Branch1][=C][C][=N][Ring1][=Branch1][C][=C][Branch1][C][C][Ring1][Ring1][S][C][C][Branch1][#Branch2][C][O][C][C][=N][Ring2][C][Branch1][=C][C][O][C][=C][Ring2][Branch1][=Branch2][C][Branch1][C][C][Branch1][C][F][=C][Ring1][=Branch1][C][=O][=Branch1][C][C][=O][C][=Branch1],True,65
1.0,82,"[1, 39, 16, 25, 31, 37, 31, 16, 37, 16, 31, 26, 41, 14, 31, 19, 37, 31, 16, 31, 25, 31, 14, 31, 19, 37, 31, 16, 41, 39, 31, 16, 42, 41, 5, 37, 31, 31, 31, 16, 31, 25, 15, 39, 31, 31, 31, 16, 31, 18, 41, 14, 31, 31, 42, 41, 37, 31, 16, 42, 41, 40, 2]",[O][=C][Branch1][C][N][C][=C][N][=C][C][Branch2][Ring1][=Branch1][C][=O][N][C][=C][C][Branch1][C][=Branch1][C][=O][N][C][=C][Ring1][O][C][=C][Ring2][Ring1][#Branch2][N][C][C][C][=C][C][Branch1][=Branch2][O][C][C][C][=C][C][=N][Ring1][=Branch1][C][C][Ring2][Ring1][N][C][=C][Ring2][Ring1][P],True,61
1.0,83,"[1, 31, 37, 26, 42, 31, 14, 31, 19, 31, 25, 15, 31, 16, 31, 16, 31, 16, 26, 41, 15, 37, 31, 31, 16, 25, 5, 31, 39, 31, 14, 31, 19, 39, 31, 41, 18, 2]",[C][N][Branch2][Ring2][C][=Branch1][C][=O][C][Branch1][=Branch2][C][=C][C][=C][C][=C][Branch2][Ring1][=Branch2][N][C][C][=C][Branch1][#Branch2][C][O][C][=Branch1][C][=O][O][C][Ring1][=N],True,36
1.0,84,"[1, 37, 31, 16, 31, 37, 26, 41, 40, 37, 44, 31, 37, 18, 31, 44, 31, 31, 37, 26, 18, 31, 16, 31, 14, 31, 19, 14, 31, 19, 31, 16, 31, 41, 15, 31, 16, 25, 37, 31, 16, 41, 40, 44, 41, 26, 2]",[N][C][=C][C][N][Branch2][Ring1][P][N][S][C][N][=N][C][S][C][C][N][Branch2][=N][C][=C][C][=Branch1][C][=O][=Branch1][C][=O][C][=C][C][Ring1][=Branch2][C][=C][Branch1][N][C][=C][Ring1][P][S][Ring1][Branch2],True,45
1.0,85,"[1, 31, 39, 31, 16, 31, 31, 25, 18, 31, 16, 31, 16, 31, 16, 25, 15, 31, 16, 37, 41, 40, 37, 31, 31, 31, 25, 44, 2]",[C][O][C][=C][C][C][Branch1][=N][C][=C][C][=C][C][=C][Branch1][=Branch2][C][=C][N][Ring1][P][N][C][C][C][Branch1][S],True,27
1.0,86,"[1, 31, 37, 31, 16, 31, 16, 25, 31, 31, 16, 31, 16, 41, 14, 16, 31, 16, 41, 14, 31, 16, 37, 31, 16, 25, 41, 18, 2]",[C][N][C][=C][C][=C][Branch1][C][C][=C][C][=C][Ring1][=Branch1][=C][C][=C][Ring1][=Branch1][C][=C][N][C][=C][Branch1][Ring1][=N],True,27
1.0,87,"[1, 31, 31, 25, 31, 39, 31, 37, 31, 31, 16, 16, 25, 6, 31, 37, 16, 31, 16, 31, 16, 31, 16, 41, 14, 37, 26, 31, 14, 31, 19, 37, 31, 41, 26, 41, 41, 41, 31, 25, 31, 31, 31, 31, 31, 41, 41, 37, 2]",[C][C][Branch1][C][O][C][N][C][C][=C][=C][Branch1][#C][C][N][=C][C][=C][C][=C][C][=C][Ring1][=Branch1][N][Branch2][C][=Branch1][C][=O][N][C][Ring1][Branch2][Ring1][Ring1][Ring1][C][Branch1][C][C][C][C][C][Ring1][Ring1][N],True,47
1.0,88,"[1, 31, 39, 31, 25, 31, 31, 14, 31, 19, 44, 31, 25, 15, 31, 16, 37, 25, 31, 31, 31, 16, 31, 16, 31, 16, 41, 14, 31, 19, 44, 31, 14, 31, 19, 19, 31, 41, 14, 31, 16, 31, 16, 31, 16, 41, 5, 41, 5, 2]",[C][O][C][Branch1][C][C][=Branch1][C][=O][S][C][Branch1][=Branch2][C][=C][N][Branch1][C][C][C][=C][C][=C][C][=C][Ring1][=Branch1][C][=O][S][C][=Branch1][C][=O][=O][C][Ring1][=Branch1][C][=C][C][=C][C][=C][Ring1][#Branch2][Ring1][#Branch2],True,48
1.0,89,"[1, 31, 39, 25, 37, 31, 31, 16, 31, 16, 25, 31, 16, 31, 32, 16, 41, 5, 16, 37, 18, 39, 25, 31, 37, 31, 14, 39, 31, 14, 31, 19, 31, 16, 25, 41, 39, 31, 31, 31, 41, 44, 2]",[C][O][Branch1][N][C][C][=C][C][=C][Branch1][C][=C][C][Cl][=C][Ring1][#Branch2][=C][N][=N][O][Branch1][C][N][C][=Branch1][O][C][=Branch1][C][=O][C][=C][Branch1][Ring1][O][C][C][C][Ring1][S],True,41
1.0,90,"[1, 31, 31, 37, 31, 25, 26, 31, 31, 37, 31, 16, 26, 42, 6, 37, 31, 16, 31, 16, 31, 16, 31, 16, 25, 31, 33, 25, 31, 32, 16, 31, 14, 39, 16, 41, 4, 37, 25, 31, 31, 19, 37, 16, 42, 41, 6, 31, 31, 31, 42, 41, 37, 42, 16, 42, 41, 25, 31, 31, 31, 31, 19, 2]",[C][C][N][C][Branch1][Branch2][C][C][N][C][=C][Branch2][Ring2][#C][N][C][=C][C][=C][C][=C][C][=C][Branch1][C][F][Branch1][C][Cl][=C][C][=Branch1][O][=C][Ring1][#Branch1][N][Branch1][C][C][=O][N][=C][Ring2][Ring1][#C][C][C][C][Ring2][Ring1][N][Ring2][=C][Ring2][Ring1][Branch1][C][C][C][C][=O],True,62
1.0,91,"[1, 31, 31, 31, 16, 31, 14, 31, 19, 37, 26, 41, 31, 31, 31, 16, 31, 16, 41, 14, 31, 37, 18, 31, 31, 37, 31, 16, 31, 25, 15, 31, 31, 37, 16, 31, 16, 31, 31, 16, 41, 14, 41, 14, 31, 19, 16, 41, 14, 16, 41, 14, 16, 42, 41, 18, 2]",[C][C][C][=C][C][=Branch1][C][=O][N][Branch2][Ring1][C][C][C][=C][C][=C][Ring1][=Branch1][C][N][=N][C][C][N][C][=C][C][Branch1][=Branch2][C][C][N][=C][C][=C][C][C][=C][Ring1][=Branch1][Ring1][=Branch1][C][=O][=C][Ring1][=Branch1][=C][Ring1][=Branch1][=C][Ring2][Ring1][=N],True,55
1.0,92,"[1, 31, 39, 31, 16, 31, 16, 26, 41, 15, 39, 31, 14, 31, 19, 37, 31, 16, 26, 41, 25, 31, 31, 16, 31, 25, 31, 39, 37, 31, 25, 37, 31, 25, 31, 14, 31, 19, 31, 31, 37, 16, 42, 41, 26, 41, 41, 44, 31, 25, 15, 18, 41, 14, 18, 16, 41, 39, 42, 41, 37, 42, 41, 42, 39, 31, 18, 41, 16, 31, 42, 44, 2]",[C][O][C][=C][C][=C][Branch2][Ring1][=Branch2][O][C][=Branch1][C][=O][N][C][=C][Branch2][Ring1][Branch1][C][C][=C][C][Branch1][C][O][N][C][Branch1][N][C][Branch1][C][=Branch1][C][=O][C][C][N][=C][Ring2][Ring1][Branch2][Ring1][Ring1][S][C][Branch1][=Branch2][=N][Ring1][=Branch1][=N][=C][Ring1][O][Ring2][Ring1][N][Ring2][Ring1][Ring2][O][C][=N][Ring1][=C][C][Ring2][S],True,71
1.0,93,"[1, 31, 16, 31, 16, 41, 4, 37, 31, 37, 31, 31, 37, 37, 31, 31, 25, 15, 31, 31, 16, 31, 16, 31, 16, 41, 14, 37, 31, 19, 31, 16, 37, 31, 16, 41, 15, 16, 42, 41, 4, 2]",[C][=C][C][=C][Ring1][#Branch1][N][C][N][C][C][N][N][C][C][Branch1][=Branch2][C][C][=C][C][=C][C][=C][Ring1][=Branch1][N][C][=O][C][=C][N][C][=C][Ring1][=Branch2][=C][Ring2][Ring1][#Branch1],True,40
1.0,94,"[1, 31, 39, 31, 16, 26, 41, 39, 39, 31, 16, 31, 25, 31, 32, 31, 16, 31, 16, 31, 16, 31, 16, 41, 18, 42, 41, 37, 31, 37, 31, 31, 16, 31, 16, 41, 14, 2]",[C][O][C][=C][Branch2][Ring1][O][O][C][=C][C][Branch1][C][Cl][C][=C][C][=C][C][=C][C][=C][Ring1][=N][Ring2][Ring1][N][C][N][C][C][=C][C][=C][Ring1][=Branch1],True,36
1.0,95,"[1, 31, 31, 16, 25, 5, 31, 31, 14, 31, 19, 31, 25, 39, 31, 37, 31, 16, 31, 31, 16, 31, 16, 41, 14, 16, 42, 41, 31, 16, 31, 16, 25, 31, 16, 41, 16, 31, 16, 41, 4, 37, 31, 31, 31, 39, 31, 16, 31, 14, 31, 19, 31, 41, 4, 31, 16, 31, 42, 41, 4, 31, 16, 42, 41, 42, 41, 31, 2]",[C][C][=C][Branch1][#Branch2][C][C][=Branch1][C][=O][C][Branch1][O][C][N][C][=C][C][C][=C][C][=C][Ring1][=Branch1][=C][Ring2][Ring1][C][=C][C][=C][Branch1][C][=C][Ring1][=C][C][=C][Ring1][#Branch1][N][C][C][C][O][C][=C][C][=Branch1][C][=O][C][Ring1][#Branch1][C][=C][C][Ring2][Ring1][#Branch1][C][=C][Ring2][Ring1][Ring2][Ring1][C],True,67
1.0,96,"[1, 31, 31, 16, 31, 25, 15, 37, 31, 14, 31, 19, 31, 16, 37, 16, 41, 18, 31, 16, 31, 16, 31, 16, 37, 31, 16, 41, 14, 44, 31, 41, 14, 16, 2]",[C][C][=C][C][Branch1][=Branch2][N][C][=Branch1][C][=O][C][=C][N][=C][Ring1][=N][C][=C][C][=C][C][=C][N][C][=C][Ring1][=Branch1][S][C][Ring1][=Branch1][=C],True,33
1.0,97,"[1, 31, 31, 31, 39, 31, 16, 25, 31, 16, 31, 33, 29, 41, 25, 31, 39, 37, 31, 31, 39, 31, 31, 16, 41, 5, 31, 26, 42, 41, 15, 31, 16, 25, 5, 31, 16, 31, 16, 31, 18, 37, 16, 25, 31, 31, 16, 41, 14, 31, 19, 2]",[C][C][C][O][C][=C][Branch1][C][=C][C][F][C@H1][Ring1][Branch1][C][O][N][C][C][O][C][C][=C][Ring1][#Branch2][C][Branch2][Ring2][Ring1][=Branch2][C][=C][Branch1][#Branch2][C][=C][C][=C][C][=N][N][=C][Branch1][C][C][=C][Ring1][=Branch1][C][=O],True,50
1.0,98,"[1, 31, 31, 44, 31, 16, 31, 16, 31, 16, 31, 16, 41, 14, 37, 31, 25, 31, 19, 37, 31, 39, 42, 41, 15, 31, 16, 42, 41, 39, 31, 16, 42, 39, 31, 16, 42, 41, 39, 2]",[C][C][S][C][=C][C][=C][C][=C][C][=C][Ring1][=Branch1][N][C][Branch1][C][=O][N][C][O][Ring2][Ring1][=Branch2][C][=C][Ring2][Ring1][O][C][=C][Ring2][O][C][=C][Ring2][Ring1][O],True,38
1.0,99,"[1, 31, 39, 31, 16, 31, 26, 42, 18, 31, 14, 31, 16, 25, 4, 39, 31, 31, 37, 31, 18, 37, 31, 16, 25, 25, 31, 31, 33, 33, 37, 41, 44, 42, 25, 31, 31, 33, 14, 31, 19, 37, 31, 31, 31, 41, 4, 2]",[C][O][C][=C][C][Branch2][Ring2][=N][C][=Branch1][C][=C][Branch1][#Branch1][O][C][C][N][C][=N][N][C][=C][Branch1][Branch1][C][C][F][F][N][Ring1][S][Ring2][Branch1][C][C][F][=Branch1][C][=O][N][C][C][C][Ring1][#Branch1],True,46
1.0,100,"[1, 31, 31, 31, 16, 31, 16, 31, 25, 18, 31, 25, 4, 31, 25, 31, 19, 37, 31, 16, 31, 31, 31, 16, 37, 16, 41, 16, 37, 41, 41, 31, 16, 42, 31, 18, 37, 31, 16, 41, 4, 2]",[C][C][C][=C][C][=C][C][Branch1][=N][C][Branch1][#Branch1][C][Branch1][C][=O][N][C][=C][C][C][C][=C][N][=C][Ring1][=C][N][Ring1][Ring1][C][=C][Ring2][C][=N][N][C][=C][Ring1][#Branch1],True,40
1.0,101,"[1, 31, 44, 14, 31, 19, 14, 31, 19, 37, 31, 14, 37, 31, 31, 31, 26, 41, 31, 39, 31, 16, 31, 16, 31, 16, 41, 44, 37, 16, 25, 31, 24, 16, 25, 15, 31, 32, 31, 32, 16, 31, 16, 41, 14, 31, 16, 41, 4, 2]",[C][S][=Branch1][C][=O][=Branch1][C][=O][N][C][=Branch1][N][C][C][C][Branch2][Ring1][C][O][C][=C][C][=C][C][=C][Ring1][S][N][=C][Branch1][C][Br][=C][Branch1][=Branch2][C][Cl][C][Cl][=C][C][=C][Ring1][=Branch1][C][=C][Ring1][#Branch1],True,48
1.0,102,"[1, 39, 16, 39, 16, 31, 16, 37, 31, 26, 41, 14, 31, 19, 39, 31, 16, 41, 14, 31, 31, 31, 16, 25, 39, 31, 32, 31, 16, 31, 16, 41, 14, 31, 25, 31, 16, 42, 41, 14, 44, 31, 31, 19, 31, 18, 31, 16, 42, 41, 26, 31, 25, 42, 41, 40, 39, 2]",[O][=C][O][=C][C][=C][N][C][Branch2][Ring1][=Branch1][C][=O][O][C][=C][Ring1][=Branch1][C][C][C][=C][Branch1][O][C][Cl][C][=C][C][=C][Ring1][=Branch1][C][Branch1][C][=C][Ring2][Ring1][=Branch1][S][C][C][=O][C][=N][C][=C][Ring2][Ring1][Branch2][C][Branch1][Ring2][Ring1][P][O],True,56
1.0,103,"[1, 31, 39, 31, 37, 31, 25, 15, 31, 16, 25, 31, 16, 31, 18, 37, 44, 31, 16, 31, 16, 41, 26, 41, 31, 16, 31, 16, 41, 6, 2]",[C][O][C][N][C][Branch1][=Branch2][C][=C][Branch1][C][=C][C][=N][N][S][C][=C][C][=C][Ring1][Branch2][Ring1][C][=C][C][=C][Ring1][#C],True,29
1.0,104,"[1, 37, 31, 14, 31, 19, 31, 16, 31, 16, 31, 26, 41, 31, 18, 37, 16, 31, 16, 25, 31, 16, 31, 16, 31, 16, 41, 14, 31, 16, 41, 37, 37, 31, 41, 25, 31, 14, 2]",[N][C][=Branch1][C][=O][C][=C][C][=C][C][Branch2][Ring1][C][=N][N][=C][C][=C][Branch1][C][=C][C][=C][C][=C][Ring1][=Branch1][C][=C][Ring1][N][N][C][Ring1][Branch1][C][=Branch1],True,37
1.0,105,"[1, 31, 31, 26, 42, 31, 16, 31, 18, 31, 16, 31, 16, 25, 25, 31, 31, 33, 32, 31, 16, 41, 6, 37, 37, 37, 37, 16, 31, 41, 4, 18, 41, 26, 37, 16, 41, 31, 31, 2]",[C][C][Branch2][Ring2][C][=C][C][=N][C][=C][C][=C][Branch1][Branch1][C][C][F][Cl][C][=C][Ring1][#C][N][N][N][N][=C][C][Ring1][#Branch1][=N][Ring1][Branch2][N][=C][Ring1][C][C],True,38
1.0,106,"[1, 31, 31, 18, 31, 31, 25, 31, 31, 33, 31, 31, 16, 41, 26, 37, 31, 14, 31, 19, 37, 31, 31, 37, 31, 25, 15, 31, 31, 25, 31, 16, 31, 16, 41, 14, 31, 32, 31, 16, 42, 41, 4, 2]",[C][C][=N][C][C][Branch1][C][C][F][C][C][=C][Ring1][Branch2][N][C][=Branch1][C][=O][N][C][C][N][C][Branch1][=Branch2][C][C][Branch1][C][=C][C][=C][Ring1][=Branch1][C][Cl][C][=C][Ring2][Ring1][#Branch1],True,42
1.0,107,"[1, 31, 31, 39, 31, 37, 26, 41, 5, 31, 16, 31, 16, 31, 16, 25, 18, 37, 31, 25, 6, 37, 16, 41, 39, 37, 31, 39, 31, 31, 16, 31, 31, 41, 14, 18, 31, 16, 25, 31, 18, 25, 31, 39, 31, 33, 25, 31, 31, 19, 16, 41, 5, 31, 39, 16, 42, 41, 31, 31, 42, 41, 16, 42, 31, 42, 41, 26, 2]",[C][C][O][C][N][Branch2][Ring1][#Branch2][C][=C][C][=C][C][=C][Branch1][=N][N][C][Branch1][#C][N][=C][Ring1][O][N][C][O][C][C][=C][C][C][Ring1][=Branch1][=N][C][=C][Branch1][C][=N][Branch1][C][O][C][F][Branch1][C][C][=O][=C][Ring1][#Branch2][C][O][=C][Ring2][Ring1][C][C][Ring2][Ring1][=C][Ring2][C][Ring2][Ring1][Branch2],True,67
1.0,108,"[1, 39, 16, 31, 16, 25, 14, 16, 37, 16, 31, 16, 31, 25, 15, 37, 16, 31, 25, 31, 33, 32, 39, 31, 16, 31, 16, 41, 18, 31, 16, 42, 41, 39, 37, 31, 18, 42, 41, 18, 31, 31, 16, 42, 41, 4, 2]",[O][=C][C][=C][Branch1][=Branch1][=C][N][=C][C][=C][C][Branch1][=Branch2][N][=C][C][Branch1][C][F][Cl][O][C][=C][C][=C][Ring1][=N][C][=C][Ring2][Ring1][O][N][C][=N][Ring2][Ring1][=N][C][C][=C][Ring2][Ring1][#Branch1],True,45
1.0,109,"[1, 31, 37, 25, 41, 31, 31, 31, 31, 31, 31, 25, 31, 31, 31, 14, 31, 19, 37, 31, 41, 42, 26, 42, 41, 41, 31, 39, 31, 31, 2]",[C][N][Branch1][Ring1][C][C][C][C][C][C][Branch1][C][C][C][=Branch1][C][=O][N][C][Ring1][Ring2][Branch2][Ring2][Ring1][Ring1][C][O][C][C],True,29
1.0,110,"[1, 31, 39, 25, 31, 31, 31, 16, 31, 25, 18, 37, 31, 16, 31, 16, 31, 16, 41, 4, 31, 16, 31, 26, 41, 42, 31, 16, 42, 41, 41, 2]",[C][O][Branch1][C][C][C][=C][C][Branch1][=N][N][C][=C][C][=C][C][=C][Ring1][#Branch1][C][=C][C][Branch2][Ring1][Ring2][C][=C][Ring2][Ring1][Ring1],True,30
1.0,111,"[1, 31, 31, 31, 31, 16, 26, 41, 41, 31, 37, 31, 44, 31, 14, 31, 19, 14, 31, 19, 14, 31, 19, 31, 31, 16, 31, 37, 31, 31, 16, 25, 15, 31, 16, 31, 16, 41, 14, 31, 16, 41, 4, 36, 37, 16, 42, 41, 40, 32, 31, 19, 31, 31, 31, 16, 42, 41, 37, 2]",[C][C][C][C][=C][Branch2][Ring1][Ring1][C][N][C][S][C][=Branch1][C][=O][=Branch1][C][=O][=Branch1][C][=O][C][C][=C][C][N][C][C][=C][Branch1][=Branch2][C][=C][C][=C][Ring1][=Branch1][C][=C][Ring1][#Branch1][NH1][N][=C][Ring2][Ring1][P][Cl][C][=O][C][C][C][=C][Ring2][Ring1][N],True,58
1.0,112,"[1, 31, 31, 16, 31, 16, 44, 25, 39, 31, 31, 16, 31, 26, 42, 37, 31, 31, 31, 31, 37, 26, 42, 41, 6, 31, 31, 31, 31, 31, 26, 42, 31, 31, 37, 31, 31, 31, 31, 31, 37, 25, 5, 42, 41, 25, 15, 18, 31, 41, 14, 31, 39, 31, 25, 31, 18, 31, 41, 26, 16, 31, 19, 2]",[C][C][=C][C][=C][S][Branch1][O][C][C][=C][C][Branch2][Ring2][N][C][C][C][C][N][Branch2][Ring2][Ring1][#C][C][C][C][C][C][Branch2][Ring2][C][C][N][C][C][C][C][C][N][Branch1][#Branch2][Ring2][Ring1][Branch1][=Branch2][=N][C][Ring1][=Branch1][C][O][C][Branch1][C][=N][C][Ring1][Branch2][=C][C][=O],True,62
1.0,113,"[1, 31, 39, 31, 16, 25, 39, 31, 16, 31, 31, 16, 41, 14, 31, 16, 41, 25, 31, 16, 25, 31, 37, 16, 42, 41, 37, 31, 31, 16, 31, 31, 16, 31, 31, 16, 31, 37, 25, 31, 14, 16, 41, 26, 25, 31, 31, 31, 16, 41, 26, 31, 31, 19, 2]",[C][O][C][=C][Branch1][O][C][=C][C][C][=C][Ring1][=Branch1][C][=C][Ring1][Branch1][C][=C][Branch1][C][N][=C][Ring2][Ring1][N][C][C][=C][C][C][=C][C][C][=C][C][N][Branch1][C][=Branch1][=C][Ring1][Branch2][Branch1][C][C][C][=C][Ring1][Branch2][C][C][=O],True,53
1.0,114,"[1, 39, 16, 25, 37, 31, 16, 31, 31, 16, 31, 16, 26, 41, 14, 37, 31, 19, 37, 31, 16, 31, 16, 31, 16, 25, 31, 16, 31, 16, 41, 4, 42, 41, 15, 31, 31, 31, 31, 31, 16, 31, 25, 31, 24, 16, 31, 16, 41, 5, 20, 14, 31, 33, 31, 41, 39, 2]",[O][=C][Branch1][N][C][=C][C][C][=C][C][=C][Branch2][Ring1][=Branch1][N][C][=O][N][C][=C][C][=C][C][=C][Branch1][C][=C][C][=C][Ring1][#Branch1][Ring2][Ring1][=Branch2][C][C][C][C][C][=C][C][Branch1][C][Br][=C][C][=C][Ring1][#Branch2][=Ring1][=Branch1][C][F][C][Ring1][O],True,56
1.0,115,"[1, 37, 25, 31, 31, 31, 16, 31, 16, 31, 18, 44, 44, 31, 37, 31, 16, 26, 41, 14, 14, 31, 19, 14, 31, 19, 31, 18, 31, 16, 41, 39, 31, 31, 31, 16, 31, 16, 41, 40, 41, 39, 41, 37, 31, 41, 14, 31, 42, 41, 37, 2]",[N][Branch1][C][C][C][=C][C][=C][C][=N][S][S][C][N][C][=C][Branch2][Ring1][=Branch1][=Branch1][C][=O][=Branch1][C][=O][C][=N][C][=C][Ring1][O][C][C][C][=C][C][=C][Ring1][P][Ring1][O][Ring1][N][C][Ring1][=Branch1][C][Ring2][Ring1][N],True,50
1.0,116,"[1, 37, 31, 16, 31, 16, 26, 41, 15, 31, 31, 16, 31, 16, 31, 16, 25, 39, 16, 41, 14, 18, 31, 14, 16, 41, 6, 37, 31, 14, 31, 16, 31, 16, 42, 41, 14, 39, 2]",[N][C][=C][C][=C][Branch2][Ring1][=Branch2][C][C][=C][C][=C][C][=C][Branch1][O][=C][Ring1][=Branch1][=N][C][=Branch1][=C][Ring1][#C][N][C][=Branch1][C][=C][C][=C][Ring2][Ring1][=Branch1][O],True,37
1.0,117,"[1, 31, 31, 25, 31, 31, 31, 14, 31, 19, 31, 16, 31, 16, 31, 16, 41, 16, 31, 16, 31, 16, 25, 31, 16, 31, 16, 41, 14, 31, 33, 41, 25, 37, 37, 31, 19, 36, 31, 16, 42, 42, 41, 14, 44, 42, 41, 31, 31, 31, 42, 41, 41, 26, 2]",[C][C][Branch1][C][C][C][=Branch1][C][=O][C][=C][C][=C][C][=C][Ring1][=C][C][=C][C][=C][Branch1][C][=C][C][=C][Ring1][=Branch1][C][F][Ring1][Branch1][N][N][C][=O][NH1][C][=C][Ring2][Ring2][Ring1][=Branch1][S][Ring2][Ring1][C][C][C][Ring2][Ring1][Ring1][Branch2],True,53
1.0,118,"[1, 31, 16, 25, 15, 31, 31, 25, 31, 31, 32, 31, 25, 31, 32, 31, 39, 31, 41, 15, 31, 14, 18, 16, 31, 16, 41, 4, 2]",[C][=C][Branch1][=Branch2][C][C][Branch1][C][C][Cl][C][Branch1][C][Cl][C][O][C][Ring1][=Branch2][C][=Branch1][=N][=C][C][=C][Ring1][#Branch1],True,27
1.0,119,"[1, 31, 37, 31, 37, 25, 31, 31, 16, 31, 18, 31, 16, 25, 18, 31, 16, 31, 16, 41, 5, 16, 31, 16, 31, 16, 41, 14, 2]",[C][N][C][N][Branch1][C][C][=C][C][=N][C][=C][Branch1][=N][C][=C][C][=C][Ring1][#Branch2][=C][C][=C][C][=C][Ring1][=Branch1],True,27
1.0,120,"[1, 31, 37, 37, 31, 16, 25, 5, 31, 31, 31, 16, 31, 16, 41, 5, 31, 16, 41, 26, 41, 42, 41, 37, 31, 31, 31, 31, 16, 31, 25, 31, 20, 14, 31, 25, 31, 31, 16, 31, 37, 25, 31, 32, 31, 18, 31, 41, 14, 31, 19, 2]",[C][N][N][C][=C][Branch1][#Branch2][C][C][C][=C][C][=C][Ring1][#Branch2][C][=C][Ring1][Branch2][Ring1][Ring2][Ring1][N][C][C][C][C][=C][C][Branch1][C][=Ring1][=Branch1][C][Branch1][C][C][=C][C][N][Branch1][C][Cl][C][=N][C][Ring1][=Branch1][C][=O],True,50
1.0,121,"[1, 31, 39, 31, 16, 31, 16, 31, 16, 41, 25, 44, 31, 16, 31, 16, 25, 31, 39, 37, 16, 41, 16, 2]",[C][O][C][=C][C][=C][C][=C][Ring1][Branch1][S][C][=C][C][=C][Branch1][C][O][N][=C][Ring1][=C],True,22
1.0,122,"[1, 31, 31, 31, 31, 16, 31, 16, 31, 16, 41, 14, 31, 19, 31, 37, 26, 41, 41, 44, 14, 31, 19, 39, 31, 16, 31, 16, 25, 15, 29, 31, 31, 14, 31, 19, 14, 31, 19, 31, 41, 25, 31, 16, 31, 25, 31, 32, 16, 31, 32, 31, 31, 33, 25, 31, 16, 41, 26, 42, 41, 39, 37, 31, 31, 41, 44, 31, 33, 32, 2]",[C][C][C][C][=C][C][=C][C][=C][Ring1][=Branch1][C][=O][C][N][Branch2][Ring1][Ring1][S][=Branch1][C][=O][O][C][=C][C][=C][Branch1][=Branch2][C@H1][C][C][=Branch1][C][=O][=Branch1][C][=O][C][Ring1][Branch1][C][=C][C][Branch1][C][Cl][=C][C][Cl][C][C][F][Branch1][C][=C][Ring1][Branch2][Ring2][Ring1][O][N][C][C][Ring1][S][C][F][Cl],True,69
1.0,123,"[1, 31, 31, 16, 31, 16, 26, 42, 26, 31, 16, 31, 16, 31, 16, 37, 14, 31, 19, 37, 31, 31, 37, 26, 41, 44, 39, 31, 31, 31, 16, 31, 16, 31, 41, 18, 41, 6, 37, 31, 18, 31, 16, 25, 16, 42, 41, 39, 2]",[C][C][=C][C][=C][Branch2][Ring2][Branch2][C][=C][C][=C][C][=C][N][=Branch1][C][=O][N][C][C][N][Branch2][Ring1][S][O][C][C][C][=C][C][=C][C][Ring1][=N][Ring1][#C][N][C][=N][C][=C][Branch1][=C][Ring2][Ring1][O],True,47
1.0,124,"[1, 31, 31, 18, 31, 16, 26, 41, 25, 31, 14, 31, 19, 39, 31, 16, 31, 16, 31, 16, 25, 44, 37, 31, 14, 31, 19, 14, 37, 31, 31, 19, 44, 37, 31, 16, 25, 31, 33, 33, 14, 31, 19, 16, 41, 40, 31, 31, 25, 31, 41, 31, 31, 33, 33, 37, 31, 16, 41, 15, 2]",[C][C][=N][C][=C][Branch2][Ring1][Branch1][C][=Branch1][C][=O][O][C][=C][C][=C][C][=C][Branch1][S][N][C][=Branch1][C][=O][=Branch1][N][C][C][=O][S][N][C][=C][Branch1][C][F][F][=Branch1][C][=O][=C][Ring1][P][C][C][Branch1][C][Ring1][C][C][F][F][N][C][=C][Ring1][=Branch2],True,59
1.0,125,"[1, 31, 31, 16, 25, 31, 44, 44, 26, 42, 31, 14, 31, 19, 14, 31, 19, 14, 31, 19, 37, 31, 16, 31, 16, 31, 31, 16, 31, 31, 16, 41, 39, 31, 25, 31, 39, 31, 39, 31, 31, 16, 25, 31, 32, 32, 26, 41, 40, 31, 42, 41, 40, 31, 42, 41, 25, 31, 16, 42, 41, 42, 42, 2]",[C][C][=C][Branch1][C][S][S][Branch2][Ring2][C][=Branch1][C][=O][=Branch1][C][=O][=Branch1][C][=O][N][C][=C][C][=C][C][C][=C][C][C][=C][Ring1][O][C][Branch1][C][O][C][O][C][C][=C][Branch1][C][Cl][Cl][Branch2][Ring1][P][C][Ring2][Ring1][P][C][Ring2][Ring1][Branch1][C][=C][Ring2][Ring1][Ring2][Ring2],True,62
1.0,126,"[1, 39, 16, 26, 41, 5, 31, 14, 31, 19, 39, 31, 16, 31, 16, 31, 14, 31, 16, 25, 31, 25, 16, 25, 31, 32, 16, 41, 5, 37, 31, 31, 41, 14, 31, 25, 31, 33, 16, 31, 42, 41, 41, 42, 41, 31, 18, 2]",[O][=C][Branch2][Ring1][#Branch2][C][=Branch1][C][=O][O][C][=C][C][=C][C][=Branch1][C][=C][Branch1][C][Branch1][=C][Branch1][C][Cl][=C][Ring1][#Branch2][N][C][C][Ring1][=Branch1][C][Branch1][C][F][=C][C][Ring2][Ring1][Ring1][Ring2][Ring1][C][=N],True,46
1.0,127,"[1, 31, 37, 31, 14, 31, 19, 44, 31, 16, 31, 16, 26, 41, 25, 5, 39, 31, 37, 31, 25, 44, 31, 31, 31, 16, 31, 16, 31, 16, 41, 14, 31, 18, 37, 25, 16, 31, 33, 16, 31, 16, 42, 41, 14, 2]",[C][N][C][=Branch1][C][=O][S][C][=C][C][=C][Branch2][Ring1][Branch1][#Branch2][O][C][N][C][Branch1][S][C][C][C][=C][C][=C][C][=C][Ring1][=Branch1][C][=N][N][Branch1][=C][C][F][=C][C][=C][Ring2][Ring1][=Branch1],True,44
1.0,128,"[1, 31, 31, 16, 31, 18, 31, 14, 31, 19, 31, 37, 31, 16, 31, 16, 41, 14, 18, 25, 31, 39, 31, 31, 41, 15, 37, 37, 31, 16, 31, 41, 16, 25, 31, 16, 42, 41, 16, 42, 41, 44, 2]",[C][C][=C][C][=N][C][=Branch1][C][=O][C][N][C][=C][C][=C][Ring1][=Branch1][=N][Branch1][C][O][C][C][Ring1][=Branch2][N][N][C][=C][C][Ring1][=C][Branch1][C][=C][Ring2][Ring1][=C][Ring2][Ring1][S],True,41
1.0,129,"[1, 37, 14, 31, 19, 31, 16, 41, 5, 31, 16, 31, 31, 16, 31, 25, 31, 31, 16, 31, 18, 41, 4, 2]",[N][=Branch1][C][=O][C][=C][Ring1][#Branch2][C][=C][C][C][=C][C][Branch1][C][C][=C][C][=N][Ring1][#Branch1],True,22
1.0,130,"[1, 31, 31, 31, 16, 26, 42, 26, 31, 18, 31, 16, 31, 16, 25, 14, 37, 31, 19, 37, 31, 37, 25, 31, 31, 31, 31, 31, 31, 31, 31, 41, 25, 31, 16, 31, 16, 41, 14, 31, 16, 42, 41, 16, 31, 16, 41, 6, 2]",[C][C][C][=C][Branch2][Ring2][Branch2][C][=N][C][=C][C][=C][Branch1][=Branch1][N][C][=O][N][C][N][Branch1][C][C][C][C][C][C][C][C][Ring1][Branch1][C][=C][C][=C][Ring1][=Branch1][C][=C][Ring2][Ring1][=C][C][=C][Ring1][#C],True,47
1.0,131,"[1, 39, 16, 26, 41, 44, 39, 31, 16, 31, 16, 25, 37, 31, 31, 16, 25, 31, 16, 37, 31, 31, 31, 16, 41, 14, 31, 19, 39, 31, 16, 25, 31, 32, 31, 37, 31, 16, 41, 40, 37, 31, 31, 16, 31, 41, 4, 31, 31, 31, 41, 39, 31, 41, 14, 2]",[O][=C][Branch2][Ring1][S][O][C][=C][C][=C][Branch1][N][C][C][=C][Branch1][C][=C][N][C][C][C][=C][Ring1][=Branch1][C][=O][O][C][=C][Branch1][C][Cl][C][N][C][=C][Ring1][P][N][C][C][=C][C][Ring1][#Branch1][C][C][C][Ring1][O][C][Ring1][=Branch1],True,54
1.0,132,"[1, 37, 37, 31, 18, 31, 16, 31, 16, 41, 40, 37, 31, 16, 41, 5, 31, 16, 25, 39, 31, 16, 31, 16, 41, 14, 31, 31, 37, 31, 16, 42, 41, 40, 31, 39, 31, 16, 41, 4, 2]",[N][N][C][=N][C][=C][C][=C][Ring1][P][N][C][=C][Ring1][#Branch2][C][=C][Branch1][O][C][=C][C][=C][Ring1][=Branch1][C][C][N][C][=C][Ring2][Ring1][P][C][O][C][=C][Ring1][#Branch1],True,39
1.0,133,"[1, 31, 31, 25, 37, 31, 31, 14, 31, 19, 37, 16, 25, 14, 31, 31, 19, 31, 16, 31, 18, 31, 16, 41, 5, 31, 25, 31, 18, 31, 31, 16, 41, 4, 44, 31, 41, 31, 25, 31, 32, 31, 33, 2]",[C][C][Branch1][N][C][C][=Branch1][C][=O][N][=C][Branch1][=Branch1][C][C][=O][C][=C][C][=N][C][=C][Ring1][#Branch2][C][Branch1][C][=N][C][C][=C][Ring1][#Branch1][S][C][Ring1][C][Branch1][C][Cl][C][F],True,42
1.0,134,"[1, 31, 39, 31, 16, 31, 16, 31, 14, 31, 19, 37, 31, 18, 31, 16, 25, 5, 31, 31, 31, 16, 31, 16, 31, 16, 25, 15, 37, 41, 4, 31, 31, 16, 37, 25, 16, 31, 31, 41, 15, 31, 31, 16, 31, 16, 42, 42, 41, 26, 2]",[C][O][C][=C][C][=C][C][=Branch1][C][=O][N][C][=N][C][=C][Branch1][#Branch2][C][C][C][=C][C][=C][C][=C][Branch1][=Branch2][N][Ring1][#Branch1][C][C][=C][N][Branch1][=C][C][C][Ring1][=Branch2][C][C][=C][C][=C][Ring2][Ring2][Ring1][Branch2],True,49
1.0,135,"[1, 39, 16, 26, 41, 44, 37, 44, 14, 31, 19, 14, 31, 19, 19, 37, 16, 25, 31, 31, 16, 31, 16, 41, 25, 31, 33, 33, 31, 33, 31, 33, 31, 41, 14, 31, 33, 33, 25, 6, 37, 16, 31, 36, 31, 25, 31, 32, 14, 42, 39, 2]",[O][=C][Branch2][Ring1][S][N][S][=Branch1][C][=O][=Branch1][C][=O][=O][N][=C][Branch1][C][C][=C][C][=C][Ring1][Branch1][C][F][F][C][F][C][F][C][Ring1][=Branch1][C][F][F][Branch1][#C][N][=C][C][NH1][C][Branch1][C][Cl][=Branch1][Ring2][O],True,50
1.0,136,"[1, 37, 31, 16, 31, 18, 31, 16, 31, 16, 41, 25, 31, 32, 31, 20, 14, 31, 18, 31, 16, 41, 5, 2]",[N][C][=C][C][=N][C][=C][C][=C][Ring1][Branch1][C][Cl][C][=Ring1][=Branch1][C][=N][C][=C][Ring1][#Branch2],True,22
1.0,137,"[1, 31, 37, 31, 14, 31, 19, 31, 16, 31, 16, 31, 16, 16, 41, 26, 41, 39, 31, 31, 39, 31, 16, 31, 16, 31, 18, 41, 25, 44, 42, 41, 37, 31, 39, 2]",[C][N][C][=Branch1][C][=O][C][=C][C][=C][C][=C][=C][Ring1][Branch2][Ring1][O][C][C][O][C][=C][C][=C][C][=N][Ring1][Branch1][S][Ring2][Ring1][N][C][O],True,34
1.0,138,"[1, 31, 31, 25, 31, 31, 37, 31, 16, 31, 31, 16, 44, 14, 31, 19, 31, 16, 25, 31, 16, 25, 31, 31, 39, 39, 16, 41, 4, 31, 31, 31, 16, 42, 41, 31, 41, 16, 41, 4, 31, 2]",[C][C][Branch1][C][C][N][C][=C][C][C][=C][S][=Branch1][C][=O][C][=C][Branch1][C][=C][Branch1][C][C][O][O][=C][Ring1][#Branch1][C][C][C][=C][Ring2][Ring1][C][Ring1][=C][Ring1][#Branch1][C],True,40
1.0,139,"[1, 31, 31, 37, 27, 31, 31, 14, 31, 19, 31, 31, 31, 16, 31, 16, 25, 15, 31, 16, 31, 16, 41, 40, 41, 4, 31, 18, 2]",[C][C][N][C@@H1][C][C][=Branch1][C][=O][C][C][C][=C][C][=C][Branch1][=Branch2][C][=C][C][=C][Ring1][P][Ring1][#Branch1][C][=N],True,27
1.0,140,"[1, 31, 39, 25, 31, 39, 31, 37, 31, 31, 16, 31, 31, 14, 31, 19, 39, 31, 16, 25, 25, 31, 32, 31, 32, 16, 42, 41, 25, 31, 31, 33, 25, 31, 31, 33, 31, 31, 39, 41, 44, 37, 16, 37, 16, 42, 44, 31, 16, 42, 41, 37, 42, 15, 2]",[C][O][Branch1][C][O][C][N][C][C][=C][C][C][=Branch1][C][=O][O][C][=C][Branch1][Branch1][C][Cl][C][Cl][=C][Ring2][Ring1][Branch1][C][C][F][Branch1][C][C][F][C][C][O][Ring1][S][N][=C][N][=C][Ring2][S][C][=C][Ring2][Ring1][N][Ring2][=Branch2],True,53
1.0,141,"[1, 31, 39, 31, 16, 39, 31, 26, 41, 4, 37, 31, 16, 41, 37, 31, 25, 40, 37, 31, 18, 31, 31, 31, 31, 31, 16, 25, 31, 39, 31, 39, 31, 16, 31, 16, 41, 14, 16, 42, 31, 14, 31, 37, 31, 31, 41, 15, 31, 19, 31, 16, 42, 41, 4, 16, 25, 37, 31, 18, 39, 31, 16, 42, 41, 16, 31, 14, 2]",[C][O][C][=C][O][C][Branch2][Ring1][#Branch1][N][C][=C][Ring1][N][C][Branch1][P][N][C][=N][C][C][C][C][C][=C][Branch1][C][O][C][O][C][=C][C][=C][Ring1][=Branch1][=C][Ring2][C][=Branch1][C][N][C][C][Ring1][=Branch2][C][=O][C][=C][Ring2][Ring1][#Branch1][=C][Branch1][N][C][=N][O][C][=C][Ring2][Ring1][=C][C][=Branch1],True,67
1.0,142,"[1, 31, 31, 16, 31, 25, 16, 31, 16, 31, 16, 41, 4, 37, 25, 37, 37, 31, 14, 31, 31, 37, 41, 41, 31, 39, 37, 2]",[C][C][=C][C][Branch1][=C][C][=C][C][=C][Ring1][#Branch1][N][Branch1][N][N][C][=Branch1][C][C][N][Ring1][Ring1][C][O][N],True,26
1.0,143,"[1, 44, 31, 16, 31, 16, 26, 41, 15, 31, 16, 25, 5, 37, 31, 16, 31, 16, 41, 14, 2]",[S][C][=C][C][=C][Branch2][Ring1][=Branch2][C][=C][Branch1][#Branch2][N][C][=C][C][=C][Ring1][=Branch1],True,19
1.0,144,"[1, 31, 31, 16, 31, 16, 26, 41, 4, 31, 14, 39, 31, 31, 19, 37, 26, 41, 31, 16, 31, 16, 31, 16, 26, 41, 41, 41, 15, 31, 16, 25, 31, 16, 42, 41, 37, 31, 39, 31, 16, 25, 31, 16, 42, 41, 37, 31, 31, 39, 31, 31, 16, 25, 31, 25, 39, 31, 39, 41, 16, 2]",[C][C][=C][C][=C][Branch2][Ring1][#Branch1][C][=Branch1][O][C][C][=O][N][Branch2][Ring1][C][=C][C][=C][C][=C][Branch2][Ring1][Ring1][Ring1][=Branch2][C][=C][Branch1][C][=C][Ring2][Ring1][N][C][O][C][=C][Branch1][C][=C][Ring2][Ring1][N][C][C][O][C][C][=C][Branch1][C][Branch1][O][C][O][Ring1][=C],True,60
1.0,145,"[1, 39, 16, 26, 42, 14, 31, 26, 41, 31, 16, 31, 37, 37, 31, 16, 26, 41, 5, 37, 31, 16, 31, 25, 39, 16, 25, 31, 32, 31, 16, 41, 5, 31, 33, 31, 37, 16, 31, 16, 31, 42, 41, 4, 31, 42, 41, 6, 2]",[O][=C][Branch2][Ring2][=Branch1][C][Branch2][Ring1][C][=C][C][N][N][C][=C][Branch2][Ring1][#Branch2][N][C][=C][C][Branch1][O][=C][Branch1][C][Cl][C][=C][Ring1][#Branch2][C][F][C][N][=C][C][=C][C][Ring2][Ring1][#Branch1][C][Ring2][Ring1][#C],True,47
1.0,146,"[1, 31, 31, 16, 31, 14, 31, 19, 37, 16, 31, 16, 25, 5, 37, 31, 16, 31, 16, 31, 16, 41, 14, 31, 16, 41, 4, 2]",[C][C][=C][C][=Branch1][C][=O][N][=C][C][=C][Branch1][#Branch2][N][C][=C][C][=C][C][=C][Ring1][=Branch1][C][=C][Ring1][#Branch1],True,26
1.0,147,"[1, 37, 18, 16, 41, 40, 39, 31, 25, 31, 25, 31, 31, 39, 31, 16, 31, 16, 41, 5, 31, 16, 31, 16, 37, 25, 39, 31, 25, 41, 16, 31, 25, 31, 33, 39, 39, 31, 37, 41, 14, 31, 41, 4, 2]",[N][=N][=C][Ring1][P][O][C][Branch1][C][Branch1][C][C][O][C][=C][C][=C][Ring1][#Branch2][C][=C][C][=C][N][Branch1][O][C][Branch1][Ring1][=C][C][Branch1][C][F][O][O][C][N][Ring1][=Branch1][C][Ring1][#Branch1],True,43
1.0,148,"[1, 31, 31, 39, 31, 16, 31, 16, 26, 41, 40, 37, 31, 16, 31, 18, 31, 16, 25, 31, 39, 37, 31, 18, 25, 31, 18, 31, 16, 31, 16, 31, 16, 41, 14, 31, 14, 16, 41, 25, 16, 42, 41, 4, 2]",[C][C][O][C][=C][C][=C][Branch2][Ring1][P][N][C][=C][C][=N][C][=C][Branch1][C][O][N][C][=N][Branch1][C][=N][C][=C][C][=C][C][=C][Ring1][=Branch1][C][=Branch1][=C][Ring1][Branch1][=C][Ring2][Ring1][#Branch1],True,43
1.0,149,"[1, 39, 16, 25, 39, 31, 14, 31, 19, 31, 16, 31, 16, 41, 5, 31, 16, 31, 26, 41, 14, 37, 31, 41, 4, 31, 41, 44, 31, 31, 31, 39, 37, 31, 31, 31, 16, 31, 16, 31, 41, 14, 37, 16, 41, 14, 37, 16, 2]",[O][=C][Branch1][O][C][=Branch1][C][=O][C][=C][C][=C][Ring1][#Branch2][C][=C][C][Branch2][Ring1][=Branch1][N][C][Ring1][#Branch1][C][Ring1][S][C][C][C][O][N][C][C][C][=C][C][=C][C][Ring1][=Branch1][N][=C][Ring1][=Branch1][N][=C],True,47
1.0,150,"[1, 39, 16, 26, 41, 25, 39, 31, 16, 37, 16, 25, 14, 31, 32, 31, 31, 16, 41, 40, 31, 16, 37, 16, 31, 16, 41, 14, 37, 31, 41, 14, 31, 31, 31, 37, 31, 31, 31, 41, 4, 2]",[O][=C][Branch2][Ring1][Branch1][O][C][=C][N][=C][Branch1][=Branch1][C][Cl][C][C][=C][Ring1][P][C][=C][N][=C][C][=C][Ring1][=Branch1][N][C][Ring1][=Branch1][C][C][C][N][C][C][C][Ring1][#Branch1],True,40
1.0,151,"[1, 31, 37, 31, 18, 31, 14, 31, 19, 31, 16, 31, 16, 31, 16, 41, 26, 41, 25, 31, 39, 31, 16, 25, 39, 31, 16, 41, 31, 14, 31, 16, 31, 39, 42, 41, 39, 31, 31, 31, 25, 31, 16, 31, 31, 42, 41, 4, 2]",[C][N][C][=N][C][=Branch1][C][=O][C][=C][C][=C][C][=C][Ring1][Branch2][Ring1][Branch1][C][O][C][=C][Branch1][O][C][=C][Ring1][C][=Branch1][C][=C][C][O][Ring2][Ring1][O][C][C][C][Branch1][C][=C][C][C][Ring2][Ring1][#Branch1],True,47
1.0,152,"[1, 31, 31, 16, 31, 16, 25, 15, 31, 16, 31, 16, 25, 15, 39, 31, 18, 31, 16, 25, 16, 41, 14, 39, 37, 16, 31, 14, 31, 19, 39, 41, 25, 31, 39, 31, 31, 16, 31, 18, 31, 16, 41, 14, 31, 16, 42, 41, 26, 41, 4, 16, 31, 16, 42, 31, 37, 39, 31, 25, 31, 39, 39, 41, 31, 19, 39, 31, 31, 25, 2]",[C][C][=C][C][=C][Branch1][=Branch2][C][=C][C][=C][Branch1][=Branch2][O][C][=N][C][=C][Branch1][=C][Ring1][=Branch1][O][N][=C][C][=Branch1][C][=O][O][Ring1][Branch1][C][O][C][C][=C][C][=N][C][=C][Ring1][=Branch1][C][=C][Ring2][Ring1][Branch2][Ring1][#Branch1][=C][C][=C][Ring2][C][N][O][C][Branch1][C][O][O][Ring1][C][=O][O][C][C][Branch1],True,69
1.0,153,"[1, 31, 39, 31, 16, 31, 25, 31, 31, 26, 41, 31, 39, 37, 31, 31, 31, 16, 26, 41, 39, 31, 31, 16, 41, 25, 37, 31, 31, 31, 33, 41, 41, 31, 44, 37, 16, 31, 25, 31, 31, 33, 26, 18, 42, 41, 40, 16, 31, 33, 25, 31, 31, 14, 31, 31, 16, 2]",[C][O][C][=C][C][Branch1][C][C][Branch2][Ring1][C][O][N][C][C][C][=C][Branch2][Ring1][O][C][C][=C][Ring1][Branch1][N][C][C][C][F][Ring1][Ring1][C][S][N][=C][C][Branch1][C][C][F][Branch2][=N][Ring2][Ring1][P][=C][C][F][Branch1][C][C][=Branch1][C][C][=C],True,56
1.0,154,"[1, 31, 31, 31, 31, 39, 31, 31, 16, 25, 15, 31, 16, 31, 16, 41, 16, 31, 16, 31, 16, 41, 4, 2]",[C][C][C][C][O][C][C][=C][Branch1][=Branch2][C][=C][C][=C][Ring1][=C][C][=C][C][=C][Ring1][#Branch1],True,22
1.0,155,"[1, 39, 16, 25, 39, 31, 31, 16, 31, 18, 31, 16, 31, 16, 41, 14, 37, 16, 31, 16, 37, 16, 31, 16, 31, 16, 41, 4, 31, 25, 44, 31, 14, 31, 19, 37, 31, 31, 14, 16, 41, 14, 31, 19, 14, 31, 19, 19, 41, 4, 16, 31, 42, 41, 4, 2]",[O][=C][Branch1][O][C][C][=C][C][=N][C][=C][C][=C][Ring1][=Branch1][N][=C][C][=C][N][=C][C][=C][C][=C][Ring1][#Branch1][C][Branch1][S][C][=Branch1][C][=O][N][C][C][=Branch1][=C][Ring1][=Branch1][C][=O][=Branch1][C][=O][=O][Ring1][#Branch1][=C][C][Ring2][Ring1][#Branch1],True,54
1.0,156,"[1, 31, 39, 31, 16, 31, 14, 31, 19, 31, 16, 31, 25, 14, 31, 19, 37, 16, 31, 16, 31, 16, 31, 16, 26, 41, 31, 41, 41, 31, 16, 31, 25, 31, 39, 37, 31, 41, 44, 25, 31, 31, 31, 31, 31, 31, 16, 41, 15, 31, 39, 31, 42, 41, 6, 19, 31, 25, 31, 14, 2]",[C][O][C][=C][C][=Branch1][C][=O][C][=C][C][Branch1][=Branch1][C][=O][N][=C][C][=C][C][=C][C][=C][Branch2][Ring1][C][Ring1][Ring1][C][=C][C][Branch1][C][O][N][C][Ring1][S][Branch1][C][C][C][C][C][C][=C][Ring1][=Branch2][C][O][C][Ring2][Ring1][#C][=O][C][Branch1][C][=Branch1],True,59
1.0,157,"[1, 37, 31, 14, 31, 19, 31, 16, 31, 16, 41, 4, 39, 31, 31, 41, 14, 31, 42, 37, 31, 16, 31, 16, 31, 16, 41, 4, 39, 31, 16, 42, 41, 37, 31, 18, 37, 31, 31, 31, 25, 31, 31, 16, 42, 41, 14, 16, 41, 4, 37, 31, 16, 42, 41, 15, 2]",[N][C][=Branch1][C][=O][C][=C][C][=C][Ring1][#Branch1][O][C][C][Ring1][=Branch1][C][Ring2][N][C][=C][C][=C][C][=C][Ring1][#Branch1][O][C][=C][Ring2][Ring1][N][C][=N][N][C][C][C][Branch1][C][C][=C][Ring2][Ring1][=Branch1][=C][Ring1][#Branch1][N][C][=C][Ring2][Ring1][=Branch2],True,55
1.0,158,"[1, 37, 25, 31, 16, 31, 16, 31, 16, 25, 31, 16, 31, 16, 26, 41, 6, 31, 14, 31, 19, 37, 31, 16, 25, 15, 31, 16, 31, 39, 41, 39, 41, 37, 31, 39, 18, 42, 41, 15, 41, 41, 44, 31, 14, 31, 31, 16, 42, 41, 42, 41, 39, 39, 2]",[N][Branch1][C][=C][C][=C][C][=C][Branch1][C][=C][C][=C][Branch2][Ring1][#C][C][=Branch1][C][=O][N][C][=C][Branch1][=Branch2][C][=C][C][O][Ring1][O][Ring1][N][C][O][=N][Ring2][Ring1][=Branch2][Ring1][Ring1][S][C][=Branch1][C][C][=C][Ring2][Ring1][Ring2][Ring1][O][O],True,53
1.0,159,"[1, 31, 31, 25, 31, 37, 31, 31, 26, 41, 41, 14, 31, 19, 37, 31, 14, 31, 14, 31, 19, 31, 16, 31, 16, 31, 16, 31, 16, 41, 14, 31, 25, 31, 25, 31, 25, 31, 32, 31, 19, 31, 31, 33, 31, 16, 41, 4, 39, 31, 14, 31, 19, 31, 16, 42, 41, 41, 5, 2]",[C][C][Branch1][C][N][C][C][Branch2][Ring1][Ring1][=Branch1][C][=O][N][C][=Branch1][C][=Branch1][C][=O][C][=C][C][=C][C][=C][C][=C][Ring1][=Branch1][C][Branch1][C][Branch1][C][Branch1][C][Cl][C][=O][C][C][F][C][=C][Ring1][#Branch1][O][C][=Branch1][C][=O][C][=C][Ring2][Ring1][Ring1][#Branch2],True,58
1.0,160,"[1, 31, 31, 16, 31, 14, 31, 19, 31, 16, 31, 16, 25, 18, 37, 37, 37, 31, 31, 31, 16, 41, 37, 25, 31, 33, 31, 16, 41, 26, 31, 31, 41, 14, 31, 42, 41, 39, 31, 2]",[C][C][=C][C][=Branch1][C][=O][C][=C][C][=C][Branch1][=N][N][N][N][C][C][C][=C][Ring1][N][Branch1][C][F][C][=C][Ring1][Branch2][C][C][Ring1][=Branch1][C][Ring2][Ring1][O][C],True,38
1.0,161,"[1, 37, 31, 16, 31, 18, 31, 16, 31, 16, 41, 18, 41, 4, 2]",[N][C][=C][C][=N][C][=C][C][=C][Ring1][=N][Ring1][#Branch1],True,13
1.0,162,"[1, 31, 31, 31, 25, 31, 31, 37, 31, 39, 26, 41, 37, 18, 31, 16, 25, 44, 14, 31, 19, 14, 16, 31, 19, 14, 31, 19, 37, 31, 18, 31, 25, 5, 37, 16, 31, 31, 33, 25, 31, 32, 16, 31, 41, 14, 31, 19, 31, 32, 16, 31, 25, 15, 31, 31, 33, 31, 31, 31, 25, 31, 19, 37, 42, 41, 4, 31, 2]",[C][C][C][Branch1][C][C][N][C][O][Branch2][Ring1][N][=N][C][=C][Branch1][S][=Branch1][C][=O][=Branch1][=C][C][=O][=Branch1][C][=O][N][C][=N][C][Branch1][#Branch2][N][=C][C][C][F][Branch1][C][Cl][=C][C][Ring1][=Branch1][C][=O][C][Cl][=C][C][Branch1][=Branch2][C][C][F][C][C][C][Branch1][C][=O][N][Ring2][Ring1][#Branch1][C],True,67
1.0,163,"[1, 31, 31, 25, 31, 37, 31, 14, 31, 19, 44, 31, 16, 31, 16, 31, 16, 25, 31, 32, 31, 16, 41, 6, 16, 31, 16, 31, 25, 4, 31, 19, 31, 33, 16, 31, 16, 41, 44, 31, 31, 32, 31, 16, 41, 6, 18, 41, 39, 2]",[C][C][Branch1][C][N][C][=Branch1][C][=O][S][C][=C][C][=C][C][=C][Branch1][C][Cl][C][=C][Ring1][#C][=C][C][=C][C][Branch1][#Branch1][C][=O][C][F][=C][C][=C][Ring1][S][C][C][Cl][C][=C][Ring1][#C][=N][Ring1][O],True,48
1.0,164,"[1, 39, 16, 25, 31, 31, 16, 31, 16, 31, 16, 31, 16, 31, 16, 41, 16, 37, 26, 2]",[O][=C][Branch1][C][C][=C][C][=C][C][=C][C][=C][C][=C][Ring1][=C][N][Branch2],True,18
1.0,165,"[1, 31, 39, 31, 16, 31, 16, 31, 16, 31, 37, 31, 16, 37, 31, 16, 31, 16, 26, 41, 40, 2]",[C][O][C][=C][C][=C][C][=C][C][N][C][=C][N][C][=C][C][=C][Branch2][Ring1][P],True,20
1.0,166,"[1, 31, 31, 14, 31, 19, 31, 16, 31, 14, 31, 19, 37, 31, 31, 31, 16, 31, 41, 26, 42, 41, 42, 31, 16, 31, 16, 37, 16, 41, 14, 31, 31, 16, 31, 16, 41, 39, 36, 25, 2]",[C][C][=Branch1][C][=O][C][=C][C][=Branch1][C][=O][N][C][C][C][=C][C][Ring1][Branch2][Ring2][Ring1][Ring2][C][=C][C][=C][N][=C][Ring1][=Branch1][C][C][=C][C][=C][Ring1][O][NH1][Branch1],True,39
1.0,167,"[1, 39, 16, 25, 18, 31, 31, 16, 31, 16, 31, 31, 16, 31, 26, 41, 4, 31, 41, 15, 31, 31, 31, 25, 31, 37, 31, 18, 31, 25, 15, 31, 16, 41, 14, 31, 16, 42, 41, 5, 36, 37, 31, 31, 18, 2]",[O][=C][Branch1][=N][C][C][=C][C][=C][C][C][=C][C][Branch2][Ring1][#Branch1][C][Ring1][=Branch2][C][C][C][Branch1][C][N][C][=N][C][Branch1][=Branch2][C][=C][Ring1][=Branch1][C][=C][Ring2][Ring1][#Branch2][NH1][N][C][C][=N],True,44
1.0,168,"[1, 37, 31, 41, 4, 29, 31, 31, 31, 41, 37, 37, 31, 16, 25, 25, 31, 39, 31, 32, 31, 16, 31, 16, 41, 44, 14, 31, 18, 39, 31, 41, 6, 31, 39, 31, 31, 31, 31, 37, 41, 25, 16, 25, 31, 14, 31, 37, 31, 19, 31, 31, 31, 31, 18, 31, 31, 16, 41, 15, 16, 42, 42, 41, 31, 31, 2]",[N][C][Ring1][#Branch1][C@H1][C][C][C][Ring1][N][N][C][=C][Branch1][Branch1][C][O][C][Cl][C][=C][C][=C][Ring1][S][=Branch1][C][=N][O][C][Ring1][#C][C][O][C][C][C][C][N][Ring1][Branch1][=C][Branch1][C][=Branch1][C][N][C][=O][C][C][C][C][=N][C][C][=C][Ring1][=Branch2][=C][Ring2][Ring2][Ring1][C][C],True,65
1.0,169,"[1, 31, 37, 31, 16, 26, 42, 31, 18, 31, 16, 31, 37, 31, 16, 26, 41, 14, 31, 31, 25, 31, 31, 31, 41, 15, 31, 31, 16, 41, 39, 31, 16, 41, 37, 42, 31, 41, 16, 25, 42, 31, 14, 2]",[C][N][C][=C][Branch2][Ring2][C][=N][C][=C][C][N][C][=C][Branch2][Ring1][=Branch1][C][C][Branch1][C][C][C][Ring1][=Branch2][C][C][=C][Ring1][O][C][=C][Ring1][N][Ring2][C][Ring1][=C][Branch1][Ring2][C][=Branch1],True,42
1.0,170,"[1, 31, 31, 31, 31, 37, 25, 44, 31, 14, 31, 19, 31, 16, 31, 16, 31, 14, 31, 19, 37, 25, 31, 33, 44, 31, 14, 31, 19, 31, 31, 19, 14, 31, 31, 31, 41, 25, 31, 31, 41, 15, 31, 31, 41, 25, 37, 25, 31, 16, 42, 41, 44, 31, 31, 37, 31, 31, 16, 25, 15, 31, 32, 16, 31, 39, 31, 39, 16, 41, 4, 31, 19, 44, 25, 31, 31, 14, 31, 31, 42, 25, 25, 31, 31, 41, 15, 42, 41, 42, 41, 18, 2]",[C][C][C][C][N][Branch1][S][C][=Branch1][C][=O][C][=C][C][=C][C][=Branch1][C][=O][N][Branch1][C][F][S][C][=Branch1][C][=O][C][C][=O][=Branch1][C][C][C][Ring1][Branch1][C][C][Ring1][=Branch2][C][C][Ring1][Branch1][N][Branch1][C][=C][Ring2][Ring1][S][C][C][N][C][C][=C][Branch1][=Branch2][C][Cl][=C][C][O][C][O][=C][Ring1][#Branch1][C][=O][S][Branch1][C][C][=Branch1][C][C][Ring2][Branch1][Branch1][C][C][Ring1][=Branch2][Ring2][Ring1][Ring2][Ring1][=N],True,91
1.0,171,"[1, 31, 44, 31, 16, 31, 25, 37, 31, 37, 16, 31, 16, 31, 25, 31, 33, 18, 31, 16, 41, 4, 41, 37, 19, 14, 31, 19, 31, 31, 16, 25, 31, 33, 33, 16, 42, 41, 44, 31, 31, 31, 31, 31, 20, 25, 31, 19, 31, 41, 26, 2]",[C][S][C][=C][C][Branch1][N][C][N][=C][C][=C][C][Branch1][C][F][=N][C][=C][Ring1][#Branch1][Ring1][N][=O][=Branch1][C][=O][C][C][=C][Branch1][C][F][F][=C][Ring2][Ring1][S][C][C][C][C][C][=Ring1][Branch1][C][=O][C][Ring1][Branch2],True,50
1.0,172,"[1, 31, 31, 16, 31, 16, 25, 31, 33, 16, 31, 25, 31, 31, 32, 31, 18, 31, 14, 31, 19, 31, 16, 42, 42, 41, 5, 39, 31, 14, 31, 19, 31, 16, 25, 37, 37, 31, 31, 31, 41, 4, 18, 31, 16, 42, 41, 37, 44, 2]",[C][C][=C][C][=C][Branch1][C][F][=C][C][Branch1][C][C][Cl][C][=N][C][=Branch1][C][=O][C][=C][Ring2][Ring2][Ring1][#Branch2][O][C][=Branch1][C][=O][C][=C][Branch1][N][N][C][C][C][Ring1][#Branch1][=N][C][=C][Ring2][Ring1][N][S],True,48
1.0,173,"[1, 39, 36, 31, 16, 31, 16, 41, 14, 31, 19, 31, 16, 41, 14, 36, 16, 31, 16, 42, 41, 5, 37, 31, 31, 14, 18, 31, 31, 16, 31, 16, 41, 40, 37, 31, 16, 31, 16, 42, 41, 5, 31, 16, 31, 16, 2]",[O][NH1][C][=C][C][=C][Ring1][=Branch1][C][=O][C][=C][Ring1][=Branch1][NH1][=C][C][=C][Ring2][Ring1][#Branch2][N][C][C][=Branch1][=N][C][C][=C][C][=C][Ring1][P][N][C][=C][C][=C][Ring2][Ring1][#Branch2][C][=C][C][=C],True,45
1.0,174,"[1, 31, 31, 16, 31, 16, 41, 18, 42, 14, 2]",[C][C][=C][C][=C][Ring1][=N][Ring2][=Branch1],True,9
1.0,175,"[1, 31, 39, 31, 16, 37, 31, 25, 41, 44, 31, 37, 31, 16, 31, 14, 31, 19, 37, 26, 41, 25, 15, 31, 37, 31, 31, 16, 31, 16, 31, 16, 41, 14, 31, 31, 16, 31, 31, 41, 14, 31, 42, 41, 14, 2]",[C][O][C][=C][N][C][Branch1][Ring1][S][C][N][C][=C][C][=Branch1][C][=O][N][Branch2][Ring1][Branch1][=Branch2][C][N][C][C][=C][C][=C][C][=C][Ring1][=Branch1][C][C][=C][C][C][Ring1][=Branch1][C][Ring2][Ring1][=Branch1],True,44
1.0,176,"[1, 31, 31, 25, 31, 39, 31, 16, 31, 16, 26, 41, 39, 31, 14, 31, 19, 37, 31, 18, 31, 25, 18, 31, 16, 26, 41, 25, 4, 37, 31, 39, 31, 37, 31, 31, 31, 37, 25, 31, 31, 41, 25, 31, 31, 25, 44, 25, 31, 39, 31, 42, 41, 41, 41, 37, 41, 41, 4, 2]",[C][C][Branch1][C][O][C][=C][C][=C][Branch2][Ring1][O][C][=Branch1][C][=O][N][C][=N][C][Branch1][=N][C][=C][Branch2][Ring1][Branch1][#Branch1][N][C][O][C][N][C][C][C][N][Branch1][C][C][Ring1][Branch1][C][C][Branch1][S][Branch1][C][O][C][Ring2][Ring1][Ring1][Ring1][N][Ring1][Ring1][#Branch1],True,58
1.0,177,"[1, 37, 6, 16, 26, 41, 37, 31, 14, 31, 19, 37, 16, 31, 16, 31, 18, 31, 25, 31, 32, 31, 16, 41, 14, 33, 31, 25, 31, 33, 31, 14, 31, 19, 37, 41, 4, 31, 14, 31, 19, 31, 14, 31, 31, 42, 31, 31, 16, 31, 41, 6, 16, 31, 16, 42, 41, 14, 31, 16, 36, 42, 41, 4, 2]",[N][#C][=C][Branch2][Ring1][N][C][=Branch1][C][=O][N][=C][C][=C][C][=N][C][Branch1][C][Cl][C][=C][Ring1][=Branch1][F][C][Branch1][C][F][C][=Branch1][C][=O][N][Ring1][#Branch1][C][=Branch1][C][=O][C][=Branch1][C][C][Ring2][C][C][=C][C][Ring1][#C][=C][C][=C][Ring2][Ring1][=Branch1][C][=C][NH1][Ring2][Ring1][#Branch1],True,63
1.0,178,"[1, 39, 16, 26, 41, 31, 31, 37, 39, 31, 31, 16, 39, 31, 16, 25, 18, 39, 31, 16, 31, 16, 31, 16, 31, 16, 41, 4, 39, 16, 31, 39, 31, 41, 18, 19, 2]",[O][=C][Branch2][Ring1][C][C][N][O][C][C][=C][O][C][=C][Branch1][=N][O][C][=C][C][=C][C][=C][C][=C][Ring1][#Branch1][O][=C][C][O][C][Ring1][=N][=O],True,35
1.0,179,"[1, 31, 37, 31, 16, 31, 18, 31, 26, 42, 4, 31, 16, 31, 16, 25, 37, 31, 16, 31, 16, 31, 16, 31, 37, 16, 41, 14, 31, 16, 25, 37, 31, 33, 31, 31, 41, 14, 31, 41, 15, 2]",[C][N][C][=C][C][=N][C][Branch2][Ring2][#Branch1][C][=C][C][=C][Branch1][N][C][=C][C][=C][C][=C][C][N][=C][Ring1][=Branch1][C][=C][Branch1][N][C][F][C][C][Ring1][=Branch1][C][Ring1][=Branch2],True,40
1.0,180,"[1, 31, 37, 31, 14, 31, 19, 31, 16, 26, 42, 31, 31, 16, 25, 6, 37, 25, 4, 31, 31, 31, 31, 31, 31, 41, 14, 31, 16, 25, 31, 33, 18, 41, 26, 42, 41, 5, 2]",[C][N][C][=Branch1][C][=O][C][=C][Branch2][Ring2][C][C][=C][Branch1][#C][N][Branch1][#Branch1][C][C][C][C][C][C][Ring1][=Branch1][C][=C][Branch1][C][F][=N][Ring1][Branch2][Ring2][Ring1][#Branch2],True,37
1.0,181,"[1, 31, 39, 31, 16, 31, 16, 31, 16, 31, 31, 16, 41, 14, 31, 16, 31, 14, 31, 19, 41, 26, 31, 25, 5, 37, 31, 16, 37, 16, 31, 16, 37, 16, 31, 16, 31, 16, 41, 18, 42, 41, 14, 31, 31, 42, 41, 15, 37, 31, 31, 25, 31, 14, 31, 19, 2]",[C][O][C][=C][C][=C][C][=C][C][C][=C][Ring1][=Branch1][C][=C][C][=Branch1][C][=O][Ring1][Branch2][C][Branch1][#Branch2][N][C][=C][N][=C][C][=C][N][=C][C][=C][C][=C][Ring1][=N][Ring2][Ring1][=Branch1][C][C][Ring2][Ring1][=Branch2][N][C][C][Branch1][C][=Branch1][C][=O],True,55
1.0,182,"[1, 31, 31, 37, 26, 42, 31, 14, 31, 19, 39, 31, 16, 31, 16, 31, 16, 26, 42, 31, 16, 37, 31, 25, 31, 16, 31, 14, 31, 31, 19, 37, 16, 31, 25, 44, 41, 31, 33, 16, 41, 14, 31, 31, 31, 16, 41, 4, 2]",[C][C][N][Branch2][Ring2][C][=Branch1][C][=O][O][C][=C][C][=C][C][=C][Branch2][Ring2][C][=C][N][C][Branch1][C][=C][C][=Branch1][C][C][=O][N][=C][C][Branch1][S][Ring1][C][F][=C][Ring1][=Branch1][C][C][C][=C][Ring1][#Branch1],True,47
1.0,183,"[1, 31, 31, 16, 31, 14, 31, 19, 31, 16, 31, 16, 41, 6, 31, 16, 31, 16, 25, 31, 32, 25, 31, 37, 16, 41, 44, 2]",[C][C][=C][C][=Branch1][C][=O][C][=C][C][=C][Ring1][#C][C][=C][C][=C][Branch1][C][Cl][Branch1][C][N][=C][Ring1][S],True,26
1.0,184,"[1, 39, 16, 25, 39, 31, 39, 31, 25, 15, 37, 31, 16, 31, 16, 41, 14, 37, 31, 16, 31, 16, 25, 31, 16, 41, 14, 37, 16, 31, 16, 2]",[O][=C][Branch1][O][C][O][C][Branch1][=Branch2][N][C][=C][C][=C][Ring1][=Branch1][N][C][=C][C][=C][Branch1][C][=C][Ring1][=Branch1][N][=C][C][=C],True,30
1.0,185,"[1, 31, 39, 31, 16, 31, 16, 31, 16, 26, 41, 37, 31, 31, 16, 25, 5, 37, 37, 31, 31, 31, 37, 25, 14, 31, 19, 37, 31, 31, 16, 42, 41, 44, 25, 31, 31, 32, 16, 42, 41, 18, 31, 25, 31, 32, 20, 4, 2]",[C][O][C][=C][C][=C][C][=C][Branch2][Ring1][N][C][C][=C][Branch1][#Branch2][N][N][C][C][C][N][Branch1][=Branch1][C][=O][N][C][C][=C][Ring2][Ring1][S][Branch1][C][C][Cl][=C][Ring2][Ring1][=N][C][Branch1][C][Cl][=Ring1][#Branch1],True,47
1.0,186,"[1, 31, 31, 31, 37, 31, 18, 31, 16, 25, 31, 16, 37, 25, 31, 33, 31, 16, 31, 16, 41, 4, 31, 14, 31, 19, 37, 37, 25, 5, 33, 31, 37, 41, 25, 31, 31, 31, 33, 31, 16, 42, 37, 31, 31, 31, 16, 41, 14, 2]",[C][C][C][N][C][=N][C][=C][Branch1][C][=C][N][Branch1][C][F][C][=C][C][=C][Ring1][#Branch1][C][=Branch1][C][=O][N][N][Branch1][#Branch2][F][C][N][Ring1][Branch1][C][C][C][F][C][=C][Ring2][N][C][C][C][=C][Ring1][=Branch1],True,48
1.0,187,"[1, 31, 31, 16, 31, 26, 41, 44, 44, 19, 39, 31, 25, 4, 31, 31, 16, 31, 16, 31, 18, 31, 26, 41, 14, 31, 19, 37, 31, 16, 31, 16, 41, 5, 31, 16, 31, 16, 31, 16, 25, 15, 31, 33, 16, 41, 4, 16, 31, 18, 41, 40, 41, 4, 2]",[C][C][=C][C][Branch2][Ring1][S][S][=O][O][C][Branch1][#Branch1][C][C][=C][C][=C][C][=N][C][Branch2][Ring1][=Branch1][C][=O][N][C][=C][C][=C][Ring1][#Branch2][C][=C][C][=C][C][=C][Branch1][=Branch2][C][F][=C][Ring1][#Branch1][=C][C][=N][Ring1][P][Ring1][#Branch1],True,53
1.0,188,"[1, 31, 31, 16, 31, 16, 25, 15, 31, 16, 31, 16, 41, 14, 31, 16, 31, 31, 14, 37, 14, 31, 19, 41, 41, 31, 31, 31, 37, 31, 41, 42, 41, 41, 31, 31, 16, 2]",[C][C][=C][C][=C][Branch1][=Branch2][C][=C][C][=C][Ring1][=Branch1][C][=C][C][C][=Branch1][N][=Branch1][C][=O][Ring1][Ring1][C][C][C][N][C][Ring1][Ring2][Ring1][Ring1][C][C][=C],True,36
1.0,189,"[1, 31, 39, 31, 31, 16, 26, 42, 42, 39, 37, 31, 16, 26, 41, 37, 31, 31, 16, 25, 4, 31, 37, 26, 41, 44, 31, 37, 31, 31, 14, 31, 19, 31, 16, 31, 16, 25, 15, 31, 16, 41, 14, 31, 16, 42, 41, 25, 31, 31, 32, 31, 16, 41, 31, 16, 41, 14, 31, 31, 19, 2]",[C][O][C][C][=C][Branch2][Ring2][Ring2][O][N][C][=C][Branch2][Ring1][N][C][C][=C][Branch1][#Branch1][C][N][Branch2][Ring1][S][C][N][C][C][=Branch1][C][=O][C][=C][C][=C][Branch1][=Branch2][C][=C][Ring1][=Branch1][C][=C][Ring2][Ring1][Branch1][C][C][Cl][C][=C][Ring1][C][=C][Ring1][=Branch1][C][C][=O],True,60
1.0,190,"[1, 31, 31, 37, 31, 31, 14, 31, 19, 31, 16, 25, 40, 31, 16, 31, 16, 41, 14, 31, 16, 31, 18, 41, 14, 31, 19, 37, 31, 31, 31, 31, 31, 16, 31, 16, 31, 25, 41, 4, 2]",[C][C][N][C][C][=Branch1][C][=O][C][=C][Branch1][P][C][=C][C][=C][Ring1][=Branch1][C][=C][C][=N][Ring1][=Branch1][C][=O][N][C][C][C][C][C][=C][C][=C][C][Branch1][Ring1][#Branch1],True,39
1.0,191,"[1, 39, 16, 26, 41, 42, 37, 39, 31, 16, 31, 26, 41, 31, 16, 31, 16, 31, 25, 31, 32, 16, 41, 4, 41, 44, 37, 31, 39, 31, 25, 6, 31, 31, 39, 31, 31, 39, 31, 39, 16, 31, 14, 31, 19, 2]",[O][=C][Branch2][Ring1][Ring2][N][O][C][=C][C][Branch2][Ring1][C][=C][C][=C][C][Branch1][C][Cl][=C][Ring1][#Branch1][Ring1][S][N][C][O][C][Branch1][#C][C][C][O][C][C][O][C][O][=C][C][=Branch1][C][=O],True,44
1.0,192,"[1, 31, 31, 16, 31, 14, 31, 19, 31, 16, 31, 18, 37, 26, 41, 26, 31, 16, 25, 31, 14, 31, 19, 37, 31, 37, 31, 31, 31, 31, 31, 31, 25, 31, 31, 16, 41, 4, 31, 41, 14, 31, 31, 42, 41, 18, 31, 31, 42, 41, 40, 31, 42, 41, 39, 2]",[C][C][=C][C][=Branch1][C][=O][C][=C][C][=N][N][Branch2][Ring1][Branch2][C][=C][Branch1][C][=Branch1][C][=O][N][C][N][C][C][C][C][C][C][Branch1][C][C][=C][Ring1][#Branch1][C][Ring1][=Branch1][C][C][Ring2][Ring1][=N][C][C][Ring2][Ring1][P][C][Ring2][Ring1][O],True,54
1.0,193,"[1, 31, 37, 31, 25, 31, 16, 31, 16, 25, 41, 16, 31, 32, 44, 37, 31, 18, 41, 15, 37, 31, 16, 31, 16, 31, 16, 25, 41, 4, 18, 31, 41, 26, 41, 4, 2]",[C][N][C][Branch1][C][=C][C][=C][Branch1][Ring1][=C][C][Cl][S][N][C][=N][Ring1][=Branch2][N][C][=C][C][=C][C][=C][Branch1][Ring1][#Branch1][=N][C][Ring1][Branch2][Ring1][#Branch1],True,35
1.0,194,"[1, 37, 14, 31, 19, 39, 31, 16, 31, 16, 31, 26, 41, 5, 31, 18, 37, 31, 25, 15, 37, 31, 37, 25, 39, 31, 16, 31, 41, 26, 37, 31, 16, 25, 31, 33, 18, 41, 26, 16, 41, 40, 33, 16, 42, 41, 5, 18, 41, 15, 2]",[N][=Branch1][C][=O][O][C][=C][C][=C][C][Branch2][Ring1][#Branch2][C][=N][N][C][Branch1][=Branch2][N][C][N][Branch1][O][C][=C][C][Ring1][Branch2][N][C][=C][Branch1][C][F][=N][Ring1][Branch2][=C][Ring1][P][F][=C][Ring2][Ring1][#Branch2][=N][Ring1][=Branch2],True,49
1.0,195,"[1, 31, 39, 37, 25, 16, 31, 37, 26, 42, 39, 31, 31, 25, 31, 33, 31, 31, 16, 25, 31, 39, 31, 16, 41, 4, 44, 37, 31, 16, 41, 6, 37, 41, 6, 31, 16, 42, 41, 31, 16, 31, 18, 31, 18, 42, 41, 40, 2]",[C][O][N][Branch1][=C][C][N][Branch2][Ring2][O][C][C][Branch1][C][F][C][C][=C][Branch1][C][O][C][=C][Ring1][#Branch1][S][N][C][=C][Ring1][#C][N][Ring1][#C][C][=C][Ring2][Ring1][C][=C][C][=N][C][=N][Ring2][Ring1][P],True,47
1.0,196,"[1, 31, 37, 31, 16, 31, 18, 41, 4, 2]",[C][N][C][=C][C][=N][Ring1][#Branch1],True,8
1.0,197,"[1, 31, 37, 26, 42, 18, 31, 37, 31, 16, 26, 41, 26, 41, 31, 25, 31, 37, 31, 31, 31, 31, 31, 31, 31, 41, 25, 25, 31, 31, 16, 31, 16, 25, 18, 31, 16, 41, 4, 31, 16, 31, 33, 16, 42, 41, 4, 2]",[C][N][Branch2][Ring2][=N][C][N][C][=C][Branch2][Ring1][Branch2][Ring1][C][Branch1][C][N][C][C][C][C][C][C][C][Ring1][Branch1][Branch1][C][C][=C][C][=C][Branch1][=N][C][=C][Ring1][#Branch1][C][=C][C][F][=C][Ring2][Ring1][#Branch1],True,46
1.0,198,"[1, 31, 31, 16, 31, 18, 31, 14, 31, 19, 31, 16, 25, 39, 31, 37, 31, 31, 16, 37, 25, 31, 31, 16, 41, 4, 32, 16, 31, 16, 41, 16, 31, 16, 31, 26, 37, 31, 16, 41, 15, 31, 16, 31, 16, 41, 6, 31, 14, 42, 41, 40, 2]",[C][C][=C][C][=N][C][=Branch1][C][=O][C][=C][Branch1][O][C][N][C][C][=C][N][Branch1][C][C][=C][Ring1][#Branch1][Cl][=C][C][=C][Ring1][=C][C][=C][C][Branch2][N][C][=C][Ring1][=Branch2][C][=C][C][=C][Ring1][#C][C][=Branch1][Ring2][Ring1][P],True,51
1.0,199,"[1, 37, 16, 25, 31, 39, 31, 16, 31, 16, 41, 14, 31, 16, 37, 16, 31, 16, 31, 16, 25, 31, 32, 31, 16, 42, 41, 26, 41, 15, 2]",[N][=C][Branch1][C][O][C][=C][C][=C][Ring1][=Branch1][C][=C][N][=C][C][=C][C][=C][Branch1][C][Cl][C][=C][Ring2][Ring1][Branch2][Ring1][=Branch2],True,29
1.0,200,"[1, 31, 31, 31, 31, 37, 31, 37, 25, 18, 31, 31, 16, 41, 14, 16, 31, 16, 41, 14, 31, 19, 2]",[C][C][C][C][N][C][N][Branch1][=N][C][C][=C][Ring1][=Branch1][=C][C][=C][Ring1][=Branch1][C][=O],True,21
1.0,201,"[1, 16, 29, 26, 41, 31, 31, 31, 16, 31, 16, 42, 41, 5, 31, 14, 37, 31, 31, 31, 18, 31, 14, 31, 19, 31, 31, 16, 31, 16, 25, 15, 39, 41, 14, 2]",[=C][C@H1][Branch2][Ring1][C][C][C][=C][C][=C][Ring2][Ring1][#Branch2][C][=Branch1][N][C][C][C][=N][C][=Branch1][C][=O][C][C][=C][C][=C][Branch1][=Branch2][O][Ring1][=Branch1],True,34
1.0,202,"[1, 31, 31, 16, 31, 16, 26, 42, 16, 31, 14, 31, 19, 37, 25, 26, 41, 4, 31, 31, 31, 16, 31, 16, 31, 16, 31, 16, 41, 39, 31, 31, 16, 31, 31, 18, 41, 39, 31, 16, 31, 25, 41, 40, 16, 31, 18, 39, 16, 42, 41, 14, 16, 31, 16, 42, 41, 5, 2]",[C][C][=C][C][=C][Branch2][Ring2][=C][C][=Branch1][C][=O][N][Branch1][Branch2][Ring1][#Branch1][C][C][C][=C][C][=C][C][=C][C][=C][Ring1][O][C][C][=C][C][C][=N][Ring1][O][C][=C][C][Branch1][Ring1][P][=C][C][=N][O][=C][Ring2][Ring1][=Branch1][=C][C][=C][Ring2][Ring1][#Branch2],True,57
1.0,203,"[1, 31, 39, 31, 31, 25, 31, 31, 16, 31, 16, 26, 42, 14, 31, 19, 31, 16, 31, 16, 31, 16, 25, 31, 33, 31, 16, 42, 41, 39, 37, 31, 31, 16, 25, 25, 31, 19, 44, 31, 32, 31, 16, 41, 26, 37, 41, 5, 31, 25, 31, 31, 42, 31, 31, 31, 42, 42, 42, 41, 5, 2]",[C][O][C][C][Branch1][C][C][=C][C][=C][Branch2][Ring2][=Branch1][C][=O][C][=C][C][=C][C][=C][Branch1][C][F][C][=C][Ring2][Ring1][O][N][C][C][=C][Branch1][Branch1][C][=O][S][C][Cl][C][=C][Ring1][Branch2][N][Ring1][#Branch2][C][Branch1][C][C][Ring2][C][C][C][Ring2][Ring2][Ring2][Ring1][#Branch2],True,60
1.0,204,"[1, 31, 31, 16, 31, 16, 26, 42, 15, 37, 31, 31, 25, 31, 31, 16, 25, 37, 31, 37, 26, 41, 31, 31, 16, 31, 16, 25, 31, 16, 41, 26, 31, 25, 31, 31, 31, 25, 31, 31, 41, 40, 37, 18, 41, 5, 2]",[C][C][=C][C][=C][Branch2][Ring2][=Branch2][N][C][C][Branch1][C][C][=C][Branch1][N][C][N][Branch2][Ring1][C][C][=C][C][=C][Branch1][C][=C][Ring1][Branch2][C][Branch1][C][C][C][Branch1][C][C][Ring1][P][N][=N][Ring1][#Branch2],True,45
1.0,205,"[1, 31, 31, 16, 31, 16, 26, 42, 25, 31, 39, 31, 31, 16, 25, 37, 31, 31, 31, 16, 25, 31, 31, 31, 33, 18, 41, 5, 18, 31, 16, 25, 15, 31, 16, 31, 18, 41, 39, 44, 31, 31, 16, 42, 41, 4, 31, 16, 31, 31, 16, 42, 41, 14, 31, 25, 2]",[C][C][=C][C][=C][Branch2][Ring2][Branch1][C][O][C][C][=C][Branch1][N][C][C][C][=C][Branch1][C][C][C][F][=N][Ring1][#Branch2][=N][C][=C][Branch1][=Branch2][C][=C][C][=N][Ring1][O][S][C][C][=C][Ring2][Ring1][#Branch1][C][=C][C][C][=C][Ring2][Ring1][=Branch1][C][Branch1],True,55
1.0,206,"[1, 37, 25, 31, 39, 31, 31, 18, 31, 16, 31, 16, 41, 6, 37, 31, 31, 18, 31, 16, 31, 16, 31, 25, 31, 33, 33, 16, 41, 40, 18, 31, 18, 37, 37, 26, 31, 16, 31, 31, 31, 16, 31, 16, 41, 6, 2]",[N][Branch1][C][O][C][C][=N][C][=C][C][=C][Ring1][#C][N][C][C][=N][C][=C][C][=C][C][Branch1][C][F][F][=C][Ring1][P][=N][C][=N][N][N][Branch2][C][=C][C][C][C][=C][C][=C][Ring1][#C],True,45
1.0,207,"[1, 31, 31, 25, 44, 16, 31, 14, 31, 19, 31, 16, 25, 5, 31, 16, 31, 33, 25, 44, 37, 31, 31, 31, 31, 41, 14, 31, 19, 14, 31, 16, 42, 41, 5, 2]",[C][C][Branch1][S][=C][C][=Branch1][C][=O][C][=C][Branch1][#Branch2][C][=C][C][F][Branch1][S][N][C][C][C][C][Ring1][=Branch1][C][=O][=Branch1][C][=C][Ring2][Ring1][#Branch2],True,34
1.0,208,"[1, 37, 31, 18, 31, 26, 41, 42, 31, 31, 25, 15, 39, 31, 31, 16, 31, 16, 31, 16, 41, 14, 33, 16, 31, 16, 31, 16, 31, 14, 31, 19, 37, 25, 31, 33, 16, 41, 5, 41, 15, 37, 16, 31, 42, 41, 14, 2]",[N][C][=N][C][Branch2][Ring1][Ring2][C][C][Branch1][=Branch2][O][C][C][=C][C][=C][C][=C][Ring1][=Branch1][F][=C][C][=C][C][=C][C][=Branch1][C][=O][N][Branch1][C][F][=C][Ring1][#Branch2][Ring1][=Branch2][N][=C][C][Ring2][Ring1][=Branch1],True,46
1.0,209,"[1, 31, 37, 31, 14, 31, 19, 31, 16, 37, 16, 31, 16, 25, 31, 33, 31, 16, 41, 25, 18, 31, 16, 42, 41, 15, 37, 31, 31, 25, 31, 31, 16, 25, 31, 32, 16, 41, 6, 37, 31, 31, 18, 31, 16, 25, 31, 33, 31, 16, 41, 26, 31, 42, 42, 41, 44, 2]",[C][N][C][=Branch1][C][=O][C][=C][N][=C][C][=C][Branch1][C][F][C][=C][Ring1][Branch1][=N][C][=C][Ring2][Ring1][=Branch2][N][C][C][Branch1][C][C][=C][Branch1][C][Cl][=C][Ring1][#C][N][C][C][=N][C][=C][Branch1][C][F][C][=C][Ring1][Branch2][C][Ring2][Ring2][Ring1][S],True,56
1.0,210,"[1, 31, 39, 31, 26, 41, 37, 26, 31, 26, 31, 31, 25, 15, 31, 18, 31, 16, 31, 16, 25, 31, 31, 14, 31, 19, 37, 31, 31, 16, 25, 31, 33, 16, 31, 16, 41, 14, 16, 42, 41, 5, 2]",[C][O][C][Branch2][Ring1][N][Branch2][C][Branch2][C][C][Branch1][=Branch2][C][=N][C][=C][C][=C][Branch1][C][C][=Branch1][C][=O][N][C][C][=C][Branch1][C][F][=C][C][=C][Ring1][=Branch1][=C][Ring2][Ring1][#Branch2],True,41
1.0,211,"[1, 39, 16, 26, 41, 15, 31, 29, 25, 15, 37, 37, 31, 31, 31, 16, 26, 41, 40, 14, 31, 19, 31, 31, 31, 31, 41, 31, 31, 16, 31, 16, 31, 16, 25, 15, 31, 16, 41, 15, 31, 16, 31, 16, 31, 16, 31, 25, 31, 16, 41, 16, 37, 31, 16, 41, 40, 31, 41, 14, 2]",[O][=C][Branch2][Ring1][=Branch2][C][C@H1][Branch1][=Branch2][N][N][C][C][C][=C][Branch2][Ring1][P][=Branch1][C][=O][C][C][C][C][Ring1][C][C][=C][C][=C][C][=C][Branch1][=Branch2][C][=C][Ring1][=Branch2][C][=C][C][=C][C][=C][C][Branch1][C][=C][Ring1][=C][N][C][=C][Ring1][P][C][Ring1][=Branch1],True,59
1.0,212,"[1, 31, 39, 31, 18, 31, 25, 41, 39, 31, 37, 31, 14, 31, 19, 31, 16, 31, 16, 26, 41, 4, 33, 31, 16, 25, 15, 31, 39, 31, 18, 41, 26, 31, 16, 41, 6, 18, 41, 31, 25, 31, 31, 37, 31, 31, 31, 16, 41, 39, 31, 42, 41, 4, 42, 42, 25, 31, 39, 42, 41, 31, 19, 37, 16, 42, 2]",[C][O][C][=N][C][Branch1][Ring1][O][C][N][C][=Branch1][C][=O][C][=C][C][=C][Branch2][Ring1][#Branch1][F][C][=C][Branch1][=Branch2][C][O][C][=N][Ring1][Branch2][C][=C][Ring1][#C][=N][Ring1][C][Branch1][C][C][N][C][C][C][=C][Ring1][O][C][Ring2][Ring1][#Branch1][Ring2][Ring2][Branch1][C][O][Ring2][Ring1][C][=O][N][=C][Ring2],True,65
1.0,213,"[1, 31, 31, 16, 31, 16, 26, 41, 31, 37, 31, 16, 31, 18, 31, 16, 25, 31, 39, 37, 25, 31, 31, 31, 31, 31, 31, 14, 16, 41, 37, 31, 16, 41, 26, 41, 26, 2]",[C][C][=C][C][=C][Branch2][Ring1][C][N][C][=C][C][=N][C][=C][Branch1][C][O][N][Branch1][C][C][C][C][C][C][=Branch1][=C][Ring1][N][C][=C][Ring1][Branch2][Ring1][Branch2],True,36
1.0,214,"[1, 31, 39, 31, 26, 42, 37, 31, 18, 31, 16, 31, 26, 41, 31, 16, 31, 16, 37, 25, 18, 31, 39, 31, 16, 31, 18, 31, 16, 31, 41, 4, 37, 31, 31, 41, 16, 37, 41, 14, 2]",[C][O][C][Branch2][Ring2][N][C][=N][C][=C][C][Branch2][Ring1][C][=C][C][=C][N][Branch1][=N][C][O][C][=C][C][=N][C][=C][C][Ring1][#Branch1][N][C][C][Ring1][=C][N][Ring1][=Branch1],True,39
1.0,215,"[1, 39, 16, 26, 41, 37, 16, 37, 31, 16, 31, 16, 31, 16, 25, 31, 39, 31, 39, 39, 31, 41, 15, 31, 37, 16, 31, 31, 25, 31, 16, 42, 41, 18, 31, 16, 42, 41, 5, 31, 16, 2]",[O][=C][Branch2][Ring1][N][=C][N][C][=C][C][=C][C][=C][Branch1][C][O][C][O][O][C][Ring1][=Branch2][C][N][=C][C][C][Branch1][C][=C][Ring2][Ring1][=N][C][=C][Ring2][Ring1][#Branch2][C][=C],True,40
1.0,216,"[1, 31, 39, 31, 16, 31, 25, 31, 31, 14, 37, 31, 19, 31, 16, 25, 26, 41, 31, 18, 31, 25, 37, 16, 31, 16, 37, 16, 31, 16, 41, 39, 37, 16, 37, 16, 42, 31, 16, 42, 41, 14, 31, 25, 31, 41, 44, 42, 41, 4, 2]",[C][O][C][=C][C][Branch1][C][C][=Branch1][N][C][=O][C][=C][Branch1][Branch2][Ring1][C][=N][C][Branch1][N][=C][C][=C][N][=C][C][=C][Ring1][O][N][=C][N][=C][Ring2][C][=C][Ring2][Ring1][=Branch1][C][Branch1][C][Ring1][S][Ring2][Ring1][#Branch1],True,49
1.0,217,"[1, 31, 39, 31, 31, 16, 31, 16, 26, 41, 31, 16, 31, 16, 37, 31, 16, 31, 16, 26, 41, 39, 37, 31, 31, 37, 41, 44, 14, 31, 19, 31, 16, 31, 16, 42, 41, 25, 31, 18, 31, 32, 16, 31, 14, 42, 41, 44, 25, 31, 19, 31, 25, 44, 31, 39, 2]",[C][O][C][C][=C][C][=C][Branch2][Ring1][C][=C][C][=C][N][C][=C][C][=C][Branch2][Ring1][O][N][C][C][N][Ring1][S][=Branch1][C][=O][C][=C][C][=C][Ring2][Ring1][Branch1][C][=N][C][Cl][=C][C][=Branch1][Ring2][Ring1][S][Branch1][C][=O][C][Branch1][S][C][O],True,55
1.0,218,"[1, 31, 31, 16, 31, 16, 25, 42, 31, 37, 31, 16, 31, 16, 31, 14, 31, 19, 37, 31, 25, 5, 31, 16, 25, 31, 32, 31, 33, 16, 41, 4, 31, 39, 31, 16, 37, 41, 4, 2]",[C][C][=C][C][=C][Branch1][Ring2][C][N][C][=C][C][=C][C][=Branch1][C][=O][N][C][Branch1][#Branch2][C][=C][Branch1][C][Cl][C][F][=C][Ring1][#Branch1][C][O][C][=C][N][Ring1][#Branch1],True,38
1.0,219,"[1, 39, 16, 37, 25, 31, 16, 31, 18, 31, 16, 41, 26, 31, 25, 31, 32, 16, 31, 16, 41, 26, 37, 31, 25, 15, 44, 37, 31, 31, 18, 31, 16, 41, 40, 37, 31, 16, 31, 16, 31, 16, 31, 25, 31, 14, 31, 16, 41, 39, 31, 19, 37, 31, 31, 14, 33, 31, 31, 37, 31, 41, 14, 2]",[O][=C][N][Branch1][C][=C][C][=N][C][=C][Ring1][Branch2][C][Branch1][C][Cl][=C][C][=C][Ring1][Branch2][N][C][Branch1][=Branch2][S][N][C][C][=N][C][=C][Ring1][P][N][C][=C][C][=C][C][=C][C][Branch1][C][=Branch1][C][=C][Ring1][O][C][=O][N][C][C][=Branch1][F][C][C][N][C][Ring1][=Branch1],True,62
1.0,220,"[1, 31, 31, 14, 31, 19, 31, 31, 25, 4, 31, 37, 31, 16, 26, 41, 41, 41, 31, 25, 37, 31, 31, 31, 31, 31, 31, 31, 31, 31, 41, 41, 14, 2]",[C][C][=Branch1][C][=O][C][C][Branch1][#Branch1][C][N][C][=C][Branch2][Ring1][Ring1][Ring1][C][Branch1][N][C][C][C][C][C][C][C][C][C][Ring1][Ring1][=Branch1],True,32
1.0,221,"[1, 31, 31, 39, 31, 14, 37, 31, 19, 37, 26, 42, 14, 31, 19, 31, 37, 31, 16, 31, 14, 31, 19, 31, 16, 31, 16, 31, 25, 31, 33, 26, 41, 26, 31, 32, 26, 41, 15, 31, 42, 41, 5, 31, 37, 25, 31, 33, 31, 41, 40, 31, 31, 16, 42, 42, 41, 5, 31, 25, 31, 16, 36, 42, 41, 39, 37, 31, 16, 41, 4, 2]",[C][C][O][C][=Branch1][N][C][=O][N][Branch2][Ring2][=Branch1][C][=O][C][N][C][=C][C][=Branch1][C][=O][C][=C][C][=C][C][Branch1][C][F][Branch2][Ring1][Branch2][C][Cl][Branch2][Ring1][=Branch2][C][Ring2][Ring1][#Branch2][C][N][Branch1][C][F][C][Ring1][P][C][C][=C][Ring2][Ring2][Ring1][#Branch2][C][Branch1][C][=C][NH1][Ring2][Ring1][O][N][C][=C][Ring1][#Branch1],True,70
1.0,222,"[1, 31, 31, 14, 31, 19, 37, 31, 16, 31, 16, 31, 16, 25, 31, 39, 31, 25, 44, 31, 39, 31, 16, 41, 5, 37, 16, 31, 31, 31, 16, 41, 14, 2]",[C][C][=Branch1][C][=O][N][C][=C][C][=C][C][=C][Branch1][C][O][C][Branch1][S][C][O][C][=C][Ring1][#Branch2][N][=C][C][C][C][=C][Ring1][=Branch1],True,32
1.0,223,"[1, 31, 39, 31, 16, 31, 25, 31, 37, 31, 39, 31, 18, 31, 16, 41, 4, 18, 31, 26, 37, 31, 16, 31, 16, 25, 31, 39, 31, 37, 31, 25, 16, 41, 25, 31, 14, 31, 25, 31, 39, 31, 19, 37, 41, 41, 26, 37, 42, 41, 14, 42, 41, 39, 31, 25, 2]",[C][O][C][=C][C][Branch1][C][N][C][O][C][=N][C][=C][Ring1][#Branch1][=N][C][Branch2][N][C][=C][C][=C][Branch1][C][O][C][N][C][Branch1][=C][Ring1][Branch1][C][=Branch1][C][Branch1][C][O][C][=O][N][Ring1][Ring1][Branch2][N][Ring2][Ring1][=Branch1][Ring2][Ring1][O][C][Branch1],True,55
1.0,224,"[1, 31, 39, 31, 16, 31, 18, 31, 14, 16, 25, 5, 37, 31, 18, 31, 37, 16, 25, 31, 32, 31, 25, 31, 25, 31, 19, 37, 31, 31, 16, 31, 25, 31, 14, 31, 31, 16, 41, 14, 41, 25, 31, 31, 19, 2]",[C][O][C][=C][C][=N][C][=Branch1][=C][Branch1][#Branch2][N][C][=N][C][N][=C][Branch1][C][Cl][C][Branch1][C][Branch1][C][=O][N][C][C][=C][C][Branch1][C][=Branch1][C][C][=C][Ring1][=Branch1][Ring1][Branch1][C][C][=O],True,44
1.0,225,"[1, 39, 31, 18, 39, 16, 25, 31, 16, 25, 4, 31, 16, 37, 16, 41, 14, 2]",[O][C][=N][O][=C][Branch1][C][=C][Branch1][#Branch1][C][=C][N][=C][Ring1][=Branch1],True,16
1.0,226,"[1, 37, 31, 16, 25, 42, 18, 37, 31, 16, 31, 16, 31, 16, 31, 25, 31, 32, 39, 31, 31, 16, 42, 42, 41, 26, 31, 41, 16, 31, 16, 41, 18, 31, 25, 31, 39, 44, 39, 31, 16, 41, 6, 2]",[N][C][=C][Branch1][Ring2][=N][N][C][=C][C][=C][C][=C][C][Branch1][C][Cl][O][C][C][=C][Ring2][Ring2][Ring1][Branch2][C][Ring1][=C][C][=C][Ring1][=N][C][Branch1][C][O][S][O][C][=C][Ring1][#C],True,42
1.0,227,"[1, 31, 39, 31, 16, 31, 16, 31, 16, 25, 31, 18, 37, 16, 31, 16, 41, 14, 31, 31, 37, 25, 31, 31, 31, 41, 16, 31, 32, 44, 2]",[C][O][C][=C][C][=C][C][=C][Branch1][C][=N][N][=C][C][=C][Ring1][=Branch1][C][C][N][Branch1][C][C][C][Ring1][=C][C][Cl][S],True,29
1.0,228,"[1, 31, 37, 16, 31, 16, 26, 41, 42, 6, 31, 14, 31, 19, 37, 31, 16, 31, 31, 16, 31, 16, 31, 16, 41, 39, 16, 37, 16, 25, 41, 4, 33, 18, 42, 37, 31, 31, 31, 31, 18, 41, 14, 2]",[C][N][=C][C][=C][Branch2][Ring1][Ring2][#C][C][=Branch1][C][=O][N][C][=C][C][C][=C][C][=C][C][=C][Ring1][O][=C][N][=C][Branch1][Ring1][#Branch1][F][=N][Ring2][N][C][C][C][C][=N][Ring1][=Branch1],True,42
1.0,229,"[1, 31, 31, 31, 16, 31, 16, 26, 42, 4, 31, 37, 31, 16, 31, 14, 31, 19, 31, 37, 41, 15, 2]",[C][C][C][=C][C][=C][Branch2][Ring2][#Branch1][C][N][C][=C][C][=Branch1][C][=O][C][N][Ring1][=Branch2],True,21
1.0,230,"[1, 31, 31, 18, 37, 25, 5, 31, 31, 16, 31, 25, 31, 32, 37, 31, 16, 41, 15, 16, 42, 41, 4, 37, 31, 31, 31, 16, 31, 31, 31, 37, 41, 16, 31, 16, 31, 41, 4, 2]",[C][C][=N][N][Branch1][#Branch2][C][C][=C][C][Branch1][C][Cl][N][C][=C][Ring1][=Branch2][=C][Ring2][Ring1][#Branch1][N][C][C][C][=C][C][C][C][N][Ring1][=C][C][=C][C][Ring1][#Branch1],True,38
1.0,231,"[1, 39, 16, 25, 39, 31, 31, 31, 31, 31, 31, 39, 31, 37, 26, 41, 39, 31, 14, 16, 31, 16, 37, 16, 31, 16, 25, 31, 32, 16, 41, 39, 31, 42, 41, 18, 41, 44, 37, 31, 16, 31, 16, 42, 41, 18, 2]",[O][=C][Branch1][O][C][C][C][C][C][C][O][C][N][Branch2][Ring1][O][C][=Branch1][=C][C][=C][N][=C][C][=C][Branch1][C][Cl][=C][Ring1][O][C][Ring2][Ring1][=N][Ring1][S][N][C][=C][C][=C][Ring2][Ring1][=N],True,45
1.0,232,"[1, 31, 31, 31, 31, 16, 31, 16, 31, 16, 26, 41, 42, 25, 39, 31, 25, 5, 37, 31, 14, 31, 19, 37, 31, 31, 16, 31, 37, 26, 41, 26, 31, 25, 31, 39, 31, 37, 25, 31, 37, 19, 31, 25, 31, 31, 37, 16, 31, 16, 41, 14, 16, 31, 16, 31, 16, 41, 4, 16, 42, 41, 37, 19, 2]",[C][C][C][C][=C][C][=C][C][=C][Branch2][Ring1][Ring2][Branch1][O][C][Branch1][#Branch2][N][C][=Branch1][C][=O][N][C][C][=C][C][N][Branch2][Ring1][Branch2][C][Branch1][C][O][C][N][Branch1][C][N][=O][C][Branch1][C][C][N][=C][C][=C][Ring1][=Branch1][=C][C][=C][C][=C][Ring1][#Branch1][=C][Ring2][Ring1][N][=O],True,63
1.0,233,"[1, 31, 31, 16, 31, 39, 41, 42, 44, 14, 31, 19, 14, 31, 19, 39, 31, 16, 31, 31, 16, 31, 25, 15, 31, 33, 14, 37, 31, 31, 37, 16, 31, 16, 41, 14, 39, 2]",[C][C][=C][C][O][Ring1][Ring2][S][=Branch1][C][=O][=Branch1][C][=O][O][C][=C][C][C][=C][C][Branch1][=Branch2][C][F][=Branch1][N][C][C][N][=C][C][=C][Ring1][=Branch1][O],True,36
1.0,234,"[1, 31, 39, 31, 16, 26, 41, 26, 31, 14, 31, 19, 37, 31, 16, 31, 14, 31, 19, 37, 31, 31, 31, 16, 31, 16, 41, 5, 31, 16, 31, 41, 16, 31, 37, 31, 16, 31, 41, 26, 31, 31, 16, 42, 41, 39, 31, 31, 16, 31, 31, 16, 31, 31, 25, 31, 41, 14, 31, 14, 2]",[C][O][C][=C][Branch2][Ring1][Branch2][C][=Branch1][C][=O][N][C][=C][C][=Branch1][C][=O][N][C][C][C][=C][C][=C][Ring1][#Branch2][C][=C][C][Ring1][=C][C][N][C][=C][C][Ring1][Branch2][C][C][=C][Ring2][Ring1][O][C][C][=C][C][C][=C][C][C][Branch1][C][Ring1][=Branch1][C][=Branch1],True,59
1.0,235,"[1, 37, 31, 16, 31, 16, 16, 31, 16, 31, 16, 41, 14, 41, 14, 31, 19, 37, 31, 31, 39, 31, 31, 31, 16, 37, 41, 15, 41, 14, 2]",[N][C][=C][C][=C][=C][C][=C][C][=C][Ring1][=Branch1][Ring1][=Branch1][C][=O][N][C][C][O][C][C][C][=C][N][Ring1][=Branch2][Ring1][=Branch1],True,29
1.0,236,"[1, 31, 31, 16, 31, 18, 26, 41, 26, 44, 31, 14, 31, 19, 14, 31, 19, 25, 31, 31, 16, 31, 16, 31, 18, 41, 40, 37, 31, 25, 15, 37, 31, 31, 31, 31, 31, 31, 18, 41, 6, 16, 31, 16, 25, 31, 32, 16, 41, 4, 18, 41, 39, 2]",[C][C][=C][C][=N][Branch2][Ring1][Branch2][S][C][=Branch1][C][=O][=Branch1][C][=O][Branch1][C][C][=C][C][=C][C][=N][Ring1][P][N][C][Branch1][=Branch2][N][C][C][C][C][C][C][=N][Ring1][#C][=C][C][=C][Branch1][C][Cl][=C][Ring1][#Branch1][=N][Ring1][O],True,52
1.0,237,"[1, 31, 39, 31, 16, 31, 26, 41, 26, 37, 31, 31, 16, 31, 16, 31, 18, 31, 16, 25, 25, 31, 32, 31, 33, 16, 41, 4, 31, 18, 41, 40, 39, 31, 16, 31, 16, 25, 31, 32, 16, 31, 16, 41, 6, 18, 42, 42, 41, 4, 31, 42, 41, 42, 41, 5, 2]",[C][O][C][=C][C][Branch2][Ring1][Branch2][N][C][C][=C][C][=C][C][=N][C][=C][Branch1][Branch1][C][Cl][C][F][=C][Ring1][#Branch1][C][=N][Ring1][P][O][C][=C][C][=C][Branch1][C][Cl][=C][C][=C][Ring1][#C][=N][Ring2][Ring2][Ring1][#Branch1][C][Ring2][Ring1][Ring2][Ring1][#Branch2],True,55
1.0,238,"[1, 31, 44, 25, 14, 31, 14, 31, 19, 31, 14, 31, 19, 31, 16, 31, 16, 26, 41, 25, 15, 31, 16, 25, 15, 31, 25, 31, 31, 31, 16, 31, 16, 41, 14, 31, 14, 31, 19, 31, 16, 25, 31, 32, 31, 31, 16, 31, 32, 31, 31, 16, 41, 14, 31, 19, 44, 41, 14, 2]",[C][S][Branch1][=Branch1][C][=Branch1][C][=O][C][=Branch1][C][=O][C][=C][C][=C][Branch2][Ring1][Branch1][=Branch2][C][=C][Branch1][=Branch2][C][Branch1][C][C][C][=C][C][=C][Ring1][=Branch1][C][=Branch1][C][=O][C][=C][Branch1][C][Cl][C][C][=C][C][Cl][C][C][=C][Ring1][=Branch1][C][=O][S][Ring1][=Branch1],True,58
1.0,239,"[1, 31, 39, 31, 16, 31, 25, 31, 37, 31, 39, 31, 16, 31, 16, 25, 18, 41, 5, 31, 16, 25, 44, 39, 39, 39, 31, 16, 25, 39, 33, 33, 16, 25, 16, 41, 4, 31, 25, 31, 19, 44, 41, 25, 16, 31, 25, 31, 32, 33, 32, 31, 19, 19, 37, 33, 25, 5, 32, 44, 25, 31, 33, 2]",[C][O][C][=C][C][Branch1][C][N][C][O][C][=C][C][=C][Branch1][=N][Ring1][#Branch2][C][=C][Branch1][S][O][O][O][C][=C][Branch1][O][F][F][=C][Branch1][=C][Ring1][#Branch1][C][Branch1][C][=O][S][Ring1][Branch1][=C][C][Branch1][C][Cl][F][Cl][C][=O][=O][N][F][Branch1][#Branch2][Cl][S][Branch1][C][F],True,62
1.0,240,"[1, 37, 6, 37, 31, 16, 25, 31, 44, 31, 18, 31, 31, 16, 31, 16, 41, 4, 2]",[N][#C][N][C][=C][Branch1][C][S][C][=N][C][C][=C][C][=C][Ring1][#Branch1],True,17
1.0,241,"[1, 31, 31, 31, 37, 25, 15, 31, 31, 16, 31, 14, 31, 19, 37, 25, 15, 31, 16, 31, 16, 31, 16, 41, 40, 31, 31, 31, 16, 31, 16, 25, 39, 31, 14, 31, 14, 31, 19, 2]",[C][C][C][N][Branch1][=Branch2][C][C][=C][C][=Branch1][C][=O][N][Branch1][=Branch2][C][=C][C][=C][C][=C][Ring1][P][C][C][C][=C][C][=C][Branch1][O][C][=Branch1][C][=Branch1][C][=O],True,38
1.0,242,"[1, 31, 31, 31, 31, 25, 31, 37, 31, 31, 26, 41, 31, 31, 18, 31, 16, 25, 5, 16, 25, 31, 16, 41, 14, 31, 19, 37, 16, 42, 41, 37, 31, 31, 37, 16, 42, 16, 42, 41, 39, 31, 31, 41, 4, 31, 31, 16, 41, 14, 37, 31, 2]",[C][C][C][C][Branch1][C][N][C][C][Branch2][Ring1][C][C][=N][C][=C][Branch1][#Branch2][=C][Branch1][C][=C][Ring1][=Branch1][C][=O][N][=C][Ring2][Ring1][N][C][C][N][=C][Ring2][=C][Ring2][Ring1][O][C][C][Ring1][#Branch1][C][C][=C][Ring1][=Branch1][N][C],True,51
1.0,243,"[1, 31, 31, 39, 31, 18, 31, 16, 25, 31, 16, 41, 37, 31, 18, 37, 25, 31, 25, 41, 14, 16, 31, 18, 31, 16, 41, 4, 2]",[C][C][O][C][=N][C][=C][Branch1][C][=C][Ring1][N][C][=N][N][Branch1][C][Branch1][Ring1][=Branch1][=C][C][=N][C][=C][Ring1][#Branch1],True,27
1.0,244,"[1, 31, 31, 16, 26, 41, 25, 31, 37, 31, 31, 31, 16, 26, 41, 42, 18, 31, 37, 25, 16, 31, 25, 25, 31, 31, 14, 31, 39, 31, 16, 31, 31, 16, 41, 14, 31, 14, 31, 14, 31, 19, 19, 31, 41, 41, 4, 16, 41, 39, 2]",[C][C][=C][Branch2][Ring1][Branch1][C][N][C][C][C][=C][Branch2][Ring1][Ring2][=N][C][N][Branch1][=C][C][Branch1][Branch1][C][C][=Branch1][C][O][C][=C][C][C][=C][Ring1][=Branch1][C][=Branch1][C][=Branch1][C][=O][=O][C][Ring1][Ring1][#Branch1][=C][Ring1][O],True,49
1.0,245,"[1, 31, 31, 18, 31, 31, 16, 31, 16, 26, 41, 40, 31, 16, 31, 25, 15, 37, 31, 31, 31, 16, 31, 16, 31, 16, 41, 14, 2]",[C][C][=N][C][C][=C][C][=C][Branch2][Ring1][P][C][=C][C][Branch1][=Branch2][N][C][C][C][=C][C][=C][C][=C][Ring1][=Branch1],True,27
1.0,246,"[1, 31, 31, 25, 31, 31, 37, 31, 16, 31, 18, 31, 16, 25, 16, 31, 18, 31, 16, 41, 14, 16, 31, 16, 41, 14, 31, 19, 39, 31, 16, 31, 25, 31, 33, 31, 16, 41, 6, 31, 18, 31, 18, 42, 41, 39, 42, 41, 44, 31, 25, 18, 2]",[C][C][Branch1][C][C][N][C][=C][C][=N][C][=C][Branch1][=C][C][=N][C][=C][Ring1][=Branch1][=C][C][=C][Ring1][=Branch1][C][=O][O][C][=C][C][Branch1][C][F][C][=C][Ring1][#C][C][=N][C][=N][Ring2][Ring1][O][Ring2][Ring1][S][C][Branch1][=N],True,51
1.0,247,"[1, 31, 31, 16, 31, 25, 31, 31, 37, 31, 18, 41, 14, 29, 26, 41, 14, 31, 19, 39, 31, 31, 16, 25, 14, 16, 41, 39, 31, 31, 31, 16, 41, 25, 31, 14, 2]",[C][C][=C][C][Branch1][C][C][N][C][=N][Ring1][=Branch1][C@H1][Branch2][Ring1][=Branch1][C][=O][O][C][C][=C][Branch1][=Branch1][=C][Ring1][O][C][C][C][=C][Ring1][Branch1][C][=Branch1],True,35
1.0,248,"[1, 31, 31, 25, 31, 31, 31, 31, 18, 37, 18, 31, 16, 25, 4, 31, 39, 31, 25, 15, 44, 41, 18, 31, 16, 31, 16, 42, 41, 44, 31, 16, 41, 14, 18, 2]",[C][C][Branch1][C][C][C][C][=N][N][=N][C][=C][Branch1][#Branch1][C][O][C][Branch1][=Branch2][S][Ring1][=N][C][=C][C][=C][Ring2][Ring1][S][C][=C][Ring1][=Branch1][=N],True,34
1.0,249,"[1, 31, 31, 39, 31, 37, 26, 26, 41, 42, 39, 31, 14, 31, 19, 31, 31, 16, 31, 14, 31, 19, 37, 31, 31, 16, 41, 15, 31, 16, 31, 16, 25, 31, 33, 16, 41, 4, 37, 16, 41, 4, 31, 39, 31, 16, 42, 41, 14, 2]",[C][C][O][C][N][Branch2][Branch2][Ring1][Ring2][O][C][=Branch1][C][=O][C][C][=C][C][=Branch1][C][=O][N][C][C][=C][Ring1][=Branch2][C][=C][C][=C][Branch1][C][F][=C][Ring1][#Branch1][N][=C][Ring1][#Branch1][C][O][C][=C][Ring2][Ring1][=Branch1],True,48
1.0,250,"[1, 31, 31, 16, 31, 31, 25, 31, 39, 31, 16, 37, 44, 25, 14, 31, 19, 19, 14, 31, 19, 31, 31, 31, 31, 25, 31, 31, 31, 31, 32, 31, 16, 41, 4, 31, 31, 18, 41, 4, 2]",[C][C][=C][C][C][Branch1][C][O][C][=C][N][S][Branch1][=Branch1][C][=O][=O][=Branch1][C][=O][C][C][C][C][Branch1][C][C][C][C][Cl][C][=C][Ring1][#Branch1][C][C][=N][Ring1][#Branch1],True,39
1.0,251,"[1, 31, 31, 18, 31, 16, 31, 16, 26, 41, 37, 31, 31, 16, 31, 16, 41, 4, 18, 31, 41, 14, 31, 37, 16, 31, 16, 25, 31, 33, 16, 41, 14, 2]",[C][C][=N][C][=C][C][=C][Branch2][Ring1][N][C][C][=C][C][=C][Ring1][#Branch1][=N][C][Ring1][=Branch1][C][N][=C][C][=C][Branch1][C][F][=C][Ring1][=Branch1],True,32
1.0,252,"[1, 31, 31, 16, 31, 16, 31, 16, 41, 4, 31, 16, 42, 4, 31, 14, 31, 19, 31, 37, 31, 31, 18, 31, 16, 31, 25, 31, 33, 16, 41, 14, 31, 19, 37, 31, 31, 16, 31, 16, 25, 31, 32, 41, 4, 18, 42, 41, 15, 31, 39, 42, 2]",[C][C][=C][C][=C][C][=C][Ring1][#Branch1][C][=C][Ring2][#Branch1][C][=Branch1][C][=O][C][N][C][C][=N][C][=C][C][Branch1][C][F][=C][Ring1][=Branch1][C][=O][N][C][C][=C][C][=C][Branch1][C][Cl][Ring1][#Branch1][=N][Ring2][Ring1][=Branch2][C][O][Ring2],True,51
1.0,253,"[1, 31, 39, 31, 16, 31, 16, 25, 26, 42, 39, 31, 39, 37, 31, 31, 25, 31, 39, 31, 14, 31, 19, 31, 16, 31, 16, 41, 14, 31, 19, 39, 37, 31, 41, 14, 31, 19, 31, 18, 42, 31, 16, 42, 39, 31, 16, 31, 16, 42, 41, 39, 31, 18, 16, 42, 41, 31, 16, 42, 41, 14, 2]",[C][O][C][=C][C][=C][Branch1][Branch2][Ring2][O][C][O][N][C][C][Branch1][C][O][C][=Branch1][C][=O][C][=C][C][=C][Ring1][=Branch1][C][=O][O][N][C][Ring1][=Branch1][C][=O][C][=N][Ring2][C][=C][Ring2][O][C][=C][C][=C][Ring2][Ring1][O][C][=N][=C][Ring2][Ring1][C][=C][Ring2][Ring1][=Branch1],True,61
1.0,254,"[1, 31, 31, 16, 31, 18, 31, 26, 42, 18, 31, 16, 25, 5, 31, 31, 31, 37, 37, 31, 16, 41, 14, 31, 16, 31, 16, 37, 16, 31, 31, 16, 41, 4, 37, 16, 31, 16, 41, 4, 2]",[C][C][=C][C][=N][C][Branch2][Ring2][=N][C][=C][Branch1][#Branch2][C][C][C][N][N][C][=C][Ring1][=Branch1][C][=C][C][=C][N][=C][C][C][=C][Ring1][#Branch1][N][=C][C][=C][Ring1][#Branch1],True,39
1.0,255,"[1, 39, 16, 31, 16, 25, 5, 37, 37, 31, 31, 16, 31, 16, 31, 16, 31, 16, 25, 41, 14, 31, 33, 31, 31, 39, 31, 31, 41, 26, 31, 31, 42, 41, 40, 37, 16, 31, 16, 2]",[O][=C][C][=C][Branch1][#Branch2][N][N][C][C][=C][C][=C][C][=C][C][=C][Branch1][Ring1][=Branch1][C][F][C][C][O][C][C][Ring1][Branch2][C][C][Ring2][Ring1][P][N][=C][C][=C],True,38
1.0,256,"[1, 31, 39, 31, 16, 25, 31, 39, 31, 16, 26, 42, 4, 31, 14, 31, 19, 37, 31, 31, 31, 37, 31, 31, 16, 31, 16, 31, 16, 31, 25, 16, 31, 16, 41, 16, 25, 41, 14, 37, 41, 14, 2]",[C][O][C][=C][Branch1][C][O][C][=C][Branch2][Ring2][#Branch1][C][=Branch1][C][=O][N][C][C][C][N][C][C][=C][C][=C][C][=C][C][Branch1][=C][C][=C][Ring1][=C][Branch1][Ring1][=Branch1][N][Ring1][=Branch1],True,41
1.0,257,"[1, 39, 16, 31, 18, 26, 41, 37, 31, 31, 39, 31, 31, 31, 31, 39, 31, 16, 31, 26, 41, 6, 37, 31, 37, 31, 37, 25, 31, 31, 31, 14, 31, 19, 31, 39, 31, 41, 39, 31, 31, 16, 31, 41, 39, 42, 25, 31, 39, 31, 16, 31, 16, 31, 31, 16, 39, 20, 14, 31, 41, 15, 31, 37, 18, 41, 37, 25, 31, 31, 31, 42, 14, 2]",[O][=C][C][=N][Branch2][Ring1][N][C][C][O][C][C][C][C][O][C][=C][C][Branch2][Ring1][#C][N][C][N][C][N][Branch1][C][C][C][=Branch1][C][=O][C][O][C][Ring1][O][C][C][=C][C][Ring1][O][Ring2][Branch1][C][O][C][=C][C][=C][C][C][=C][O][=Ring1][=Branch1][C][Ring1][=Branch2][C][N][=N][Ring1][N][Branch1][C][C][C][Ring2][=Branch1],True,72
1.0,258,"[1, 31, 16, 31, 16, 31, 26, 41, 31, 31, 14, 31, 19, 27, 25, 31, 31, 37, 25, 31, 31, 31, 16, 31, 16, 31, 18, 41, 14, 39, 41, 5, 16, 31, 31, 16, 25, 16, 41, 14, 16, 42, 41, 18, 42, 41, 4, 42, 41, 37, 31, 19, 2]",[C][=C][C][=C][C][Branch2][Ring1][C][C][=Branch1][C][=O][C@@H1][Branch1][C][C][N][Branch1][C][C][C][=C][C][=C][C][=N][Ring1][=Branch1][O][Ring1][#Branch2][=C][C][C][=C][Branch1][=C][Ring1][=Branch1][=C][Ring2][Ring1][=N][Ring2][Ring1][#Branch1][Ring2][Ring1][N][C][=O],True,51
1.0,259,"[1, 31, 31, 26, 41, 40, 31, 14, 31, 19, 37, 31, 16, 31, 16, 37, 26, 41, 39, 16, 31, 16, 31, 16, 31, 16, 26, 41, 14, 37, 31, 16, 31, 16, 31, 16, 41, 6, 31, 16, 41, 4, 31, 16, 42, 41, 40, 31, 16, 31, 31, 16, 41, 14, 2]",[C][C][Branch2][Ring1][P][C][=Branch1][C][=O][N][C][=C][C][=C][N][Branch2][Ring1][O][=C][C][=C][C][=C][C][=C][Branch2][Ring1][=Branch1][N][C][=C][C][=C][C][=C][Ring1][#C][C][=C][Ring1][#Branch1][C][=C][Ring2][Ring1][P][C][=C][C][C][=C][Ring1][=Branch1],True,53
1.0,260,"[1, 31, 31, 31, 39, 31, 14, 31, 19, 31, 16, 31, 16, 25, 31, 39, 31, 16, 31, 37, 26, 41, 5, 37, 31, 31, 31, 31, 16, 31, 16, 25, 31, 16, 41, 40, 37, 16, 31, 37, 16, 42, 41, 31, 18, 31, 16, 41, 18, 42, 41, 4, 2]",[C][C][C][O][C][=Branch1][C][=O][C][=C][C][=C][Branch1][C][O][C][=C][C][N][Branch2][Ring1][#Branch2][N][C][C][C][C][=C][C][=C][Branch1][C][=C][Ring1][P][N][=C][C][N][=C][Ring2][Ring1][C][=N][C][=C][Ring1][=N][Ring2][Ring1][#Branch1],True,51
1.0,261,"[1, 37, 44, 14, 31, 19, 14, 31, 19, 31, 16, 31, 16, 26, 41, 31, 31, 39, 31, 16, 25, 5, 37, 25, 31, 39, 31, 37, 31, 31, 31, 16, 31, 25, 15, 37, 37, 31, 31, 16, 31, 37, 26, 41, 5, 39, 31, 16, 31, 41, 4, 31, 31, 16, 31, 16, 31, 37, 16, 31, 16, 41, 15, 2]",[N][S][=Branch1][C][=O][=Branch1][C][=O][C][=C][C][=C][Branch2][Ring1][C][C][O][C][=C][Branch1][#Branch2][N][Branch1][C][O][C][N][C][C][C][=C][C][Branch1][=Branch2][N][N][C][C][=C][C][N][Branch2][Ring1][#Branch2][O][C][=C][C][Ring1][#Branch1][C][C][=C][C][=C][C][N][=C][C][=C][Ring1][=Branch2],True,62
1.0,262,"[1, 31, 44, 14, 31, 19, 14, 31, 19, 31, 16, 31, 16, 31, 16, 41, 14, 31, 16, 31, 16, 26, 41, 14, 37, 31, 37, 31, 37, 37, 31, 31, 16, 31, 18, 25, 31, 16, 42, 41, 26, 31, 37, 31, 31, 31, 14, 31, 31, 41, 14, 37, 42, 41, 44, 31, 31, 31, 16, 31, 16, 42, 41, 6, 2]",[C][S][=Branch1][C][=O][=Branch1][C][=O][C][=C][C][=C][C][=C][Ring1][=Branch1][C][=C][C][=C][Branch2][Ring1][=Branch1][N][C][N][C][N][N][C][C][=C][C][=N][Branch1][C][=C][Ring2][Ring1][Branch2][C][N][C][C][C][=Branch1][C][C][Ring1][=Branch1][N][Ring2][Ring1][S][C][C][C][=C][C][=C][Ring2][Ring1][#C],True,63
1.0,263,"[1, 31, 31, 16, 31, 26, 41, 41, 37, 31, 16, 31, 16, 31, 18, 31, 16, 25, 5, 37, 16, 41, 15, 31, 31, 14, 31, 19, 37, 16, 31, 16, 31, 16, 31, 25, 31, 16, 31, 25, 31, 41, 6, 37, 19, 31, 16, 41, 14, 16, 41, 14, 19, 19, 19, 31, 33, 16, 42, 41, 4, 2]",[C][C][=C][C][Branch2][Ring1][Ring1][N][C][=C][C][=C][C][=N][C][=C][Branch1][#Branch2][N][=C][Ring1][=Branch2][C][C][=Branch1][C][=O][N][=C][C][=C][C][=C][C][Branch1][C][=C][C][Branch1][C][Ring1][#C][N][=O][C][=C][Ring1][=Branch1][=C][Ring1][=Branch1][=O][=O][=O][C][F][=C][Ring2][Ring1][#Branch1],True,60
1.0,264,"[1, 31, 39, 31, 26, 41, 26, 31, 18, 31, 31, 16, 31, 16, 25, 15, 31, 37, 31, 16, 25, 16, 41, 14, 31, 31, 37, 31, 37, 16, 31, 16, 31, 16, 31, 25, 31, 25, 31, 37, 31, 41, 4, 16, 41, 5, 16, 42, 41, 14, 20, 41, 14, 2]",[C][O][C][Branch2][Ring1][Branch2][C][=N][C][C][=C][C][=C][Branch1][=Branch2][C][N][C][=C][Branch1][=C][Ring1][=Branch1][C][C][N][C][N][=C][C][=C][C][=C][C][Branch1][C][Branch1][C][N][C][Ring1][#Branch1][=C][Ring1][#Branch2][=C][Ring2][Ring1][=Branch1][=Ring1][Ring1][=Branch1],True,52
1.0,265,"[1, 31, 31, 37, 25, 6, 31, 16, 31, 14, 31, 19, 31, 31, 16, 41, 14, 31, 16, 31, 16, 31, 16, 41, 14, 2]",[C][C][N][Branch1][#C][C][=C][C][=Branch1][C][=O][C][C][=C][Ring1][=Branch1][C][=C][C][=C][C][=C][Ring1][=Branch1],True,24
1.0,266,"[1, 31, 39, 31, 16, 31, 16, 26, 41, 26, 41, 41, 4, 16, 31, 39, 31, 25, 39, 31, 16, 31, 14, 31, 19, 39, 31, 37, 31, 31, 31, 25, 31, 31, 31, 42, 41, 26, 37, 31, 16, 41, 5, 31, 31, 16, 25, 31, 16, 31, 39, 31, 25, 31, 19, 31, 16, 31, 37, 16, 41, 14, 31, 33, 19, 25, 37, 41, 5, 2]",[C][O][C][=C][C][=C][Branch2][Ring1][Branch2][Ring1][Ring1][#Branch1][=C][C][O][C][Branch1][O][C][=C][C][=Branch1][C][=O][O][C][N][C][C][C][Branch1][C][C][C][Ring2][Ring1][Branch2][N][C][=C][Ring1][#Branch2][C][C][=C][Branch1][C][=C][C][O][C][Branch1][C][=O][C][=C][C][N][=C][Ring1][=Branch1][C][F][=O][Branch1][N][Ring1][#Branch2],True,68
1.0,267,"[1, 31, 31, 16, 31, 18, 25, 6, 31, 39, 31, 31, 16, 31, 25, 25, 31, 16, 37, 16, 31, 26, 41, 14, 16, 31, 19, 37, 31, 31, 37, 37, 44, 31, 16, 41, 14, 31, 16, 25, 16, 31, 16, 42, 41, 14, 16, 31, 39, 41, 6, 31, 37, 31, 14, 16, 42, 41, 31, 31, 42, 41, 25, 31, 2]",[C][C][=C][C][=N][Branch1][#C][C][O][C][C][=C][C][Branch1][Branch1][C][=C][N][=C][C][Branch2][Ring1][=Branch1][=C][C][=O][N][C][C][N][N][S][C][=C][Ring1][=Branch1][C][=C][Branch1][=C][C][=C][Ring2][Ring1][=Branch1][=C][C][O][Ring1][#C][C][N][C][=Branch1][=C][Ring2][Ring1][C][C][Ring2][Ring1][Branch1][C],True,63
1.0,268,"[1, 31, 37, 31, 16, 31, 16, 44, 14, 31, 19, 37, 31, 31, 31, 18, 31, 25, 31, 32, 31, 16, 41, 14, 31, 19, 37, 16, 31, 42, 41, 44, 37, 16, 31, 14, 31, 19, 37, 31, 37, 16, 31, 31, 31, 16, 41, 4, 2]",[C][N][C][=C][C][=C][S][=Branch1][C][=O][N][C][C][C][=N][C][Branch1][C][Cl][C][=C][Ring1][=Branch1][C][=O][N][=C][C][Ring2][Ring1][S][N][=C][C][=Branch1][C][=O][N][C][N][=C][C][C][C][=C][Ring1][#Branch1],True,47
1.0,269,"[1, 31, 31, 14, 31, 19, 37, 31, 31, 18, 37, 25, 41, 44, 31, 31, 16, 31, 16, 31, 16, 41, 4, 31, 16, 41, 15, 31, 31, 37, 26, 31, 16, 31, 31, 25, 31, 31, 33, 18, 41, 14, 31, 31, 41, 44, 2]",[C][C][=Branch1][C][=O][N][C][C][=N][N][Branch1][Ring1][S][C][C][=C][C][=C][C][=C][Ring1][#Branch1][C][=C][Ring1][=Branch2][C][C][N][Branch2][C][=C][C][C][Branch1][C][C][F][=N][Ring1][=Branch1][C][C][Ring1][S],True,45
1.0,270,"[1, 31, 31, 26, 41, 31, 39, 31, 14, 31, 19, 37, 31, 37, 31, 26, 41, 31, 31, 16, 31, 18, 37, 16, 31, 16, 37, 16, 31, 14, 15, 31, 16, 42, 41, 14, 31, 19, 37, 25, 31, 31, 16, 42, 41, 5, 31, 16, 25, 16, 31, 16, 42, 41, 26, 16, 31, 16, 41, 25, 2]",[C][C][Branch2][Ring1][C][O][C][=Branch1][C][=O][N][C][N][C][Branch2][Ring1][C][C][=C][C][=N][N][=C][C][=C][N][=C][C][=Branch1][=Branch2][C][=C][Ring2][Ring1][=Branch1][C][=O][N][Branch1][C][C][=C][Ring2][Ring1][#Branch2][C][=C][Branch1][=C][C][=C][Ring2][Ring1][Branch2][=C][C][=C][Ring1][Branch1],True,59
1.0,271,"[1, 31, 31, 39, 31, 16, 31, 16, 26, 26, 42, 18, 31, 31, 14, 31, 19, 39, 31, 16, 41, 41, 31, 16, 25, 31, 31, 25, 31, 32, 31, 39, 16, 31, 25, 31, 16, 31, 39, 31, 42, 41, 39, 31, 25, 41, 26, 39, 37, 31, 16, 31, 16, 41, 37, 31, 41, 6, 31, 42, 41, 44, 14, 16, 31, 25, 31, 31, 16, 42, 31, 16, 41, 31, 16, 42, 39, 2]",[C][C][O][C][=C][C][=C][Branch2][Branch2][Ring2][=N][C][C][=Branch1][C][=O][O][C][=C][Ring1][Ring1][C][=C][Branch1][C][C][Branch1][C][Cl][C][O][=C][C][Branch1][C][=C][C][O][C][Ring2][Ring1][O][C][Branch1][Ring1][Branch2][O][N][C][=C][C][=C][Ring1][N][C][Ring1][#C][C][Ring2][Ring1][S][=Branch1][=C][C][Branch1][C][C][=C][Ring2][C][=C][Ring1][C][=C][Ring2][O],True,76
1.0,272,"[1, 31, 31, 31, 31, 31, 31, 37, 25, 14, 31, 19, 31, 25, 31, 31, 31, 31, 39, 31, 16, 25, 14, 31, 39, 39, 31, 19, 37, 16, 42, 41, 42, 41, 37, 37, 25, 31, 31, 31, 16, 37, 16, 31, 25, 31, 16, 41, 31, 31, 16, 31, 31, 31, 16, 42, 41, 6, 2]",[C][C][C][C][C][C][N][Branch1][=Branch1][C][=O][C][Branch1][C][C][C][C][O][C][=C][Branch1][=Branch1][C][O][O][C][=O][N][=C][Ring2][Ring1][Ring2][Ring1][N][N][Branch1][C][C][C][=C][N][=C][C][Branch1][C][=C][Ring1][C][C][=C][C][C][C][=C][Ring2][Ring1][#C],True,57
1.0,273,"[1, 37, 31, 16, 31, 16, 26, 41, 18, 37, 31, 18, 31, 16, 31, 16, 41, 26, 31, 16, 31, 14, 39, 31, 14, 31, 19, 37, 26, 41, 4, 31, 41, 25, 31, 39, 31, 31, 31, 42, 41, 6, 16, 31, 16, 31, 32, 16, 31, 16, 31, 16, 31, 25, 31, 32, 32, 31, 37, 16, 41, 26, 41, 41, 42, 41, 40, 2]",[N][C][=C][C][=C][Branch2][Ring1][=N][N][C][=N][C][=C][C][=C][Ring1][Branch2][C][=C][C][=Branch1][O][C][=Branch1][C][=O][N][Branch2][Ring1][#Branch1][C][Ring1][Branch1][C][O][C][C][C][Ring2][Ring1][#C][=C][C][=C][C][Cl][=C][C][=C][C][=C][C][Branch1][C][Cl][Cl][C][N][=C][Ring1][Branch2][Ring1][Ring1][Ring2][Ring1][P],True,66
1.0,274,"[1, 31, 39, 31, 16, 31, 16, 26, 41, 40, 39, 31, 31, 25, 31, 31, 37, 31, 16, 31, 16, 25, 6, 37, 31, 16, 41, 40, 41, 44, 31, 16, 42, 41, 15, 31, 39, 31, 16, 41, 31, 26, 42, 41, 26, 31, 31, 2]",[C][O][C][=C][C][=C][Branch2][Ring1][P][O][C][C][Branch1][C][C][N][C][=C][C][=C][Branch1][#C][N][C][=C][Ring1][P][Ring1][S][C][=C][Ring2][Ring1][=Branch2][C][O][C][=C][Ring1][C][Branch2][Ring2][Ring1][Branch2][C][C],True,46
1.0,275,"[1, 31, 31, 16, 31, 16, 26, 41, 6, 31, 25, 31, 39, 31, 16, 25, 31, 37, 41, 40, 16, 31, 18, 42, 18, 41, 15, 37, 41, 14, 18, 37, 31, 31, 18, 31, 2]",[C][C][=C][C][=C][Branch2][Ring1][#C][C][Branch1][C][O][C][=C][Branch1][C][N][Ring1][P][=C][C][=N][Ring2][=N][Ring1][=Branch2][N][Ring1][=Branch1][=N][N][C][C][=N][C],True,35
1.0,276,"[1, 31, 37, 31, 31, 16, 27, 31, 16, 26, 41, 14, 31, 19, 31, 31, 16, 31, 16, 25, 31, 31, 31, 16, 31, 16, 31, 16, 25, 14, 37, 25, 31, 31, 31, 14, 31, 19, 44, 42, 41, 14, 31, 19, 31, 31, 42, 41, 39, 2]",[C][N][C][C][=C][C@@H1][C][=C][Branch2][Ring1][=Branch1][C][=O][C][C][=C][C][=C][Branch1][C][C][C][=C][C][=C][C][=C][Branch1][=Branch1][N][Branch1][C][C][C][=Branch1][C][=O][S][Ring2][Ring1][=Branch1][C][=O][C][C][Ring2][Ring1][O],True,48
1.0,277,"[1, 31, 39, 37, 31, 16, 31, 16, 25, 14, 31, 31, 33, 25, 5, 31, 31, 31, 14, 31, 19, 31, 18, 31, 16, 31, 16, 25, 41, 14, 31, 39, 31, 16, 41, 37, 31, 31, 16, 31, 16, 42, 41, 4, 16, 31, 18, 42, 41, 37, 31, 41, 31, 37, 2]",[C][O][N][C][=C][C][=C][Branch1][=Branch1][C][C][F][Branch1][#Branch2][C][C][C][=Branch1][C][=O][C][=N][C][=C][C][=C][Branch1][Ring1][=Branch1][C][O][C][=C][Ring1][N][C][C][=C][C][=C][Ring2][Ring1][#Branch1][=C][C][=N][Ring2][Ring1][N][C][Ring1][C][N],True,53
1.0,278,"[1, 31, 39, 31, 16, 31, 16, 26, 42, 39, 31, 16, 31, 14, 31, 19, 37, 31, 19, 44, 25, 14, 31, 19, 37, 31, 16, 37, 16, 31, 16, 25, 31, 37, 31, 16, 41, 14, 31, 25, 31, 25, 31, 19, 19, 31, 41, 14, 31, 31, 31, 19, 39, 41, 14, 31, 16, 2]",[C][O][C][=C][C][=C][Branch2][Ring2][O][C][=C][C][=Branch1][C][=O][N][C][=O][S][Branch1][=Branch1][C][=O][N][C][=C][N][=C][C][=C][Branch1][C][N][C][=C][Ring1][=Branch1][C][Branch1][C][Branch1][C][=O][=O][C][Ring1][=Branch1][C][C][C][=O][O][Ring1][=Branch1][C][=C],True,56
1.0,279,"[1, 39, 16, 25, 31, 31, 31, 26, 41, 5, 37, 31, 31, 16, 31, 16, 31, 25, 6, 37, 25, 31, 31, 18, 31, 25, 18, 31, 16, 31, 32, 16, 41, 4, 31, 42, 41, 39, 39, 31, 31, 41, 4, 2]",[O][=C][Branch1][C][C][C][Branch2][Ring1][#Branch2][N][C][C][=C][C][=C][C][Branch1][#C][N][Branch1][C][C][=N][C][Branch1][=N][C][=C][C][Cl][=C][Ring1][#Branch1][C][Ring2][Ring1][O][O][C][C][Ring1][#Branch1],True,42
1.0,280,"[1, 31, 31, 37, 31, 14, 31, 19, 37, 18, 31, 16, 25, 31, 32, 16, 37, 16, 41, 15, 31, 16, 37, 41, 18, 31, 16, 2]",[C][C][N][C][=Branch1][C][=O][N][=N][C][=C][Branch1][C][Cl][=C][N][=C][Ring1][=Branch2][C][=C][N][Ring1][=N][C][=C],True,26
1.0,281,"[1, 39, 16, 37, 16, 37, 16, 25, 25, 31, 18, 37, 16, 31, 16, 31, 41, 14, 16, 31, 16, 42, 41, 14, 31, 25, 41, 36, 31, 19, 42, 41, 15, 18, 31, 14, 31, 33, 2]",[O][=C][N][=C][N][=C][Branch1][Branch1][C][=N][N][=C][C][=C][C][Ring1][=Branch1][=C][C][=C][Ring2][Ring1][=Branch1][C][Branch1][Ring1][NH1][C][=O][Ring2][Ring1][=Branch2][=N][C][=Branch1][C][F],True,37
1.0,282,"[1, 31, 31, 16, 31, 16, 25, 40, 37, 31, 31, 37, 18, 31, 16, 31, 41, 14, 31, 16, 31, 25, 31, 37, 31, 31, 31, 41, 14, 31, 19, 41, 15, 36, 42, 41, 15, 31, 16, 42, 41, 2]",[C][C][=C][C][=C][Branch1][P][N][C][C][N][=N][C][=C][C][Ring1][=Branch1][C][=C][C][Branch1][C][N][C][C][C][Ring1][=Branch1][C][=O][Ring1][=Branch2][NH1][Ring2][Ring1][=Branch2][C][=C][Ring2][Ring1],True,40
1.0,283,"[1, 31, 37, 31, 18, 31, 14, 31, 19, 31, 16, 26, 41, 6, 37, 31, 31, 16, 25, 31, 32, 31, 16, 41, 6, 37, 31, 16, 31, 16, 41, 31, 18, 41, 6, 2]",[C][N][C][=N][C][=Branch1][C][=O][C][=C][Branch2][Ring1][#C][N][C][C][=C][Branch1][C][Cl][C][=C][Ring1][#C][N][C][=C][C][=C][Ring1][C][=N][Ring1][#C],True,34
1.0,284,"[1, 31, 31, 16, 31, 16, 31, 16, 26, 41, 14, 31, 19, 37, 31, 31, 31, 31, 31, 31, 37, 26, 42, 41, 14, 31, 19, 31, 31, 14, 31, 41, 44, 31, 31, 25, 16, 31, 16, 31, 14, 31, 19, 31, 16, 41, 31, 37, 37, 2]",[C][C][=C][C][=C][C][=C][Branch2][Ring1][=Branch1][C][=O][N][C][C][C][C][C][C][N][Branch2][Ring2][Ring1][=Branch1][C][=O][C][C][=Branch1][C][Ring1][S][C][C][Branch1][=C][C][=C][C][=Branch1][C][=O][C][=C][Ring1][C][N][N],True,48
1.0,285,"[1, 31, 31, 16, 31, 16, 26, 31, 14, 31, 19, 37, 31, 25, 31, 31, 31, 31, 41, 39, 18, 31, 16, 31, 16, 31, 16, 25, 31, 18, 41, 14, 31, 19, 37, 41, 4, 31, 31, 31, 41, 4, 2]",[C][C][=C][C][=C][Branch2][C][=Branch1][C][=O][N][C][Branch1][C][C][C][C][Ring1][O][=N][C][=C][C][=C][C][=C][Branch1][C][=N][Ring1][=Branch1][C][=O][N][Ring1][#Branch1][C][C][C][Ring1][#Branch1],True,41
1.0,286,"[1, 31, 39, 31, 16, 31, 16, 37, 25, 41, 37, 31, 16, 31, 14, 31, 19, 31, 16, 31, 16, 25, 16, 31, 33, 16, 41, 15, 31, 16, 41, 37, 37, 31, 16, 42, 41, 18, 31, 16, 2]",[C][O][C][=C][C][=C][N][Branch1][Ring1][N][C][=C][C][=Branch1][C][=O][C][=C][C][=C][Branch1][=C][C][F][=C][Ring1][=Branch2][C][=C][Ring1][N][N][C][=C][Ring2][Ring1][=N][C][=C],True,39
1.0,287,"[1, 39, 16, 31, 16, 16, 31, 16, 41, 6, 39, 31, 31, 26, 41, 15, 37, 31, 31, 31, 31, 31, 16, 31, 16, 41, 39, 42, 31, 16, 31, 16, 31, 18, 25, 31, 32, 31, 16, 42, 41, 5, 31, 16, 31, 37, 16, 37, 16, 41, 26, 2]",[O][=C][C][=C][=C][C][=C][Ring1][#C][O][C][C][Branch2][Ring1][=Branch2][N][C][C][C][C][C][=C][C][=C][Ring1][O][Ring2][C][=C][C][=C][C][=N][Branch1][C][Cl][C][=C][Ring2][Ring1][#Branch2][C][=C][C][N][=C][N][=C][Ring1][Branch2],True,50
1.0,288,"[1, 31, 37, 31, 16, 31, 16, 31, 16, 26, 41, 39, 41, 31, 16, 31, 14, 37, 31, 31, 31, 31, 31, 31, 31, 41, 14, 31, 19, 37, 25, 31, 37, 25, 31, 31, 31, 31, 25, 31, 41, 37, 2]",[C][N][C][=C][C][=C][C][=C][Branch2][Ring1][O][Ring1][C][=C][C][=Branch1][N][C][C][C][C][C][C][C][Ring1][=Branch1][C][=O][N][Branch1][C][N][Branch1][C][C][C][C][Branch1][C][Ring1][N],True,41
1.0,289,"[1, 31, 31, 16, 31, 14, 31, 19, 37, 31, 25, 39, 31, 37, 31, 31, 16, 25, 31, 31, 16, 31, 32, 41, 5, 31, 14, 31, 19, 31, 31, 16, 41, 15, 2]",[C][C][=C][C][=Branch1][C][=O][N][C][Branch1][O][C][N][C][C][=C][Branch1][C][C][=C][C][Cl][Ring1][#Branch2][C][=Branch1][C][=O][C][C][=C][Ring1][=Branch2],True,33
1.0,290,"[1, 39, 16, 25, 37, 31, 16, 25, 37, 31, 14, 37, 31, 19, 37, 16, 31, 16, 25, 31, 33, 31, 16, 41, 4, 31, 31, 31, 41, 44, 16, 31, 16, 31, 16, 31, 18, 41, 44, 31, 16, 42, 41, 5, 20, 37, 37, 42, 41, 4, 44, 2]",[O][=C][Branch1][N][C][=C][Branch1][N][C][=Branch1][N][C][=O][N][=C][C][=C][Branch1][C][F][C][=C][Ring1][#Branch1][C][C][C][Ring1][S][=C][C][=C][C][=C][C][=N][Ring1][S][C][=C][Ring2][Ring1][#Branch2][=Ring1][N][N][Ring2][Ring1][#Branch1][S],True,50
1.0,291,"[1, 31, 31, 25, 31, 31, 39, 31, 16, 31, 16, 41, 14, 31, 19, 31, 16, 37, 16, 31, 16, 26, 41, 4, 2]",[C][C][Branch1][C][C][O][C][=C][C][=C][Ring1][=Branch1][C][=O][C][=C][N][=C][C][=C][Branch2][Ring1][#Branch1],True,23
1.0,292,"[1, 31, 31, 16, 31, 16, 37, 31, 16, 31, 16, 26, 41, 14, 31, 18, 31, 14, 31, 19, 37, 31, 14, 31, 19, 37, 41, 37, 31, 31, 16, 25, 39, 31, 31, 16, 42, 31, 25, 31, 20, 4, 31, 16, 42, 41, 44, 31, 31, 42, 41, 6, 2]",[C][C][=C][C][=C][N][C][=C][C][=C][Branch2][Ring1][=Branch1][C][=N][C][=Branch1][C][=O][N][C][=Branch1][C][=O][N][Ring1][N][C][C][=C][Branch1][O][C][C][=C][Ring2][C][Branch1][C][=Ring1][#Branch1][C][=C][Ring2][Ring1][S][C][C][Ring2][Ring1][#C],True,51
1.0,293,"[1, 31, 31, 39, 31, 18, 31, 16, 31, 16, 41, 14, 31, 16, 31, 25, 31, 31, 14, 39, 39, 16, 41, 4, 19, 37, 31, 16, 31, 31, 16, 31, 16, 41, 37, 31, 31, 31, 16, 37, 31, 31, 37, 25, 31, 37, 31, 16, 31, 16, 25, 31, 33, 14, 31, 31, 16, 31, 42, 41, 26, 2]",[C][C][O][C][=N][C][=C][C][=C][Ring1][=Branch1][C][=C][C][Branch1][C][C][=Branch1][O][O][=C][Ring1][#Branch1][=O][N][C][=C][C][C][=C][C][=C][Ring1][N][C][C][C][=C][N][C][C][N][Branch1][C][N][C][=C][C][=C][Branch1][C][F][=Branch1][C][C][=C][C][Ring2][Ring1][Branch2],True,60
1.0,294,"[1, 31, 37, 26, 41, 15, 31, 25, 31, 31, 37, 31, 16, 31, 31, 16, 31, 14, 16, 31, 25, 5, 31, 16, 41, 4, 31, 14, 31, 19, 31, 16, 31, 25, 31, 25, 31, 31, 37, 41, 15, 31, 33, 16, 37, 41, 5, 2]",[C][N][Branch2][Ring1][=Branch2][C][Branch1][C][C][N][C][=C][C][C][=C][C][=Branch1][=C][C][Branch1][#Branch2][C][=C][Ring1][#Branch1][C][=Branch1][C][=O][C][=C][C][Branch1][C][Branch1][C][C][N][Ring1][=Branch2][C][F][=C][N][Ring1][#Branch2],True,46
1.0,295,"[1, 31, 39, 31, 16, 31, 16, 41, 31, 16, 26, 41, 25, 15, 37, 29, 25, 31, 33, 31, 31, 14, 39, 31, 31, 19, 37, 31, 25, 31, 31, 31, 31, 16, 31, 16, 41, 16, 42, 41, 14, 33, 16, 31, 16, 2]",[C][O][C][=C][C][=C][Ring1][C][=C][Branch2][Ring1][Branch1][=Branch2][N][C@H1][Branch1][C][F][C][C][=Branch1][O][C][C][=O][N][C][Branch1][C][C][C][C][=C][C][=C][Ring1][=C][Ring2][Ring1][=Branch1][F][=C][C][=C],True,44
1.0,296,"[1, 31, 37, 25, 16, 31, 31, 37, 41, 14, 31, 19, 31, 31, 16, 31, 16, 31, 14, 31, 19, 31, 25, 31, 33, 16, 25, 16, 41, 39, 31, 41, 44, 2]",[C][N][Branch1][=C][C][C][N][Ring1][=Branch1][C][=O][C][C][=C][C][=C][C][=Branch1][C][=O][C][Branch1][C][F][=C][Branch1][=C][Ring1][O][C][Ring1][S],True,32
1.0,297,"[1, 31, 31, 18, 31, 16, 37, 16, 26, 41, 14, 31, 19, 31, 26, 41, 15, 31, 16, 31, 16, 25, 15, 37, 31, 16, 31, 16, 41, 14, 31, 16, 41, 25, 31, 18, 37, 2]",[C][C][=N][C][=C][N][=C][Branch2][Ring1][=Branch1][C][=O][C][Branch2][Ring1][=Branch2][C][=C][C][=C][Branch1][=Branch2][N][C][=C][C][=C][Ring1][=Branch1][C][=C][Ring1][Branch1][C][=N][N],True,36
1.0,298,"[1, 31, 39, 31, 14, 31, 31, 16, 26, 42, 42, 31, 16, 31, 37, 16, 31, 25, 31, 39, 31, 16, 25, 14, 31, 19, 37, 31, 39, 31, 18, 31, 16, 41, 14, 31, 19, 31, 16, 31, 16, 41, 37, 18, 42, 41, 26, 41, 39, 2]",[C][O][C][=Branch1][C][C][=C][Branch2][Ring2][Ring2][C][=C][C][N][=C][C][Branch1][C][O][C][=C][Branch1][=Branch1][C][=O][N][C][O][C][=N][C][=C][Ring1][=Branch1][C][=O][C][=C][C][=C][Ring1][N][=N][Ring2][Ring1][Branch2][Ring1][O],True,48
1.0,299,"[1, 31, 31, 16, 31, 16, 31, 16, 31, 26, 41, 14, 16, 31, 26, 41, 31, 37, 31, 16, 31, 25, 37, 31, 31, 39, 31, 16, 25, 31, 37, 31, 31, 31, 14, 31, 19, 39, 41, 16, 41, 37, 26, 37, 31, 18, 42, 41, 31, 16, 42, 41, 25, 44, 2]",[C][C][=C][C][=C][C][=C][C][Branch2][Ring1][=Branch1][=C][C][Branch2][Ring1][C][N][C][=C][C][Branch1][N][C][C][O][C][=C][Branch1][C][N][C][C][C][=Branch1][C][=O][O][Ring1][=C][Ring1][N][Branch2][N][C][=N][Ring2][Ring1][C][=C][Ring2][Ring1][Branch1][S],True,53
1.2,0,"[1, 39, 16, 25, 25, 44, 27, 37, 39, 31, 31, 25, 31, 33, 31, 31, 31, 31, 44, 14, 31, 19, 25, 31, 19, 37, 41, 18, 37, 31, 16, 31, 16, 25, 15, 31, 32, 31, 25, 39, 41, 6, 31, 33, 25, 31, 33, 7, 32, 19, 44, 25, 31, 42, 15, 25, 31, 25, 40, 42, 31, 33, 16, 2]",[O][=C][Branch1][Branch1][S][C@@H1][N][O][C][C][Branch1][C][F][C][C][C][C][S][=Branch1][C][=O][Branch1][C][=O][N][Ring1][=N][N][C][=C][C][=C][Branch1][=Branch2][C][Cl][C][Branch1][O][Ring1][#C][C][F][Branch1][C][F][#N][Cl][=O][S][Branch1][C][Ring2][=Branch2][Branch1][C][Branch1][P][Ring2][C][F][=C],True,62
1.2,1,"[1, 37, 31, 26, 25, 31, 31, 27, 31, 31, 41, 31, 16, 31, 16, 31, 16, 41, 14, 2]",[N][C][Branch2][Branch1][C][C][C@@H1][C][C][Ring1][C][=C][C][=C][C][=C][Ring1][=Branch1],True,18
1.2,2,"[1, 37, 31, 16, 31, 16, 26, 41, 25, 31, 44, 14, 19, 14, 31, 19, 37, 31, 16, 25, 31, 31, 33, 33, 16, 37, 4, 31, 16, 41, 31, 31, 39, 2]",[N][C][=C][C][=C][Branch2][Ring1][Branch1][C][S][=Branch1][=O][=Branch1][C][=O][N][C][=C][Branch1][C][C][F][F][=C][N][#Branch1][C][=C][Ring1][C][C][O],True,32
1.2,3,"[1, 31, 39, 16, 31, 16, 31, 14, 41, 14, 37, 31, 19, 31, 44, 31, 16, 25, 5, 31, 16, 26, 41, 15, 31, 25, 31, 18, 39, 31, 31, 25, 31, 14, 31, 19, 37, 31, 31, 16, 31, 16, 41, 26, 41, 25, 16, 2]",[C][O][=C][C][=C][C][=Branch1][Ring1][=Branch1][N][C][=O][C][S][C][=C][Branch1][#Branch2][C][=C][Branch2][Ring1][=Branch2][C][Branch1][C][=N][O][C][C][Branch1][C][=Branch1][C][=O][N][C][C][=C][C][=C][Ring1][Branch2][Ring1][Branch1][=C],True,46
1.2,4,"[1, 31, 39, 31, 26, 41, 5, 44, 14, 19, 26, 31, 31, 31, 19, 31, 16, 31, 16, 31, 36, 37, 41, 5, 18, 31, 16, 31, 16, 25, 25, 31, 16, 31, 41, 6, 31, 33, 32, 2]",[C][O][C][Branch2][Ring1][#Branch2][S][=Branch1][=O][Branch2][C][C][C][=O][C][=C][C][=C][C][NH1][N][Ring1][#Branch2][=N][C][=C][C][=C][Branch1][Branch1][C][=C][C][Ring1][#C][C][F][Cl],True,38
1.2,5,"[1, 31, 37, 31, 31, 31, 16, 25, 41, 31, 2]",[C][N][C][C][C][=C][Branch1][Ring1][C],True,9
1.2,6,"[1, 31, 37, 31, 31, 14, 31, 19, 31, 16, 31, 25, 16, 31, 25, 5, 33, 41, 44, 41, 39, 37, 37, 31, 25, 31, 31, 33, 25, 18, 31, 33, 33, 25, 37, 31, 37, 31, 31, 31, 14, 31, 19, 14, 31, 31, 42, 41, 26, 2]",[C][N][C][C][=Branch1][C][=O][C][=C][C][Branch1][=C][C][Branch1][#Branch2][F][Ring1][S][Ring1][O][N][N][C][Branch1][C][C][F][Branch1][=N][C][F][F][Branch1][N][C][N][C][C][C][=Branch1][C][=O][=Branch1][C][C][Ring2][Ring1][Branch2],True,48
1.2,7,"[1, 44, 31, 16, 25, 31, 25, 25, 31, 31, 39, 31, 41, 4, 39, 31, 16, 37, 44, 41, 14, 31, 33, 26, 31, 26, 41, 15, 31, 14, 31, 31, 19, 19, 31, 16, 31, 16, 31, 18, 41, 4, 37, 44, 31, 25, 16, 39, 31, 39, 31, 16, 31, 31, 16, 41, 14, 2]",[S][C][=C][Branch1][C][Branch1][Branch1][C][C][O][C][Ring1][#Branch1][O][C][=C][N][S][Ring1][=Branch1][C][F][Branch2][C][Branch2][Ring1][=Branch2][C][=Branch1][C][C][=O][=O][C][=C][C][=C][C][=N][Ring1][#Branch1][N][S][C][Branch1][=C][O][C][O][C][=C][C][C][=C][Ring1][=Branch1],True,56
1.2,8,"[1, 37, 31, 18, 25, 15, 31, 16, 31, 18, 41, 15, 31, 25, 15, 32, 37, 16, 41, 14, 31, 19, 37, 37, 16, 31, 25, 25, 15, 31, 31, 41, 25, 5, 33, 44, 31, 31, 41, 39, 2]",[N][C][=N][Branch1][=Branch2][C][=C][C][=N][Ring1][=Branch2][C][Branch1][=Branch2][Cl][N][=C][Ring1][=Branch1][C][=O][N][N][=C][C][Branch1][Branch1][=Branch2][C][C][Ring1][Branch1][#Branch2][F][S][C][C][Ring1][O],True,39
1.2,9,"[1, 31, 39, 31, 25, 18, 31, 31, 14, 25, 31, 32, 19, 31, 31, 16, 37, 26, 41, 14, 31, 31, 31, 19, 31, 16, 16, 26, 41, 26, 31, 16, 26, 41, 42, 31, 31, 31, 37, 31, 16, 31, 25, 40, 18, 16, 25, 4, 31, 32, 16, 42, 41, 39, 31, 25, 31, 33, 14, 31, 14, 31, 19, 16, 42, 41, 41, 39, 31, 33, 2]",[C][O][C][Branch1][=N][C][C][=Branch1][Branch1][C][Cl][=O][C][C][=C][N][Branch2][Ring1][=Branch1][C][C][C][=O][C][=C][=C][Branch2][Ring1][Branch2][C][=C][Branch2][Ring1][Ring2][C][C][C][N][C][=C][C][Branch1][P][=N][=C][Branch1][#Branch1][C][Cl][=C][Ring2][Ring1][O][C][Branch1][C][F][=Branch1][C][=Branch1][C][=O][=C][Ring2][Ring1][Ring1][O][C][F],True,69
1.2,10,"[1, 31, 31, 37, 31, 16, 41, 15, 31, 25, 41, 39, 31, 37, 31, 16, 31, 16, 31, 25, 15, 16, 37, 31, 14, 31, 19, 31, 19, 39, 31, 16, 41, 31, 16, 41, 26, 2]",[C][C][N][C][=C][Ring1][=Branch2][C][Branch1][Ring1][O][C][N][C][=C][C][=C][C][Branch1][=Branch2][=C][N][C][=Branch1][C][=O][C][=O][O][C][=C][Ring1][C][=C][Ring1][Branch2],True,36
1.2,11,"[1, 31, 37, 31, 37, 26, 41, 15, 31, 16, 37, 31, 16, 44, 39, 31, 16, 16, 31, 16, 31, 16, 41, 14, 31, 16, 41, 14, 2]",[C][N][C][N][Branch2][Ring1][=Branch2][C][=C][N][C][=C][S][O][C][=C][=C][C][=C][C][=C][Ring1][=Branch1][C][=C][Ring1][=Branch1],True,27
1.2,12,"[1, 31, 44, 31, 25, 44, 14, 31, 31, 31, 14, 31, 19, 31, 16, 31, 16, 41, 14, 31, 19, 14, 37, 26, 31, 31, 19, 31, 16, 37, 31, 16, 25, 31, 36, 31, 25, 15, 31, 14, 42, 41, 25, 31, 16, 31, 25, 31, 31, 20, 4, 31, 31, 31, 41, 5, 2]",[C][S][C][Branch1][S][=Branch1][C][C][C][=Branch1][C][=O][C][=C][C][=C][Ring1][=Branch1][C][=O][=Branch1][N][Branch2][C][C][=O][C][=C][N][C][=C][Branch1][C][NH1][C][Branch1][=Branch2][C][=Branch1][Ring2][Ring1][Branch1][C][=C][C][Branch1][C][C][=Ring1][#Branch1][C][C][C][Ring1][#Branch2],True,55
1.2,13,"[1, 31, 31, 37, 26, 41, 41, 16, 31, 14, 31, 19, 31, 31, 25, 15, 37, 31, 16, 31, 16, 31, 16, 31, 16, 41, 14, 44, 37, 41, 5, 37, 31, 31, 31, 41, 5, 16, 31, 16, 31, 42, 41, 5, 2]",[C][C][N][Branch2][Ring1][Ring1][=C][C][=Branch1][C][=O][C][C][Branch1][=Branch2][N][C][=C][C][=C][C][=C][C][=C][Ring1][=Branch1][S][N][Ring1][#Branch2][N][C][C][C][Ring1][#Branch2][=C][C][=C][C][Ring2][Ring1][#Branch2],True,43
1.2,14,"[1, 31, 37, 31, 25, 31, 31, 18, 31, 16, 25, 31, 37, 31, 31, 16, 44, 31, 39, 25, 14, 31, 19, 14, 37, 25, 42, 31, 39, 31, 31, 31, 39, 31, 25, 31, 31, 42, 41, 4, 19, 2]",[C][N][C][Branch1][C][C][=N][C][=C][Branch1][C][N][C][C][=C][S][C][O][Branch1][=Branch1][C][=O][=Branch1][N][Branch1][Ring2][C][O][C][C][C][O][C][Branch1][C][C][Ring2][Ring1][#Branch1][=O],True,40
1.2,15,"[1, 27, 31, 14, 31, 19, 31, 25, 31, 32, 37, 29, 25, 4, 31, 31, 31, 41, 25, 31, 32, 31, 19, 31, 18, 41, 15, 31, 16, 41, 4, 2]",[C@@H1][C][=Branch1][C][=O][C][Branch1][C][Cl][N][C@H1][Branch1][#Branch1][C][C][C][Ring1][Branch1][C][Cl][C][=O][C][=N][Ring1][=Branch2][C][=C][Ring1][#Branch1],True,30
1.2,16,"[1, 31, 39, 39, 39, 31, 16, 31, 16, 26, 42, 18, 37, 39, 44, 31, 18, 31, 37, 31, 31, 16, 31, 16, 44, 25, 14, 31, 19, 44, 31, 16, 31, 16, 31, 16, 42, 41, 14, 31, 31, 16, 42, 41, 37, 42, 31, 41, 37, 31, 41, 15, 37, 31, 31, 41, 26, 2]",[C][O][O][O][C][=C][C][=C][Branch2][Ring2][=N][N][O][S][C][=N][C][N][C][C][=C][C][=C][S][Branch1][=Branch1][C][=O][S][C][=C][C][=C][C][=C][Ring2][Ring1][=Branch1][C][C][=C][Ring2][Ring1][N][Ring2][C][Ring1][N][C][Ring1][=Branch2][N][C][C][Ring1][Branch2],True,56
1.2,17,"[1, 31, 39, 31, 16, 31, 25, 31, 27, 25, 15, 31, 16, 31, 16, 31, 16, 41, 40, 39, 41, 31, 42, 25, 16, 31, 16, 31, 25, 31, 39, 41, 39, 37, 31, 16, 2]",[C][O][C][=C][C][Branch1][C][C@@H1][Branch1][=Branch2][C][=C][C][=C][C][=C][Ring1][P][O][Ring1][C][Ring2][Branch1][=C][C][=C][C][Branch1][C][O][Ring1][O][N][C][=C],True,35
1.2,18,"[1, 18, 31, 16, 31, 37, 25, 31, 31, 31, 16, 25, 18, 37, 2]",[=N][C][=C][C][N][Branch1][C][C][C][=C][Branch1][=N][N],True,13
1.2,19,"[1, 31, 31, 26, 41, 4, 31, 16, 31, 25, 15, 27, 25, 31, 37, 31, 37, 39, 31, 31, 16, 31, 37, 31, 41, 15, 39, 31, 16, 41, 14, 14, 2]",[C][C][Branch2][Ring1][#Branch1][C][=C][C][Branch1][=Branch2][C@@H1][Branch1][C][N][C][N][O][C][C][=C][C][N][C][Ring1][=Branch2][O][C][=C][Ring1][=Branch1][=Branch1],True,31
1.2,20,"[1, 31, 31, 18, 31, 16, 25, 6, 39, 31, 16, 31, 16, 25, 18, 37, 31, 16, 41, 14, 41, 15, 32, 2]",[C][C][=N][C][=C][Branch1][#C][O][C][=C][C][=C][Branch1][=N][N][C][=C][Ring1][=Branch1][Ring1][=Branch2][Cl],True,22
1.2,21,"[1, 39, 16, 25, 31, 37, 31, 31, 16, 31, 16, 25, 31, 39, 31, 16, 41, 4, 31, 31, 31, 16, 31, 16, 41, 14, 18, 41, 40, 37, 2]",[O][=C][Branch1][C][N][C][C][=C][C][=C][Branch1][C][O][C][=C][Ring1][#Branch1][C][C][C][=C][C][=C][Ring1][=Branch1][=N][Ring1][P][N],True,29
1.2,22,"[1, 31, 29, 25, 31, 14, 31, 14, 31, 19, 37, 16, 31, 18, 31, 16, 41, 4, 31, 16, 31, 41, 4, 19, 37, 31, 26, 16, 31, 16, 31, 16, 41, 4, 31, 41, 44, 2]",[C][C@H1][Branch1][C][=Branch1][C][=Branch1][C][=O][N][=C][C][=N][C][=C][Ring1][#Branch1][C][=C][C][Ring1][#Branch1][=O][N][C][Branch2][=C][C][=C][C][=C][Ring1][#Branch1][C][Ring1][S],True,36
1.2,23,"[1, 31, 37, 25, 31, 39, 16, 31, 16, 31, 25, 15, 31, 16, 41, 16, 31, 25, 41, 41, 37, 37, 33, 31, 16, 25, 37, 31, 31, 31, 16, 31, 18, 41, 18, 2]",[C][N][Branch1][C][O][=C][C][=C][C][Branch1][=Branch2][C][=C][Ring1][=C][C][Branch1][Ring1][Ring1][N][N][F][C][=C][Branch1][N][C][C][C][=C][C][=N][Ring1][=N],True,34
1.2,24,"[1, 37, 31, 36, 31, 18, 31, 14, 31, 16, 31, 25, 41, 6, 31, 16, 16, 31, 39, 20, 40, 16, 31, 16, 31, 14, 37, 31, 31, 25, 31, 39, 42, 41, 15, 2]",[N][C][NH1][C][=N][C][=Branch1][C][=C][C][Branch1][Ring1][#C][C][=C][=C][C][O][=Ring1][P][=C][C][=C][C][=Branch1][N][C][C][Branch1][C][O][Ring2][Ring1][=Branch2],True,34
1.2,25,"[1, 31, 37, 44, 25, 31, 33, 37, 31, 14, 31, 19, 31, 31, 16, 31, 16, 31, 16, 25, 15, 29, 25, 39, 31, 37, 31, 39, 31, 31, 16, 41, 5, 33, 33, 39, 31, 16, 42, 41, 25, 42, 42, 2]",[C][N][S][Branch1][C][F][N][C][=Branch1][C][=O][C][C][=C][C][=C][C][=C][Branch1][=Branch2][C@H1][Branch1][O][C][N][C][O][C][C][=C][Ring1][#Branch2][F][F][O][C][=C][Ring2][Ring1][Branch1][Ring2][Ring2],True,42
1.2,26,"[1, 31, 31, 31, 26, 42, 25, 37, 31, 44, 31, 31, 14, 31, 19, 37, 19, 31, 31, 31, 37, 37, 31, 16, 37, 31, 16, 31, 25, 15, 31, 31, 16, 25, 14, 31, 42, 41, 25, 29, 41, 39, 31, 33, 31, 16, 31, 31, 41, 5, 39, 44, 42, 41, 25, 31, 16, 25, 31, 33, 31, 42, 42, 41, 16, 2]",[C][C][C][Branch2][Ring2][Branch1][N][C][S][C][C][=Branch1][C][=O][N][=O][C][C][C][N][N][C][=C][N][C][=C][C][Branch1][=Branch2][C][C][=C][Branch1][=Branch1][C][Ring2][Ring1][Branch1][C@H1][Ring1][O][C][F][C][=C][C][C][Ring1][#Branch2][O][S][Ring2][Ring1][Branch1][C][=C][Branch1][C][F][C][Ring2][Ring2][Ring1][=C],True,64
1.2,27,"[1, 39, 16, 26, 41, 18, 31, 16, 37, 31, 16, 31, 16, 31, 16, 41, 25, 44, 25, 31, 33, 32, 44, 25, 31, 25, 5, 2]",[O][=C][Branch2][Ring1][=N][C][=C][N][C][=C][C][=C][C][=C][Ring1][Branch1][S][Branch1][C][F][Cl][S][Branch1][C][Branch1][#Branch2],True,26
1.2,28,"[1, 31, 39, 31, 16, 31, 25, 25, 31, 31, 31, 37, 31, 25, 14, 31, 31, 19, 31, 37, 31, 37, 31, 16, 31, 16, 31, 32, 16, 25, 18, 25, 4, 31, 33, 16, 41, 26, 31, 31, 16, 37, 41, 15, 31, 16, 42, 42, 41, 41, 25, 31, 42, 41, 2]",[C][O][C][=C][C][Branch1][Branch1][C][C][C][N][C][Branch1][=Branch1][C][C][=O][C][N][C][N][C][=C][C][=C][C][Cl][=C][Branch1][=N][Branch1][#Branch1][C][F][=C][Ring1][Branch2][C][C][=C][N][Ring1][=Branch2][C][=C][Ring2][Ring2][Ring1][Ring1][Branch1][C][Ring2][Ring1],True,53
1.2,29,"[1, 39, 16, 26, 42, 39, 31, 16, 31, 16, 25, 16, 26, 41, 39, 31, 31, 16, 31, 16, 31, 14, 31, 16, 41, 41, 14, 31, 14, 31, 19, 31, 16, 41, 41, 26, 31, 37, 31, 44, 37, 31, 31, 37, 31, 31, 31, 41, 14, 2]",[O][=C][Branch2][Ring2][O][C][=C][C][=C][Branch1][=C][Branch2][Ring1][O][C][C][=C][C][=C][C][=Branch1][C][=C][Ring1][Ring1][=Branch1][C][=Branch1][C][=O][C][=C][Ring1][Ring1][Branch2][C][N][C][S][N][C][C][N][C][C][C][Ring1][=Branch1],True,48
1.2,30,"[1, 31, 39, 31, 31, 16, 31, 14, 31, 19, 37, 26, 42, 31, 16, 26, 41, 41, 37, 37, 25, 31, 31, 16, 31, 26, 41, 25, 31, 25, 15, 39, 31, 31, 31, 41, 39, 37, 31, 25, 18, 31, 37, 25, 15, 39, 37, 31, 16, 31, 31, 42, 15, 2]",[C][O][C][C][=C][C][=Branch1][C][=O][N][Branch2][Ring2][C][=C][Branch2][Ring1][Ring1][N][N][Branch1][C][C][=C][C][Branch2][Ring1][Branch1][C][Branch1][=Branch2][O][C][C][C][Ring1][O][N][C][Branch1][=N][C][N][Branch1][=Branch2][O][N][C][=C][C][C][Ring2][=Branch2],True,52
1.2,31,"[1, 31, 37, 25, 31, 31, 39, 31, 31, 16, 25, 14, 31, 14, 31, 19, 18, 37, 31, 16, 31, 25, 40, 31, 31, 16, 41, 4, 39, 31, 16, 31, 25, 31, 20, 31, 16, 41, 31, 44, 41, 39, 2]",[C][N][Branch1][C][C][O][C][C][=C][Branch1][=Branch1][C][=Branch1][C][=O][=N][N][C][=C][C][Branch1][P][C][C][=C][Ring1][#Branch1][O][C][=C][C][Branch1][C][=Ring1][C][=C][Ring1][C][S][Ring1][O],True,41
1.2,32,"[1, 37, 26, 15, 31, 19, 14, 31, 19, 37, 26, 41, 5, 37, 31, 16, 31, 16, 39, 31, 16, 31, 25, 31, 31, 31, 31, 16, 31, 25, 15, 37, 36, 31, 41, 5, 31, 41, 14, 2]",[N][Branch2][=Branch2][C][=O][=Branch1][C][=O][N][Branch2][Ring1][#Branch2][N][C][=C][C][=C][O][C][=C][C][Branch1][C][C][C][C][=C][C][Branch1][=Branch2][N][NH1][C][Ring1][#Branch2][C][Ring1][=Branch1],True,38
1.2,33,"[1, 31, 31, 16, 31, 25, 31, 39, 31, 37, 31, 31, 18, 26, 41, 15, 39, 31, 14, 31, 19, 39, 31, 16, 25, 5, 31, 32, 31, 16, 31, 25, 16, 31, 16, 42, 41, 39, 42, 41, 16, 31, 16, 19, 37, 25, 14, 37, 2]",[C][C][=C][C][Branch1][C][O][C][N][C][C][=N][Branch2][Ring1][=Branch2][O][C][=Branch1][C][=O][O][C][=C][Branch1][#Branch2][C][Cl][C][=C][C][Branch1][=C][C][=C][Ring2][Ring1][O][Ring2][Ring1][=C][C][=C][=O][N][Branch1][=Branch1][N],True,47
1.2,34,"[1, 31, 31, 14, 31, 19, 26, 41, 15, 31, 25, 31, 31, 31, 25, 31, 31, 37, 31, 31, 41, 26, 18, 31, 18, 25, 15, 44, 37, 16, 25, 31, 32, 16, 41, 14, 31, 25, 31, 25, 31, 32, 31, 31, 31, 31, 33, 33, 25, 31, 31, 33, 32, 33, 31, 41, 40, 16, 42, 41, 4, 2]",[C][C][=Branch1][C][=O][Branch2][Ring1][=Branch2][C][Branch1][C][C][C][Branch1][C][C][N][C][C][Ring1][Branch2][=N][C][=N][Branch1][=Branch2][S][N][=C][Branch1][C][Cl][=C][Ring1][=Branch1][C][Branch1][C][Branch1][C][Cl][C][C][C][C][F][F][Branch1][C][C][F][Cl][F][C][Ring1][P][=C][Ring2][Ring1][#Branch1],True,60
1.2,35,"[1, 31, 31, 31, 16, 31, 25, 18, 31, 31, 31, 16, 26, 41, 31, 16, 31, 16, 31, 37, 31, 31, 16, 42, 41, 26, 19, 31, 31, 37, 31, 31, 31, 14, 31, 16, 41, 4, 31, 16, 31, 16, 31, 16, 41, 14, 2]",[C][C][C][=C][C][Branch1][=N][C][C][C][=C][Branch2][Ring1][C][=C][C][=C][C][N][C][C][=C][Ring2][Ring1][Branch2][=O][C][C][N][C][C][C][=Branch1][C][=C][Ring1][#Branch1][C][=C][C][=C][C][=C][Ring1][=Branch1],True,45
1.2,36,"[1, 31, 39, 31, 16, 31, 16, 31, 16, 37, 16, 26, 42, 44, 37, 26, 41, 14, 31, 19, 14, 31, 19, 37, 31, 16, 31, 25, 39, 31, 37, 26, 18, 31, 16, 31, 16, 31, 16, 31, 16, 41, 26, 41, 39, 41, 39, 31, 18, 42, 41, 4, 41, 16, 42, 31, 31, 25, 16, 25, 2]",[C][O][C][=C][C][=C][C][=C][N][=C][Branch2][Ring2][S][N][Branch2][Ring1][=Branch1][C][=O][=Branch1][C][=O][N][C][=C][C][Branch1][O][C][N][Branch2][=N][C][=C][C][=C][C][=C][C][=C][Ring1][Branch2][Ring1][O][Ring1][O][C][=N][Ring2][Ring1][#Branch1][Ring1][=C][Ring2][C][C][Branch1][=C][Branch1],True,59
1.2,37,"[1, 37, 44, 14, 31, 19, 14, 31, 38, 31, 16, 31, 16, 25, 4, 31, 32, 31, 16, 41, 18, 42, 15, 36, 18, 31, 41, 44, 39, 31, 31, 31, 16, 37, 18, 31, 25, 18, 31, 16, 16, 31, 37, 16, 42, 41, 6, 2]",[N][S][=Branch1][C][=O][=Branch1][C][O-1][C][=C][C][=C][Branch1][#Branch1][C][Cl][C][=C][Ring1][=N][Ring2][=Branch2][NH1][=N][C][Ring1][S][O][C][C][C][=C][N][=N][C][Branch1][=N][C][=C][=C][C][N][=C][Ring2][Ring1][#C],True,46
1.2,38,"[1, 37, 44, 14, 31, 19, 19, 14, 16, 31, 16, 25, 31, 36, 31, 31, 31, 16, 25, 31, 39, 31, 16, 41, 6, 31, 16, 31, 16, 16, 41, 14, 2]",[N][S][=Branch1][C][=O][=O][=Branch1][=C][C][=C][Branch1][C][NH1][C][C][C][=C][Branch1][C][O][C][=C][Ring1][#C][C][=C][C][=C][=C][Ring1][=Branch1],True,31
1.2,39,"[1, 31, 29, 31, 31, 14, 31, 19, 31, 26, 41, 4, 14, 31, 19, 37, 41, 5, 31, 31, 37, 31, 31, 31, 31, 41, 31, 31, 37, 26, 44, 31, 16, 31, 16, 31, 16, 25, 31, 32, 16, 41, 4, 2]",[C][C@H1][C][C][=Branch1][C][=O][C][Branch2][Ring1][#Branch1][=Branch1][C][=O][N][Ring1][#Branch2][C][C][N][C][C][C][C][Ring1][C][C][N][Branch2][S][C][=C][C][=C][C][=C][Branch1][C][Cl][=C][Ring1][#Branch1],True,42
1.2,40,"[1, 39, 16, 26, 37, 19, 44, 6, 37, 19, 14, 44, 37, 29, 25, 31, 33, 37, 31, 31, 37, 31, 25, 40, 31, 14, 31, 19, 26, 41, 31, 25, 6, 39, 31, 31, 31, 31, 42, 25, 16, 31, 20, 25, 31, 33, 31, 39, 25, 37, 31, 25, 31, 33, 33, 31, 33, 33, 33, 25, 31, 33, 32, 31, 16, 16, 31, 16, 41, 25, 42, 41, 5, 41, 16, 41, 40, 40, 2]",[O][=C][Branch2][N][=O][S][#C][N][=O][=Branch1][S][N][C@H1][Branch1][C][F][N][C][C][N][C][Branch1][P][C][=Branch1][C][=O][Branch2][Ring1][C][Branch1][#C][O][C][C][C][C][Ring2][Branch1][=C][C][=Ring1][Branch1][C][F][C][O][Branch1][N][C][Branch1][C][F][F][C][F][F][F][Branch1][C][F][Cl][C][=C][=C][C][=C][Ring1][Branch1][Ring2][Ring1][#Branch2][Ring1][=C][Ring1][P][P],True,77
1.2,41,"[1, 37, 25, 14, 31, 33, 31, 16, 26, 31, 20, 4, 37, 16, 31, 25, 31, 39, 31, 16, 25, 41, 5, 16, 31, 16, 41, 14, 31, 31, 16, 31, 18, 42, 41, 4, 2]",[N][Branch1][=Branch1][C][F][C][=C][Branch2][C][=Ring1][#Branch1][N][=C][C][Branch1][C][O][C][=C][Branch1][Ring1][#Branch2][=C][C][=C][Ring1][=Branch1][C][C][=C][C][=N][Ring2][Ring1][#Branch1],True,35
1.2,42,"[1, 31, 37, 31, 18, 31, 16, 41, 14, 31, 19, 31, 31, 39, 31, 16, 31, 16, 41, 14, 16, 41, 26, 20, 31, 16, 19, 31, 25, 39, 39, 31, 32, 44, 18, 37, 25, 41, 41, 4, 32, 31, 31, 25, 31, 37, 37, 31, 31, 14, 16, 37, 25, 31, 31, 41, 39, 37, 31, 25, 42, 41, 39, 2]",[C][N][C][=N][C][=C][Ring1][=Branch1][C][=O][C][C][O][C][=C][C][=C][Ring1][=Branch1][=C][Ring1][Branch2][=Ring1][C][=C][=O][C][Branch1][O][O][C][Cl][S][=N][N][Branch1][Ring1][Ring1][#Branch1][Cl][C][C][Branch1][C][N][N][C][C][=Branch1][=C][N][Branch1][C][C][Ring1][O][N][C][Branch1][Ring2][Ring1][O],True,62
1.2,43,"[1, 31, 37, 16, 31, 26, 41, 6, 31, 37, 31, 18, 31, 16, 44, 14, 31, 19, 14, 31, 19, 14, 31, 31, 37, 31, 19, 31, 16, 31, 41, 14, 31, 25, 31, 16, 31, 20, 14, 37, 41, 6, 31, 31, 42, 41, 18, 2]",[C][N][=C][C][Branch2][Ring1][#C][C][N][C][=N][C][=C][S][=Branch1][C][=O][=Branch1][C][=O][=Branch1][C][C][N][C][=O][C][=C][C][Ring1][=Branch1][C][Branch1][C][=C][C][=Ring1][=Branch1][N][Ring1][#C][C][C][Ring2][Ring1][=N],True,46
1.2,44,"[1, 31, 31, 31, 31, 37, 16, 31, 16, 41, 14, 2]",[C][C][C][C][N][=C][C][=C][Ring1][=Branch1],True,10
1.2,45,"[1, 31, 31, 16, 31, 16, 25, 15, 31, 16, 31, 16, 31, 4, 26, 41, 4, 44, 31, 18, 31, 14, 31, 19, 39, 31, 37, 31, 16, 31, 25, 18, 31, 31, 16, 42, 41, 39, 41, 44, 2]",[C][C][=C][C][=C][Branch1][=Branch2][C][=C][C][=C][C][#Branch1][Branch2][Ring1][#Branch1][S][C][=N][C][=Branch1][C][=O][O][C][N][C][=C][C][Branch1][=N][C][C][=C][Ring2][Ring1][O][Ring1][S],True,39
1.2,46,"[1, 31, 37, 26, 31, 14, 31, 19, 37, 31, 16, 31, 26, 41, 5, 37, 31, 25, 16, 31, 16, 37, 26, 41, 15, 44, 6, 18, 31, 31, 25, 18, 31, 32, 31, 16, 42, 41, 14, 42, 41, 4, 31, 37, 31, 41, 14, 39, 31, 42, 42, 41, 39, 2]",[C][N][Branch2][C][=Branch1][C][=O][N][C][=C][C][Branch2][Ring1][#Branch2][N][C][Branch1][=C][C][=C][N][Branch2][Ring1][=Branch2][S][#C][=N][C][C][Branch1][=N][C][Cl][C][=C][Ring2][Ring1][=Branch1][Ring2][Ring1][#Branch1][C][N][C][Ring1][=Branch1][O][C][Ring2][Ring2][Ring1][O],True,52
1.2,47,"[1, 31, 39, 31, 16, 41, 14, 31, 19, 31, 31, 16, 25, 4, 29, 26, 31, 31, 25, 18, 31, 16, 31, 16, 25, 31, 32, 31, 16, 41, 4, 29, 41, 25, 31, 31, 14, 2]",[C][O][C][=C][Ring1][=Branch1][C][=O][C][C][=C][Branch1][#Branch1][C@H1][Branch2][C][C][Branch1][=N][C][=C][C][=C][Branch1][C][Cl][C][=C][Ring1][#Branch1][C@H1][Ring1][Branch1][C][C][=Branch1],True,36
1.2,48,"[1, 37, 31, 16, 25, 42, 39, 31, 26, 31, 16, 31, 25, 44, 37, 31, 31, 31, 41, 14, 29, 31, 16, 31, 16, 25, 31, 31, 32, 16, 41, 40, 2]",[N][C][=C][Branch1][Ring2][O][C][Branch2][C][=C][C][Branch1][S][N][C][C][C][Ring1][=Branch1][C@H1][C][=C][C][=C][Branch1][C][C][Cl][=C][Ring1][P],True,31
1.2,49,"[1, 18, 16, 37, 25, 41, 25, 31, 39, 31, 16, 31, 16, 31, 25, 31, 33, 32, 16, 41, 6, 31, 25, 16, 41, 4, 19, 19, 39, 37, 31, 16, 31, 25, 31, 32, 31, 32, 16, 36, 41, 5, 39, 41, 14, 2]",[=N][=C][N][Branch1][Ring1][Branch1][C][O][C][=C][C][=C][C][Branch1][C][F][Cl][=C][Ring1][#C][C][Branch1][=C][Ring1][#Branch1][=O][=O][O][N][C][=C][C][Branch1][C][Cl][C][Cl][=C][NH1][Ring1][#Branch2][O][Ring1][=Branch1],True,44
1.2,50,"[1, 31, 31, 31, 16, 41, 31, 18, 25, 14, 37, 19, 37, 31, 26, 41, 16, 37, 37, 16, 31, 16, 31, 18, 37, 25, 37, 31, 14, 31, 19, 31, 31, 31, 37, 25, 16, 25, 31, 32, 41, 25, 31, 33, 18, 16, 44, 31, 16, 41, 18, 2]",[C][C][C][=C][Ring1][C][=N][Branch1][=Branch1][N][=O][N][C][Branch2][Ring1][=C][N][N][=C][C][=C][C][=N][N][Branch1][N][C][=Branch1][C][=O][C][C][C][N][Branch1][=C][Branch1][C][Cl][Ring1][Branch1][C][F][=N][=C][S][C][=C][Ring1][=N],True,50
1.2,51,"[1, 25, 31, 14, 31, 19, 39, 31, 16, 31, 16, 31, 16, 16, 41, 14, 31, 37, 26, 41, 44, 42, 16, 31, 16, 31, 16, 39, 31, 16, 31, 16, 41, 4, 25, 31, 16, 31, 33, 2]",[Branch1][C][=Branch1][C][=O][O][C][=C][C][=C][C][=C][=C][Ring1][=Branch1][C][N][Branch2][Ring1][S][Ring2][=C][C][=C][C][=C][O][C][=C][C][=C][Ring1][#Branch1][Branch1][C][=C][C][F],True,38
1.2,52,"[1, 39, 25, 14, 31, 19, 31, 16, 31, 16, 27, 31, 25, 44, 39, 31, 14, 31, 19, 37, 25, 31, 31, 41, 5, 39, 16, 25, 31, 16, 31, 33, 36, 41, 39, 18, 31, 32, 41, 25, 31, 33, 37, 31, 42, 41, 5, 41, 40, 39, 31, 25, 37, 2]",[O][Branch1][=Branch1][C][=O][C][=C][C][=C][C@@H1][C][Branch1][S][O][C][=Branch1][C][=O][N][Branch1][C][C][Ring1][#Branch2][O][=C][Branch1][C][=C][C][F][NH1][Ring1][O][=N][C][Cl][Ring1][Branch1][C][F][N][C][Ring2][Ring1][#Branch2][Ring1][P][O][C][Branch1][N],True,52
1.2,53,"[1, 31, 37, 44, 37, 31, 16, 31, 16, 26, 41, 14, 31, 19, 14, 31, 31, 14, 31, 33, 31, 19, 14, 31, 19, 14, 15, 31, 16, 31, 16, 31, 31, 31, 16, 41, 6, 37, 31, 16, 37, 31, 31, 16, 16, 31, 16, 25, 31, 33, 25, 31, 32, 32, 32, 16, 41, 14, 37, 25, 31, 2]",[C][N][S][N][C][=C][C][=C][Branch2][Ring1][=Branch1][C][=O][=Branch1][C][C][=Branch1][C][F][C][=O][=Branch1][C][=O][=Branch1][=Branch2][C][=C][C][=C][C][C][C][=C][Ring1][#C][N][C][=C][N][C][C][=C][=C][C][=C][Branch1][C][F][Branch1][C][Cl][Cl][Cl][=C][Ring1][=Branch1][N][Branch1][C],True,60
1.2,54,"[1, 39, 27, 25, 37, 31, 31, 31, 14, 31, 16, 26, 41, 25, 40, 31, 14, 31, 19, 39, 31, 16, 31, 16, 31, 16, 31, 16, 25, 6, 44, 25, 39, 31, 32, 16, 37, 31, 16, 31, 18, 41, 4, 32, 44, 25, 25, 31, 31, 39, 39, 31, 16, 41, 40, 37, 16, 31, 42, 41, 15, 2]",[O][C@@H1][Branch1][N][C][C][C][=Branch1][C][=C][Branch2][Ring1][Branch1][P][C][=Branch1][C][=O][O][C][=C][C][=C][C][=C][C][=C][Branch1][#C][S][Branch1][O][C][Cl][=C][N][C][=C][C][=N][Ring1][#Branch1][Cl][S][Branch1][Branch1][C][C][O][O][C][=C][Ring1][P][N][=C][C][Ring2][Ring1][=Branch2],True,60
1.2,55,"[1, 31, 37, 31, 16, 37, 16, 31, 31, 25, 14, 31, 19, 31, 16, 25, 31, 16, 41, 15, 41, 5, 2]",[C][N][C][=C][N][=C][C][C][Branch1][=Branch1][C][=O][C][=C][Branch1][C][=C][Ring1][=Branch2][Ring1][#Branch2],True,21
1.2,56,"[1, 31, 39, 39, 31, 19, 37, 44, 26, 37, 31, 31, 16, 16, 26, 41, 25, 31, 39, 31, 16, 16, 31, 16, 37, 16, 25, 37, 16, 41, 37, 31, 42, 39, 31, 16, 31, 16, 42, 41, 14, 31, 16, 25, 4, 16, 42, 41, 15, 31, 2]",[C][O][O][C][=O][N][S][Branch2][N][C][C][=C][=C][Branch2][Ring1][Branch1][C][O][C][=C][=C][C][=C][N][=C][Branch1][N][=C][Ring1][N][C][Ring2][O][C][=C][C][=C][Ring2][Ring1][=Branch1][C][=C][Branch1][#Branch1][=C][Ring2][Ring1][=Branch2][C],True,49
1.2,57,"[1, 31, 41, 44, 31, 29, 37, 31, 31, 16, 31, 16, 25, 15, 31, 32, 29, 41, 14, 31, 19, 14, 31, 19, 37, 31, 41, 26, 37, 18, 37, 31, 25, 15, 37, 16, 42, 41, 40, 31, 16, 39, 16, 31, 16, 25, 39, 31, 16, 42, 41, 39, 31, 31, 25, 5, 39, 42, 41, 31, 31, 31, 31, 16, 42, 41, 4, 2]",[C][Ring1][S][C][C@H1][N][C][C][=C][C][=C][Branch1][=Branch2][C][Cl][C@H1][Ring1][=Branch1][C][=O][=Branch1][C][=O][N][C][Ring1][Branch2][N][=N][N][C][Branch1][=Branch2][N][=C][Ring2][Ring1][P][C][=C][O][=C][C][=C][Branch1][O][C][=C][Ring2][Ring1][O][C][C][Branch1][#Branch2][O][Ring2][Ring1][C][C][C][C][=C][Ring2][Ring1][#Branch1],True,66
1.2,58,"[1, 37, 31, 18, 31, 37, 26, 2]",[N][C][=N][C][N][Branch2],True,6
1.2,59,"[1, 31, 31, 14, 31, 19, 39, 41, 31, 31, 16, 31, 25, 41, 39, 31, 16, 31, 16, 31, 16, 41, 14, 37, 31, 31, 16, 2]",[C][C][=Branch1][C][=O][O][Ring1][C][C][=C][C][Branch1][Ring1][O][C][=C][C][=C][C][=C][Ring1][=Branch1][N][C][C][=C],True,26
1.2,60,"[1, 31, 31, 16, 25, 42, 31, 31, 14, 31, 19, 31, 16, 25, 31, 16, 31, 16, 41, 18, 31, 37, 41, 14, 31, 31, 25, 37, 31, 31, 31, 41, 5, 31, 39, 16, 41, 15, 2]",[C][C][=C][Branch1][Ring2][C][C][=Branch1][C][=O][C][=C][Branch1][C][=C][C][=C][Ring1][=N][C][N][Ring1][=Branch1][C][C][Branch1][N][C][C][C][Ring1][#Branch2][C][O][=C][Ring1][=Branch2],True,37
1.2,61,"[1, 31, 39, 31, 25, 44, 31, 18, 31, 16, 31, 16, 25, 31, 32, 16, 41, 4, 31, 39, 31, 16, 31, 16, 2]",[C][O][C][Branch1][S][C][=N][C][=C][C][=C][Branch1][C][Cl][=C][Ring1][#Branch1][C][O][C][=C][C][=C],True,23
1.2,62,"[1, 31, 31, 16, 44, 25, 31, 31, 16, 25, 37, 16, 31, 31, 18, 31, 16, 31, 16, 42, 31, 16, 25, 15, 39, 37, 31, 37, 44, 41, 14, 20, 44, 18, 41, 41, 44, 31, 20, 14, 36, 25, 31, 2]",[C][C][=C][S][Branch1][C][C][=C][Branch1][N][=C][C][C][=N][C][=C][C][=C][Ring2][C][=C][Branch1][=Branch2][O][N][C][N][S][Ring1][=Branch1][=Ring1][S][=N][Ring1][Ring1][S][C][=Ring1][=Branch1][NH1][Branch1][C],True,42
1.2,63,"[1, 31, 39, 31, 31, 25, 31, 31, 16, 37, 16, 31, 16, 25, 5, 39, 31, 16, 41, 14, 16, 31, 16, 26, 41, 25, 31, 14, 33, 31, 16, 31, 16, 41, 6, 2]",[C][O][C][C][Branch1][C][C][=C][N][=C][C][=C][Branch1][#Branch2][O][C][=C][Ring1][=Branch1][=C][C][=C][Branch2][Ring1][Branch1][C][=Branch1][F][C][=C][C][=C][Ring1][#C],True,34
1.2,64,"[1, 31, 31, 25, 31, 39, 31, 31, 16, 31, 25, 14, 31, 19, 37, 31, 39, 31, 25, 26, 41, 37, 31, 18, 31, 25, 31, 31, 44, 31, 31, 16, 31, 16, 25, 26, 41, 5, 37, 18, 37, 16, 25, 31, 25, 31, 32, 31, 16, 41, 16, 2]",[C][C][Branch1][C][O][C][C][=C][C][Branch1][=Branch1][C][=O][N][C][O][C][Branch1][Branch2][Ring1][N][C][=N][C][Branch1][C][C][S][C][C][=C][C][=C][Branch1][Branch2][Ring1][#Branch2][N][=N][N][=C][Branch1][C][Branch1][C][Cl][C][=C][Ring1][=C],True,50
1.2,65,"[1, 31, 31, 25, 31, 16, 37, 18, 31, 16, 31, 16, 25, 5, 31, 33, 25, 6, 31, 16, 31, 16, 41, 16, 31, 14, 37, 16, 41, 4, 37, 41, 4, 39, 31, 16, 31, 39, 19, 19, 19, 39, 31, 16, 42, 42, 41, 41, 26, 39, 16, 25, 2]",[C][C][Branch1][C][=C][N][=N][C][=C][C][=C][Branch1][#Branch2][C][F][Branch1][#C][C][=C][C][=C][Ring1][=C][C][=Branch1][N][=C][Ring1][#Branch1][N][Ring1][#Branch1][O][C][=C][C][O][=O][=O][=O][O][C][=C][Ring2][Ring2][Ring1][Ring1][Branch2][O][=C][Branch1],True,51
1.2,66,"[1, 31, 31, 37, 18, 31, 29, 31, 41, 15, 31, 16, 44, 14, 31, 19, 37, 31, 31, 31, 41, 4, 31, 31, 31, 31, 26, 41, 31, 26, 41, 42, 42, 31, 16, 31, 31, 16, 31, 16, 42, 16, 31, 2]",[C][C][N][=N][C][C@H1][C][Ring1][=Branch2][C][=C][S][=Branch1][C][=O][N][C][C][C][Ring1][#Branch1][C][C][C][C][Branch2][Ring1][C][Branch2][Ring1][Ring2][Ring2][C][=C][C][C][=C][C][=C][Ring2][=C][C],True,42
1.2,67,"[1, 31, 31, 37, 31, 37, 26, 41, 31, 31, 31, 18, 18, 31, 16, 29, 41, 6, 16, 31, 18, 31, 16, 25, 31, 16, 31, 32, 33, 14, 44, 25, 31, 19, 37, 16, 41, 15, 41, 37, 31, 16, 42, 41, 26, 16, 37, 44, 33, 2]",[C][C][N][C][N][Branch2][Ring1][C][C][C][=N][=N][C][=C][C@H1][Ring1][#C][=C][C][=N][C][=C][Branch1][C][=C][C][Cl][F][=Branch1][S][Branch1][C][=O][N][=C][Ring1][=Branch2][Ring1][N][C][=C][Ring2][Ring1][Branch2][=C][N][S][F],True,48
1.2,68,"[1, 31, 31, 31, 37, 25, 31, 14, 31, 19, 31, 31, 16, 31, 18, 31, 16, 31, 25, 41, 6, 37, 18, 31, 16, 37, 41, 44, 16, 44, 41, 15, 32, 18, 31, 25, 5, 2]",[C][C][C][N][Branch1][C][=Branch1][C][=O][C][C][=C][C][=N][C][=C][C][Branch1][Ring1][#C][N][=N][C][=C][N][Ring1][S][=C][S][Ring1][=Branch2][Cl][=N][C][Branch1][#Branch2],True,36
1.2,69,"[1, 31, 31, 16, 31, 16, 25, 37, 31, 31, 16, 41, 18, 16, 26, 14, 31, 18, 41, 41, 42, 2]",[C][C][=C][C][=C][Branch1][N][C][C][=C][Ring1][=N][=C][Branch2][=Branch1][C][=N][Ring1][Ring1][Ring2],True,20
1.2,70,"[1, 31, 31, 14, 31, 19, 37, 25, 15, 31, 37, 26, 41, 39, 31, 16, 44, 14, 31, 18, 31, 16, 25, 16, 31, 16, 31, 26, 41, 14, 42, 18, 2]",[C][C][=Branch1][C][=O][N][Branch1][=Branch2][C][N][Branch2][Ring1][O][C][=C][S][=Branch1][C][=N][C][=C][Branch1][=C][C][=C][C][Branch2][Ring1][=Branch1][Ring2][=N],True,31
1.2,71,"[1, 31, 37, 31, 16, 31, 16, 31, 18, 31, 25, 25, 31, 37, 16, 31, 44, 14, 31, 19, 14, 31, 19, 14, 37, 31, 31, 19, 26, 41, 15, 37, 31, 31, 16, 16, 16, 41, 18, 37, 16, 41, 26, 41, 31, 31, 16, 42, 41, 39, 31, 16, 42, 41, 5, 31, 37, 37, 37, 31, 2]",[C][N][C][=C][C][=C][C][=N][C][Branch1][Branch1][C][N][=C][C][S][=Branch1][C][=O][=Branch1][C][=O][=Branch1][N][C][C][=O][Branch2][Ring1][=Branch2][N][C][C][=C][=C][=C][Ring1][=N][N][=C][Ring1][Branch2][Ring1][C][C][=C][Ring2][Ring1][O][C][=C][Ring2][Ring1][#Branch2][C][N][N][N][C],True,59
1.2,72,"[1, 31, 31, 39, 31, 16, 31, 16, 25, 31, 32, 37, 26, 41, 6, 37, 19, 37, 25, 31, 31, 39, 44, 31, 31, 26, 41, 26, 18, 31, 25, 14, 31, 16, 31, 16, 42, 41, 44, 31, 16, 42, 41, 25, 37, 2]",[C][C][O][C][=C][C][=C][Branch1][C][Cl][N][Branch2][Ring1][#C][N][=O][N][Branch1][C][C][O][S][C][C][Branch2][Ring1][Branch2][=N][C][Branch1][=Branch1][C][=C][C][=C][Ring2][Ring1][S][C][=C][Ring2][Ring1][Branch1][N],True,44
1.2,73,"[1, 39, 26, 41, 41, 5, 31, 31, 31, 14, 31, 19, 31, 16, 31, 16, 31, 16, 41, 25, 31, 7, 31, 33, 31, 41, 40, 37, 31, 31, 25, 41, 26, 2]",[O][Branch2][Ring1][Ring1][#Branch2][C][C][C][=Branch1][C][=O][C][=C][C][=C][C][=C][Ring1][Branch1][C][#N][C][F][C][Ring1][P][N][C][C][Branch1][Ring1][Branch2],True,32
1.2,74,"[1, 37, 44, 14, 37, 25, 6, 31, 19, 31, 37, 31, 31, 16, 31, 16, 31, 16, 31, 16, 26, 31, 31, 14, 31, 19, 31, 25, 15, 31, 42, 41, 18, 37, 31, 33, 31, 25, 15, 31, 31, 25, 31, 18, 41, 5, 36, 31, 25, 31, 31, 33, 2]",[N][S][=Branch1][N][Branch1][#C][C][=O][C][N][C][C][=C][C][=C][C][=C][C][=C][Branch2][C][C][=Branch1][C][=O][C][Branch1][=Branch2][C][Ring2][Ring1][=N][N][C][F][C][Branch1][=Branch2][C][C][Branch1][C][=N][Ring1][#Branch2][NH1][C][Branch1][C][C][F],True,51
1.2,75,"[1, 37, 15, 31, 18, 31, 41, 25, 15, 37, 25, 37, 37, 31, 31, 25, 18, 31, 14, 31, 33, 36, 31, 25, 31, 37, 41, 14, 16, 41, 26, 36, 39, 31, 16, 42, 16, 31, 31, 16, 42, 41, 15, 16, 25, 16, 36, 42, 41, 41, 36, 44, 44, 2]",[N][=Branch2][C][=N][C][Ring1][Branch1][=Branch2][N][Branch1][N][N][C][C][Branch1][=N][C][=Branch1][C][F][NH1][C][Branch1][C][N][Ring1][=Branch1][=C][Ring1][Branch2][NH1][O][C][=C][Ring2][=C][C][C][=C][Ring2][Ring1][=Branch2][=C][Branch1][=C][NH1][Ring2][Ring1][Ring1][NH1][S][S],True,52
1.2,76,"[1, 37, 15, 31, 29, 25, 6, 37, 31, 16, 37, 18, 39, 31, 16, 31, 16, 25, 14, 31, 19, 37, 44, 31, 41, 41, 31, 14, 2]",[N][=Branch2][C][C@H1][Branch1][#C][N][C][=C][N][=N][O][C][=C][C][=C][Branch1][=Branch1][C][=O][N][S][C][Ring1][Ring1][C][=Branch1],True,27
1.2,77,"[1, 31, 39, 26, 31, 39, 26, 26, 42, 15, 31, 31, 31, 16, 26, 41, 41, 31, 31, 16, 39, 31, 18, 31, 31, 16, 25, 31, 16, 39, 31, 16, 41, 4, 31, 16, 25, 16, 31, 33, 37, 39, 41, 14, 31, 19, 39, 31, 31, 31, 26, 31, 39, 37, 31, 42, 42, 41, 4, 25, 18, 42, 42, 31, 37, 20, 16, 37, 25, 31, 31, 16, 42, 16, 37, 42, 41, 6, 31, 14, 2]",[C][O][Branch2][C][O][Branch2][Branch2][Ring2][=Branch2][C][C][C][=C][Branch2][Ring1][Ring1][C][C][=C][O][C][=N][C][C][=C][Branch1][C][=C][O][C][=C][Ring1][#Branch1][C][=C][Branch1][=C][C][F][N][O][Ring1][=Branch1][C][=O][O][C][C][C][Branch2][C][O][N][C][Ring2][Ring2][Ring1][#Branch1][Branch1][=N][Ring2][Ring2][C][N][=Ring1][=C][N][Branch1][C][C][=C][Ring2][=C][N][Ring2][Ring1][#C][C][=Branch1],True,79
1.2,78,"[1, 37, 37, 31, 16, 25, 5, 31, 16, 31, 16, 31, 25, 31, 16, 31, 16, 41, 5, 44, 41, 4, 39, 37, 31, 16, 37, 16, 41, 14, 37, 2]",[N][N][C][=C][Branch1][#Branch2][C][=C][C][=C][C][Branch1][C][=C][C][=C][Ring1][#Branch2][S][Ring1][#Branch1][O][N][C][=C][N][=C][Ring1][=Branch1][N],True,30
1.2,79,"[1, 37, 31, 25, 41, 31, 16, 29, 31, 26, 41, 41, 5, 31, 14, 39, 31, 31, 19, 37, 31, 31, 41, 40, 37, 39, 31, 14, 31, 19, 37, 41, 44, 31, 31, 25, 44, 37, 31, 31, 16, 31, 20, 14, 31, 16, 31, 16, 41, 14, 31, 41, 14, 32, 31, 19, 31, 16, 31, 41, 5, 2]",[N][C][Branch1][Ring1][C][=C][C@H1][C][Branch2][Ring1][Ring1][#Branch2][C][=Branch1][O][C][C][=O][N][C][C][Ring1][P][N][O][C][=Branch1][C][=O][N][Ring1][S][C][C][Branch1][S][N][C][C][=C][C][=Ring1][=Branch1][C][=C][C][=C][Ring1][=Branch1][C][Ring1][=Branch1][Cl][C][=O][C][=C][C][Ring1][#Branch2],True,60
1.2,80,"[1, 37, 14, 31, 19, 31, 16, 31, 16, 41, 14, 31, 16, 26, 41, 40, 37, 44, 14, 31, 19, 18, 31, 16, 31, 16, 44, 25, 31, 16, 42, 41, 41, 16, 31, 32, 31, 25, 31, 33, 31, 16, 41, 6, 2]",[N][=Branch1][C][=O][C][=C][C][=C][Ring1][=Branch1][C][=C][Branch2][Ring1][P][N][S][=Branch1][C][=O][=N][C][=C][C][=C][S][Branch1][C][=C][Ring2][Ring1][Ring1][=C][C][Cl][C][Branch1][C][F][C][=C][Ring1][#C],True,43
1.2,81,"[1, 39, 16, 25, 31, 31, 16, 31, 16, 41, 15, 37, 16, 25, 15, 39, 37, 31, 14, 31, 25, 31, 31, 39, 31, 37, 16, 31, 31, 18, 31, 25, 41, 14, 31, 16, 31, 16, 41, 39, 31, 39, 42, 37, 42, 41, 42, 31, 16, 31, 25, 18, 2]",[O][=C][Branch1][C][C][=C][C][=C][Ring1][=Branch2][N][=C][Branch1][=Branch2][O][N][C][=Branch1][C][Branch1][C][C][O][C][N][=C][C][C][=N][C][Branch1][Ring1][=Branch1][C][=C][C][=C][Ring1][O][C][O][Ring2][N][Ring2][Ring1][Ring2][C][=C][C][Branch1][=N],True,51
1.2,82,"[1, 31, 44, 31, 14, 31, 31, 19, 31, 41, 4, 37, 31, 16, 31, 39, 31, 25, 25, 31, 18, 31, 16, 31, 25, 31, 14, 31, 16, 41, 18, 2]",[C][S][C][=Branch1][C][C][=O][C][Ring1][#Branch1][N][C][=C][C][O][C][Branch1][Branch1][C][=N][C][=C][C][Branch1][C][=Branch1][C][=C][Ring1][=N],True,30
1.2,83,"[1, 31, 25, 31, 31, 29, 31, 31, 31, 14, 31, 19, 31, 37, 39, 31, 25, 31, 14, 31, 19, 41, 25, 42, 31, 31, 16, 39, 31, 25, 14, 31, 31, 31, 37, 25, 5, 31, 19, 31, 31, 39, 31, 25, 31, 31, 32, 31, 42, 25, 31, 16, 42, 41, 39, 25, 25, 16, 42, 41, 44, 2]",[C][Branch1][C][C][C@H1][C][C][C][=Branch1][C][=O][C][N][O][C][Branch1][C][=Branch1][C][=O][Ring1][Branch1][Ring2][C][C][=C][O][C][Branch1][=Branch1][C][C][C][N][Branch1][#Branch2][C][=O][C][C][O][C][Branch1][C][C][Cl][C][Ring2][Branch1][C][=C][Ring2][Ring1][O][Branch1][Branch1][=C][Ring2][Ring1][S],True,60
1.2,84,"[1, 31, 31, 31, 39, 31, 16, 31, 14, 31, 19, 31, 14, 42, 29, 31, 37, 31, 37, 25, 37, 25, 31, 37, 25, 6, 31, 14, 31, 31, 14, 31, 19, 39, 42, 37, 31, 31, 19, 31, 31, 16, 31, 16, 41, 40, 20, 14, 31, 31, 31, 31, 16, 41, 14, 31, 31, 31, 42, 41, 37, 19, 41, 42, 41, 18, 2]",[C][C][C][O][C][=C][C][=Branch1][C][=O][C][=Branch1][Ring2][C@H1][C][N][C][N][Branch1][N][Branch1][C][N][Branch1][#C][C][=Branch1][C][C][=Branch1][C][=O][O][Ring2][N][C][C][=O][C][C][=C][C][=C][Ring1][P][=Ring1][=Branch1][C][C][C][C][=C][Ring1][=Branch1][C][C][C][Ring2][Ring1][N][=O][Ring1][Ring2][Ring1][=N],True,65
1.2,85,"[1, 31, 31, 16, 31, 16, 25, 14, 31, 31, 19, 18, 31, 16, 31, 31, 16, 41, 5, 41, 4, 31, 16, 42, 41, 16, 36, 31, 16, 25, 31, 33, 2]",[C][C][=C][C][=C][Branch1][=Branch1][C][C][=O][=N][C][=C][C][C][=C][Ring1][#Branch2][Ring1][#Branch1][C][=C][Ring2][Ring1][=C][NH1][C][=C][Branch1][C][F],True,31
1.2,86,"[1, 39, 16, 25, 31, 31, 31, 37, 31, 37, 25, 4, 31, 31, 39, 31, 25, 31, 32, 31, 16, 31, 41, 14, 44, 16, 31, 25, 31, 20, 4, 29, 37, 41, 26, 31, 31, 31, 31, 31, 41, 5, 41, 15, 31, 31, 31, 41, 25, 2]",[O][=C][Branch1][C][C][C][N][C][N][Branch1][#Branch1][C][C][O][C][Branch1][C][Cl][C][=C][C][Ring1][=Branch1][S][=C][C][Branch1][C][=Ring1][#Branch1][C@H1][N][Ring1][Branch2][C][C][C][C][C][Ring1][#Branch2][Ring1][=Branch2][C][C][C][Ring1][Branch1],True,48
1.2,87,"[1, 31, 39, 39, 31, 25, 18, 31, 26, 16, 37, 31, 39, 31, 37, 31, 39, 31, 25, 14, 31, 19, 27, 25, 41, 37, 31, 31, 33, 16, 31, 16, 39, 31, 25, 14, 31, 20, 25, 31, 25, 31, 37, 31, 32, 39, 31, 37, 31, 41, 44, 31, 42, 41, 26, 2]",[C][O][O][C][Branch1][=N][C][Branch2][=C][N][C][O][C][N][C][O][C][Branch1][=Branch1][C][=O][C@@H1][Branch1][Ring1][N][C][C][F][=C][C][=C][O][C][Branch1][=Branch1][C][=Ring1][Branch1][C][Branch1][C][N][C][Cl][O][C][N][C][Ring1][S][C][Ring2][Ring1][Branch2],True,54
1.2,88,"[1, 31, 31, 31, 26, 41, 25, 39, 31, 31, 14, 39, 31, 19, 16, 31, 16, 26, 41, 5, 41, 31, 39, 31, 14, 37, 25, 31, 19, 44, 31, 31, 16, 31, 16, 41, 25, 31, 16, 37, 31, 25, 31, 32, 31, 33, 33, 18, 41, 4, 31, 16, 42, 31, 41, 6, 2]",[C][C][C][Branch2][Ring1][Branch1][O][C][C][=Branch1][O][C][=O][=C][C][=C][Branch2][Ring1][#Branch2][Ring1][C][O][C][=Branch1][N][Branch1][C][=O][S][C][C][=C][C][=C][Ring1][Branch1][C][=C][N][C][Branch1][C][Cl][C][F][F][=N][Ring1][#Branch1][C][=C][Ring2][C][Ring1][#C],True,55
1.2,89,"[1, 39, 36, 31, 18, 31, 39, 29, 26, 41, 26, 37, 31, 25, 42, 4, 31, 25, 40, 31, 31, 37, 31, 31, 39, 31, 31, 42, 42, 14, 16, 25, 14, 31, 19, 27, 31, 16, 31, 16, 31, 33, 41, 5, 31, 31, 16, 41, 18, 31, 37, 2]",[O][NH1][C][=N][C][O][C@H1][Branch2][Ring1][Branch2][N][C][Branch1][Ring2][#Branch1][C][Branch1][P][C][C][N][C][C][O][C][C][Ring2][Ring2][=Branch1][=C][Branch1][=Branch1][C][=O][C@@H1][C][=C][C][=C][C][F][Ring1][#Branch2][C][C][=C][Ring1][=N][C][N],True,50
1.2,90,"[1, 39, 31, 26, 42, 41, 25, 31, 37, 31, 31, 31, 37, 31, 16, 31, 16, 25, 31, 16, 41, 25, 15, 31, 32, 16, 31, 16, 41, 14, 14, 39, 2]",[O][C][Branch2][Ring2][Ring1][Branch1][C][N][C][C][C][N][C][=C][C][=C][Branch1][C][=C][Ring1][Branch1][=Branch2][C][Cl][=C][C][=C][Ring1][=Branch1][=Branch1][O],True,31
1.2,91,"[1, 31, 37, 31, 31, 18, 31, 16, 31, 14, 16, 25, 40, 31, 31, 33, 25, 5, 18, 37, 31, 16, 31, 16, 31, 14, 31, 19, 31, 41, 4, 31, 41, 15, 2]",[C][N][C][C][=N][C][=C][C][=Branch1][=C][Branch1][P][C][C][F][Branch1][#Branch2][=N][N][C][=C][C][=C][C][=Branch1][C][=O][C][Ring1][#Branch1][C][Ring1][=Branch2],True,33
1.2,92,"[1, 39, 25, 16, 37, 31, 31, 31, 31, 31, 31, 37, 31, 25, 37, 14, 31, 31, 19, 37, 41, 15, 39, 31, 16, 31, 31, 14, 18, 39, 31, 16, 37, 14, 44, 25, 31, 19, 31, 16, 25, 31, 16, 31, 16, 31, 31, 42, 41, 5, 41, 26, 37, 31, 31, 31, 41, 31, 42, 41, 6, 16, 31, 2]",[O][Branch1][=C][N][C][C][C][C][C][C][N][C][Branch1][N][=Branch1][C][C][=O][N][Ring1][=Branch2][O][C][=C][C][C][=Branch1][=N][O][C][=C][N][=Branch1][S][Branch1][C][=O][C][=C][Branch1][C][=C][C][=C][C][C][Ring2][Ring1][#Branch2][Ring1][Branch2][N][C][C][C][Ring1][C][Ring2][Ring1][#C][=C][C],True,62
1.2,93,"[1, 39, 26, 4, 31, 14, 31, 19, 37, 31, 18, 31, 16, 31, 16, 16, 25, 15, 31, 25, 16, 25, 44, 31, 32, 32, 16, 41, 4, 37, 31, 31, 25, 31, 31, 31, 31, 42, 41, 16, 25, 42, 41, 37, 16, 16, 41, 15, 2]",[O][Branch2][#Branch1][C][=Branch1][C][=O][N][C][=N][C][=C][C][=C][=C][Branch1][=Branch2][C][Branch1][=C][Branch1][S][C][Cl][Cl][=C][Ring1][#Branch1][N][C][C][Branch1][C][C][C][C][Ring2][Ring1][=C][Branch1][Ring2][Ring1][N][=C][=C][Ring1][=Branch2],True,47
1.2,94,"[1, 31, 31, 37, 31, 39, 31, 16, 31, 29, 41, 14, 31, 19, 31, 18, 31, 25, 15, 31, 16, 31, 16, 41, 39, 37, 20, 31, 25, 31, 37, 37, 37, 31, 31, 37, 16, 41, 18, 31, 18, 31, 16, 31, 31, 41, 25, 41, 14, 36, 42, 31, 18, 31, 18, 2]",[C][C][N][C][O][C][=C][C][C@H1][Ring1][=Branch1][C][=O][C][=N][C][Branch1][=Branch2][C][=C][C][=C][Ring1][O][N][=Ring1][C][Branch1][C][N][N][N][C][C][N][=C][Ring1][=N][C][=N][C][=C][C][C][Ring1][Branch1][Ring1][=Branch1][NH1][Ring2][C][=N][C][=N],True,54
1.2,95,"[1, 31, 31, 31, 31, 37, 26, 42, 14, 39, 31, 16, 31, 16, 25, 31, 33, 31, 16, 31, 16, 41, 4, 37, 31, 31, 41, 5, 31, 31, 31, 18, 37, 26, 2]",[C][C][C][C][N][Branch2][Ring2][=Branch1][O][C][=C][C][=C][Branch1][C][F][C][=C][C][=C][Ring1][#Branch1][N][C][C][Ring1][#Branch2][C][C][C][=N][N][Branch2],True,33
1.2,96,"[1, 31, 39, 25, 31, 31, 31, 31, 44, 25, 6, 37, 31, 31, 39, 31, 16, 31, 16, 31, 26, 41, 4, 31, 19, 37, 31, 14, 31, 16, 31, 16, 25, 4, 14, 31, 19, 19, 37, 31, 39, 31, 42, 31, 14, 31, 19, 37, 31, 31, 31, 16, 37, 31, 16, 41, 18, 16, 41, 14, 31, 31, 41, 14, 31, 33, 32, 31, 31, 31, 42, 41, 4, 31, 2]",[C][O][Branch1][C][C][C][C][S][Branch1][#C][N][C][C][O][C][=C][C][=C][C][Branch2][Ring1][#Branch1][C][=O][N][C][=Branch1][C][=C][C][=C][Branch1][#Branch1][=Branch1][C][=O][=O][N][C][O][C][Ring2][C][=Branch1][C][=O][N][C][C][C][=C][N][C][=C][Ring1][=N][=C][Ring1][=Branch1][C][C][Ring1][=Branch1][C][F][Cl][C][C][C][Ring2][Ring1][#Branch1][C],True,73
1.2,97,"[1, 31, 39, 31, 39, 31, 14, 39, 25, 15, 31, 19, 37, 31, 25, 37, 25, 44, 31, 31, 39, 31, 16, 31, 14, 31, 19, 19, 41, 15, 29, 25, 16, 31, 32, 31, 32, 31, 16, 41, 4, 31, 25, 41, 15, 31, 37, 16, 41, 15, 2]",[C][O][C][O][C][=Branch1][O][Branch1][=Branch2][C][=O][N][C][Branch1][N][Branch1][S][C][C][O][C][=C][C][=Branch1][C][=O][=O][Ring1][=Branch2][C@H1][Branch1][=C][C][Cl][C][Cl][C][=C][Ring1][#Branch1][C][Branch1][Ring1][=Branch2][C][N][=C][Ring1][=Branch2],True,49
1.2,98,"[1, 31, 31, 16, 31, 16, 25, 14, 31, 19, 37, 41, 37, 31, 31, 31, 16, 37, 16, 41, 26, 2]",[C][C][=C][C][=C][Branch1][=Branch1][C][=O][N][Ring1][N][C][C][C][=C][N][=C][Ring1][Branch2],True,20
1.2,99,"[1, 39, 31, 16, 26, 42, 39, 39, 31, 37, 29, 31, 14, 31, 19, 31, 16, 42, 31, 16, 31, 16, 25, 31, 16, 37, 16, 44, 41, 6, 31, 16, 41, 25, 31, 39, 31, 41, 25, 42, 42, 31, 39, 31, 14, 2]",[O][C][=C][Branch2][Ring2][O][O][C][N][C@H1][C][=Branch1][C][=O][C][=C][Ring2][C][=C][C][=C][Branch1][C][=C][N][=C][S][Ring1][#C][C][=C][Ring1][Branch1][C][O][C][Ring1][Branch1][Ring2][Ring2][C][O][C][=Branch1],True,44
1.2,100,"[1, 31, 37, 14, 16, 31, 19, 37, 31, 31, 16, 41, 14, 2]",[C][N][=Branch1][=C][C][=O][N][C][C][=C][Ring1][=Branch1],True,12
1.2,101,"[1, 31, 31, 16, 31, 16, 41, 37, 18, 31, 16, 31, 25, 37, 31, 31, 39, 31, 31, 31, 37, 18, 41, 26, 31, 41, 14, 31, 25, 5, 20, 16, 31, 16, 31, 26, 41, 44, 2]",[C][C][=C][C][=C][Ring1][N][=N][C][=C][C][Branch1][N][C][C][O][C][C][C][N][=N][Ring1][Branch2][C][Ring1][=Branch1][C][Branch1][#Branch2][=Ring1][=C][C][=C][C][Branch2][Ring1][S],True,37
1.2,102,"[1, 31, 31, 18, 31, 16, 26, 41, 44, 44, 14, 31, 16, 31, 16, 26, 42, 41, 31, 25, 31, 33, 14, 31, 19, 14, 37, 31, 19, 39, 31, 31, 25, 15, 31, 37, 31, 16, 41, 14, 18, 31, 16, 42, 41, 31, 14, 31, 19, 14, 31, 19, 31, 16, 42, 41, 31, 16, 31, 25, 31, 31, 33, 33, 44, 42, 41, 4, 2]",[C][C][=N][C][=C][Branch2][Ring1][S][S][=Branch1][C][=C][C][=C][Branch2][Ring2][Ring1][C][Branch1][C][F][=Branch1][C][=O][=Branch1][N][C][=O][O][C][C][Branch1][=Branch2][C][N][C][=C][Ring1][=Branch1][=N][C][=C][Ring2][Ring1][C][=Branch1][C][=O][=Branch1][C][=O][C][=C][Ring2][Ring1][C][=C][C][Branch1][C][C][F][F][S][Ring2][Ring1][#Branch1],True,67
1.2,103,"[1, 25, 31, 31, 39, 16, 26, 41, 31, 29, 29, 14, 31, 19, 31, 37, 31, 25, 15, 31, 31, 31, 31, 16, 31, 16, 41, 25, 41, 16, 2]",[Branch1][C][C][O][=C][Branch2][Ring1][C][C@H1][C@H1][=Branch1][C][=O][C][N][C][Branch1][=Branch2][C][C][C][C][=C][C][=C][Ring1][Branch1][Ring1][=C],True,29
1.2,104,"[1, 31, 39, 31, 18, 31, 16, 31, 16, 31, 20, 31, 16, 31, 16, 31, 16, 26, 42, 41, 4, 2]",[C][O][C][=N][C][=C][C][=C][C][=Ring1][C][=C][C][=C][C][=C][Branch2][Ring2][Ring1][#Branch1],True,20
1.2,105,"[1, 37, 44, 14, 31, 19, 14, 31, 19, 31, 26, 41, 44, 14, 39, 31, 31, 19, 25, 25, 31, 33, 33, 31, 19, 31, 33, 7, 31, 16, 31, 16, 41, 4, 31, 39, 31, 32, 31, 16, 42, 41, 5, 31, 25, 5, 39, 31, 41, 14, 44, 32, 31, 32, 31, 19, 44, 7, 31, 39, 31, 33, 32, 31, 25, 16, 19, 31, 24, 33, 24, 33, 32, 31, 24, 19, 31, 19, 32, 14, 31, 42, 15, 2]",[N][S][=Branch1][C][=O][=Branch1][C][=O][C][Branch2][Ring1][S][=Branch1][O][C][C][=O][Branch1][Branch1][C][F][F][C][=O][C][F][#N][C][=C][C][=C][Ring1][#Branch1][C][O][C][Cl][C][=C][Ring2][Ring1][#Branch2][C][Branch1][#Branch2][O][C][Ring1][=Branch1][S][Cl][C][Cl][C][=O][S][#N][C][O][C][F][Cl][C][Branch1][=C][=O][C][Br][F][Br][F][Cl][C][Br][=O][C][=O][Cl][=Branch1][C][Ring2][=Branch2],True,82
1.2,106,"[1, 39, 16, 25, 31, 31, 37, 44, 31, 31, 31, 14, 39, 31, 19, 31, 16, 41, 31, 25, 44, 31, 16, 31, 16, 41, 37, 16, 25, 15, 31, 37, 41, 37, 42, 39, 31, 2]",[O][=C][Branch1][C][C][N][S][C][C][C][=Branch1][O][C][=O][C][=C][Ring1][C][Branch1][S][C][=C][C][=C][Ring1][N][=C][Branch1][=Branch2][C][N][Ring1][N][Ring2][O][C],True,36
1.2,107,"[1, 31, 31, 37, 26, 41, 6, 37, 31, 14, 31, 16, 31, 25, 15, 31, 16, 31, 16, 41, 4, 2]",[C][C][N][Branch2][Ring1][#C][N][C][=Branch1][C][=C][C][Branch1][=Branch2][C][=C][C][=C][Ring1][#Branch1],True,20
1.2,108,"[1, 37, 18, 31, 16, 31, 16, 25, 31, 33, 44, 39, 31, 16, 25, 6, 37, 31, 31, 25, 4, 31, 41, 40, 31, 31, 31, 37, 18, 42, 41, 6, 31, 16, 2]",[N][=N][C][=C][C][=C][Branch1][C][F][S][O][C][=C][Branch1][#C][N][C][C][Branch1][#Branch1][C][Ring1][P][C][C][C][N][=N][Ring2][Ring1][#C][C][=C],True,33
1.2,109,"[1, 31, 31, 25, 31, 39, 31, 39, 31, 14, 31, 19, 25, 25, 37, 31, 16, 31, 32, 16, 41, 4, 16, 42, 16, 31, 18, 2]",[C][C][Branch1][C][O][C][O][C][=Branch1][C][=O][Branch1][Branch1][N][C][=C][C][Cl][=C][Ring1][#Branch1][=C][Ring2][=C][C][=N],True,26
1.2,110,"[1, 39, 16, 25, 31, 31, 37, 31, 31, 31, 31, 31, 26, 41, 5, 31, 14, 37, 37, 31, 37, 31, 44, 31, 16, 31, 16, 37, 26, 41, 14, 31, 16, 31, 31, 19, 14, 31, 16, 31, 16, 41, 6, 16, 36, 31, 41, 6, 42, 41, 14, 2]",[O][=C][Branch1][C][C][N][C][C][C][C][C][Branch2][Ring1][#Branch2][C][=Branch1][N][N][C][N][C][S][C][=C][C][=C][N][Branch2][Ring1][=Branch1][C][=C][C][C][=O][=Branch1][C][=C][C][=C][Ring1][#C][=C][NH1][C][Ring1][#C][Ring2][Ring1][=Branch1],True,50
1.2,111,"[1, 31, 31, 25, 31, 31, 29, 25, 31, 37, 31, 31, 16, 41, 26, 19, 37, 31, 31, 26, 41, 14, 31, 14, 31, 19, 31, 26, 41, 15, 31, 31, 31, 41, 37, 31, 16, 16, 31, 16, 26, 16, 31, 14, 31, 16, 31, 19, 31, 25, 15, 16, 31, 16, 42, 41, 4, 2]",[C][C][Branch1][C][C][C@H1][Branch1][C][N][C][C][=C][Ring1][Branch2][=O][N][C][C][Branch2][Ring1][=Branch1][C][=Branch1][C][=O][C][Branch2][Ring1][=Branch2][C][C][C][Ring1][N][C][=C][=C][C][=C][Branch2][=C][C][=Branch1][C][=C][C][=O][C][Branch1][=Branch2][=C][C][=C][Ring2][Ring1][#Branch1],True,56
1.2,112,"[1, 31, 31, 41, 31, 18, 31, 16, 25, 5, 39, 31, 19, 37, 31, 14, 31, 16, 37, 25, 31, 32, 31, 16, 31, 16, 16, 31, 25, 31, 31, 33, 16, 41, 26, 2]",[C][C][Ring1][C][=N][C][=C][Branch1][#Branch2][O][C][=O][N][C][=Branch1][C][=C][N][Branch1][C][Cl][C][=C][C][=C][=C][C][Branch1][C][C][F][=C][Ring1][Branch2],True,34
1.2,113,"[1, 31, 31, 31, 39, 31, 44, 41, 16, 26, 42, 14, 31, 19, 37, 26, 41, 4, 37, 31, 14, 16, 31, 31, 16, 31, 14, 31, 19, 31, 16, 31, 16, 31, 16, 25, 31, 14, 31, 16, 42, 41, 26, 18, 42, 41, 4, 31, 18, 2]",[C][C][C][O][C][S][Ring1][=C][Branch2][Ring2][=Branch1][C][=O][N][Branch2][Ring1][#Branch1][N][C][=Branch1][=C][C][C][=C][C][=Branch1][C][=O][C][=C][C][=C][C][=C][Branch1][C][=Branch1][C][=C][Ring2][Ring1][Branch2][=N][Ring2][Ring1][#Branch1][C][=N],True,48
1.2,114,"[1, 39, 16, 26, 42, 18, 39, 31, 14, 31, 31, 39, 31, 25, 31, 31, 31, 31, 37, 31, 31, 31, 39, 31, 14, 31, 25, 39, 31, 33, 25, 39, 31, 18, 39, 31, 25, 5, 31, 44, 31, 25, 16, 31, 33, 25, 31, 32, 44, 33, 31, 14, 31, 19, 19, 44, 36, 31, 33, 16, 41, 25, 14, 31, 41, 39, 31, 18, 31, 31, 37, 26, 31, 4, 18, 31, 42, 15, 42, 41, 5, 18, 36, 31, 19, 31, 25, 15, 32, 18, 31, 32, 20, 26, 31, 32, 20, 42, 42, 40, 33]",[O][=C][Branch2][Ring2][=N][O][C][=Branch1][C][C][O][C][Branch1][C][C][C][C][N][C][C][C][O][C][=Branch1][C][Branch1][O][C][F][Branch1][O][C][=N][O][C][Branch1][#Branch2][C][S][C][Branch1][=C][C][F][Branch1][C][Cl][S][F][C][=Branch1][C][=O][=O][S][NH1][C][F][=C][Ring1][Branch1][=Branch1][C][Ring1][O][C][=N][C][C][N][Branch2][C][#Branch1][=N][C][Ring2][=Branch2][Ring2][Ring1][#Branch2][=N][NH1][C][=O][C][Branch1][=Branch2][Cl][=N][C][Cl][=Ring1][Branch2][C][Cl][=Ring1][Ring2][Ring2][P][F],False,100
1.2,115,"[1, 31, 37, 31, 16, 25, 5, 31, 16, 31, 18, 31, 16, 41, 14, 31, 41, 14, 31, 19, 2]",[C][N][C][=C][Branch1][#Branch2][C][=C][C][=N][C][=C][Ring1][=Branch1][C][Ring1][=Branch1][C][=O],True,19
1.2,116,"[1, 39, 16, 37, 16, 31, 16, 31, 16, 31, 16, 37, 16, 31, 16, 41, 14, 31, 16, 41, 16, 25, 6, 29, 25, 39, 33, 31, 31, 31, 16, 41, 26, 2]",[O][=C][N][=C][C][=C][C][=C][C][=C][N][=C][C][=C][Ring1][=Branch1][C][=C][Ring1][=C][Branch1][#C][C@H1][Branch1][O][F][C][C][C][=C][Ring1][Branch2],True,32
1.2,117,"[1, 31, 37, 31, 31, 16, 29, 26, 41, 26, 42, 41, 15, 39, 16, 26, 14, 31, 19, 39, 31, 14, 31, 25, 4, 31, 19, 31, 31, 16, 37, 31, 25, 25, 31, 31, 33, 16, 44, 37, 31, 41, 26, 37, 16, 42, 41, 31, 31, 31, 16, 42, 41, 31, 31, 14, 41, 31, 16, 41, 39, 31, 31, 41, 4, 31, 41, 39, 31, 41, 31, 25, 31, 18, 31, 42, 41, 6, 19, 31, 39, 18, 2]",[C][N][C][C][=C][C@H1][Branch2][Ring1][Branch2][Ring2][Ring1][=Branch2][O][=C][Branch2][=Branch1][C][=O][O][C][=Branch1][C][Branch1][#Branch1][C][=O][C][C][=C][N][C][Branch1][Branch1][C][C][F][=C][S][N][C][Ring1][Branch2][N][=C][Ring2][Ring1][C][C][C][=C][Ring2][Ring1][C][C][=Branch1][Ring1][C][=C][Ring1][O][C][C][Ring1][#Branch1][C][Ring1][O][C][Ring1][C][Branch1][C][=N][C][Ring2][Ring1][#C][=O][C][O][=N],True,81
1.2,118,"[1, 31, 39, 31, 26, 41, 39, 26, 18, 31, 16, 31, 16, 41, 4, 44, 31, 29, 31, 26, 41, 25, 31, 37, 31, 33, 31, 31, 41, 41, 31, 31, 16, 31, 14, 31, 19, 39, 25, 18, 16, 25, 15, 31, 33, 33, 25, 31, 31, 16, 31, 16, 41, 14, 31, 32, 31, 39, 31, 31, 37, 31, 19, 31, 19, 41, 41, 5, 2]",[C][O][C][Branch2][Ring1][O][Branch2][=N][C][=C][C][=C][Ring1][#Branch1][S][C][C@H1][C][Branch2][Ring1][Branch1][C][N][C][F][C][C][Ring1][Ring1][C][C][=C][C][=Branch1][C][=O][O][Branch1][=N][=C][Branch1][=Branch2][C][F][F][Branch1][C][C][=C][C][=C][Ring1][=Branch1][C][Cl][C][O][C][C][N][C][=O][C][=O][Ring1][Ring1][#Branch2],True,67
1.2,119,"[1, 31, 37, 31, 14, 31, 19, 37, 31, 18, 31, 16, 25, 31, 16, 37, 16, 41, 40, 37, 31, 31, 14, 31, 31, 41, 15, 20, 18, 2]",[C][N][C][=Branch1][C][=O][N][C][=N][C][=C][Branch1][C][=C][N][=C][Ring1][P][N][C][C][=Branch1][C][C][Ring1][=Branch2][=Ring1][=N],True,28
1.2,120,"[1, 37, 16, 25, 31, 31, 32, 31, 20, 44, 31, 16, 31, 25, 41, 5, 31, 31, 41, 40, 37, 2]",[N][=C][Branch1][C][C][Cl][C][=Ring1][S][C][=C][C][Branch1][Ring1][#Branch2][C][C][Ring1][P][N],True,20
1.2,121,"[1, 16, 16, 14, 31, 19, 37, 31, 31, 18, 37, 16, 31, 16, 41, 14, 2]",[=C][=C][=Branch1][C][=O][N][C][C][=N][N][=C][C][=C][Ring1][=Branch1],True,15
1.2,122,"[1, 27, 31, 39, 31, 31, 25, 15, 31, 37, 31, 31, 14, 31, 19, 31, 16, 25, 4, 31, 16, 41, 40, 37, 29, 37, 31, 31, 31, 31, 25, 31, 25, 31, 31, 31, 37, 37, 31, 31, 14, 25, 41, 5, 31, 31, 18, 31, 39, 31, 16, 41, 6, 39, 16, 41, 4, 2]",[C@@H1][C][O][C][C][Branch1][=Branch2][C][N][C][C][=Branch1][C][=O][C][=C][Branch1][#Branch1][C][=C][Ring1][P][N][C@H1][N][C][C][C][C][Branch1][C][Branch1][C][C][C][N][N][C][C][=Branch1][Branch1][Ring1][#Branch2][C][C][=N][C][O][C][=C][Ring1][#C][O][=C][Ring1][#Branch1],True,56
1.2,123,"[1, 31, 39, 31, 16, 37, 37, 31, 31, 16, 25, 31, 44, 31, 26, 2]",[C][O][C][=C][N][N][C][C][=C][Branch1][C][S][C][Branch2],True,14
1.2,124,"[1, 39, 25, 31, 16, 37, 31, 37, 26, 41, 40, 31, 25, 31, 31, 16, 31, 16, 31, 32, 31, 16, 31, 16, 31, 16, 31, 18, 41, 4, 16, 2]",[O][Branch1][C][=C][N][C][N][Branch2][Ring1][P][C][Branch1][C][C][=C][C][=C][C][Cl][C][=C][C][=C][C][=C][C][=N][Ring1][#Branch1][=C],True,30
1.2,125,"[1, 37, 31, 18, 31, 16, 25, 31, 39, 31, 31, 41, 26, 31, 31, 31, 37, 31, 41, 26, 18, 18, 31, 16, 25, 31, 31, 31, 18, 31, 25, 31, 33, 37, 16, 41, 14, 42, 41, 41, 4, 31, 25, 39, 2]",[N][C][=N][C][=C][Branch1][C][O][C][C][Ring1][Branch2][C][C][C][N][C][Ring1][Branch2][=N][=N][C][=C][Branch1][C][C][C][=N][C][Branch1][C][F][N][=C][Ring1][=Branch1][Ring2][Ring1][Ring1][#Branch1][C][Branch1][O],True,43
1.2,126,"[1, 31, 37, 25, 18, 39, 31, 31, 16, 31, 18, 31, 16, 25, 31, 39, 31, 16, 31, 16, 31, 16, 41, 40, 16, 25, 31, 16, 42, 41, 14, 33, 37, 31, 31, 16, 31, 41, 26, 31, 41, 6, 2]",[C][N][Branch1][=N][O][C][C][=C][C][=N][C][=C][Branch1][C][O][C][=C][C][=C][C][=C][Ring1][P][=C][Branch1][C][=C][Ring2][Ring1][=Branch1][F][N][C][C][=C][C][Ring1][Branch2][C][Ring1][#C],True,41
1.2,127,"[1, 39, 16, 31, 16, 31, 16, 41, 14, 2]",[O][=C][C][=C][C][=C][Ring1][=Branch1],True,8
1.2,128,"[1, 31, 31, 16, 31, 4, 37, 25, 31, 31, 29, 37, 31, 31, 31, 25, 39, 31, 39, 31, 16, 31, 16, 25, 31, 31, 32, 31, 33, 19, 41, 40, 31, 33, 26, 42, 31, 31, 16, 25, 15, 31, 18, 41, 6, 37, 31, 39, 37, 31, 31, 31, 37, 31, 14, 31, 19, 19, 31, 16, 31, 18, 41, 14, 41, 31, 37, 2]",[C][C][=C][C][#Branch1][N][Branch1][C][C][C@H1][N][C][C][C][Branch1][O][C][O][C][=C][C][=C][Branch1][C][C][Cl][C][F][=O][Ring1][P][C][F][Branch2][Ring2][C][C][=C][Branch1][=Branch2][C][=N][Ring1][#C][N][C][O][N][C][C][C][N][C][=Branch1][C][=O][=O][C][=C][C][=N][Ring1][=Branch1][Ring1][C][N],True,66
1.2,129,"[1, 31, 39, 31, 37, 31, 19, 31, 25, 16, 31, 16, 31, 31, 25, 31, 16, 31, 16, 31, 18, 31, 25, 31, 31, 16, 31, 33, 44, 25, 41, 31, 31, 33, 31, 31, 31, 18, 16, 41, 4, 33, 16, 41, 6, 18, 31, 14, 41, 4, 2]",[C][O][C][N][C][=O][C][Branch1][=C][C][=C][C][C][Branch1][C][=C][C][=C][C][=N][C][Branch1][C][C][=C][C][F][S][Branch1][Ring1][C][C][F][C][C][C][=N][=C][Ring1][#Branch1][F][=C][Ring1][#C][=N][C][=Branch1][Ring1][#Branch1],True,49
1.2,130,"[1, 37, 31, 16, 31, 16, 41, 5, 44, 14, 31, 14, 31, 19, 37, 41, 16, 31, 16, 31, 16, 16, 14, 16, 31, 16, 31, 16, 41, 37, 31, 16, 31, 31, 25, 31, 32, 16, 41, 5, 37, 41, 4, 2]",[N][C][=C][C][=C][Ring1][#Branch2][S][=Branch1][C][=Branch1][C][=O][N][Ring1][=C][C][=C][C][=C][=C][=Branch1][=C][C][=C][C][=C][Ring1][N][C][=C][C][C][Branch1][C][Cl][=C][Ring1][#Branch2][N][Ring1][#Branch1],True,42
1.2,131,"[1, 39, 16, 36, 39, 31, 16, 41, 4, 31, 31, 16, 31, 25, 31, 37, 44, 44, 44, 31, 31, 16, 31, 16, 31, 16, 31, 16, 25, 4, 24, 31, 42, 41, 37, 41, 14, 39, 31, 31, 14, 33, 2]",[O][=C][NH1][O][C][=C][Ring1][#Branch1][C][C][=C][C][Branch1][C][N][S][S][S][C][C][=C][C][=C][C][=C][C][=C][Branch1][#Branch1][Br][C][Ring2][Ring1][N][Ring1][=Branch1][O][C][C][=Branch1][F],True,41
1.2,132,"[1, 31, 29, 25, 31, 31, 39, 31, 18, 37, 31, 26, 41, 31, 18, 31, 44, 31, 25, 31, 18, 37, 41, 25, 31, 25, 31, 37, 16, 25, 18, 31, 33, 33, 16, 25, 31, 32, 20, 25, 31, 37, 16, 25, 31, 32, 33, 31, 33, 20, 5, 20, 16, 25, 31, 18, 41, 4, 16, 39, 19, 14, 32, 2]",[C][C@H1][Branch1][C][C][O][C][=N][N][C][Branch2][Ring1][C][=N][C][S][C][Branch1][C][=N][N][Ring1][Branch1][C][Branch1][C][N][=C][Branch1][=N][C][F][F][=C][Branch1][C][Cl][=Ring1][Branch1][C][N][=C][Branch1][C][Cl][F][C][F][=Ring1][#Branch2][=Ring1][=C][Branch1][C][=N][Ring1][#Branch1][=C][O][=O][=Branch1][Cl],True,62
1.2,133,"[1, 31, 31, 39, 31, 26, 41, 44, 37, 31, 16, 31, 16, 25, 15, 16, 31, 16, 26, 41, 5, 31, 16, 31, 16, 31, 16, 41, 14, 37, 31, 31, 14, 31, 19, 14, 31, 19, 31, 26, 31, 19, 31, 41, 14, 31, 31, 39, 39, 31, 41, 41, 25, 39, 37, 19, 2]",[C][C][O][C][Branch2][Ring1][S][N][C][=C][C][=C][Branch1][=Branch2][=C][C][=C][Branch2][Ring1][#Branch2][C][=C][C][=C][C][=C][Ring1][=Branch1][N][C][C][=Branch1][C][=O][=Branch1][C][=O][C][Branch2][C][=O][C][Ring1][=Branch1][C][C][O][O][C][Ring1][Ring1][Branch1][O][N][=O],True,55
1.2,134,"[1, 31, 31, 31, 16, 31, 36, 25, 31, 31, 25, 31, 33, 31, 32, 31, 31, 25, 31, 14, 31, 19, 16, 41, 14, 37, 19, 37, 31, 31, 31, 31, 41, 31, 25, 15, 41, 42, 26, 16, 31, 16, 2]",[C][C][C][=C][C][NH1][Branch1][C][C][Branch1][C][F][C][Cl][C][C][Branch1][C][=Branch1][C][=O][=C][Ring1][=Branch1][N][=O][N][C][C][C][C][Ring1][C][Branch1][=Branch2][Ring1][Ring2][Branch2][=C][C][=C],True,41
1.2,135,"[1, 31, 44, 14, 31, 19, 14, 31, 19, 37, 27, 31, 31, 26, 41, 37, 16, 25, 39, 31, 16, 31, 16, 31, 16, 25, 37, 26, 41, 6, 37, 31, 31, 14, 31, 16, 41, 31, 31, 41, 6, 44, 16, 42, 41, 40, 42, 31, 31, 31, 41, 37, 31, 16, 25, 31, 31, 37, 41, 42, 41, 31, 37, 33, 2]",[C][S][=Branch1][C][=O][=Branch1][C][=O][N][C@@H1][C][C][Branch2][Ring1][N][=C][Branch1][O][C][=C][C][=C][C][=C][Branch1][N][Branch2][Ring1][#C][N][C][C][=Branch1][C][=C][Ring1][C][C][Ring1][#C][S][=C][Ring2][Ring1][P][Ring2][C][C][C][Ring1][N][C][=C][Branch1][C][C][N][Ring1][Ring2][Ring1][C][N][F],True,63
1.2,136,"[1, 39, 16, 25, 16, 16, 31, 33, 37, 31, 16, 41, 37, 25, 41, 18, 2]",[O][=C][Branch1][=C][=C][C][F][N][C][=C][Ring1][N][Branch1][Ring1][=N],True,15
1.2,137,"[1, 16, 31, 25, 31, 32, 31, 16, 16, 41, 5, 31, 37, 41, 6, 37, 31, 16, 25, 44, 31, 14, 31, 19, 2]",[=C][C][Branch1][C][Cl][C][=C][=C][Ring1][#Branch2][C][N][Ring1][#C][N][C][=C][Branch1][S][C][=Branch1][C][=O],True,23
1.2,138,"[1, 31, 39, 31, 39, 31, 16, 25, 18, 31, 14, 31, 19, 39, 31, 16, 37, 31, 16, 41, 14, 16, 39, 31, 16, 31, 16, 42, 41, 15, 16, 42, 41, 37, 31, 31, 39, 2]",[C][O][C][O][C][=C][Branch1][=N][C][=Branch1][C][=O][O][C][=C][N][C][=C][Ring1][=Branch1][=C][O][C][=C][C][=C][Ring2][Ring1][=Branch2][=C][Ring2][Ring1][N][C][C][O],True,36
1.2,139,"[1, 31, 39, 31, 39, 31, 16, 31, 16, 26, 41, 18, 37, 44, 14, 31, 14, 31, 19, 18, 31, 16, 31, 16, 25, 26, 41, 37, 31, 33, 16, 31, 16, 25, 37, 16, 37, 31, 39, 31, 41, 44, 31, 37, 31, 31, 16, 41, 39, 31, 31, 16, 42, 41, 14, 31, 31, 42, 41, 4, 42, 41, 6, 37, 16, 42, 41, 40, 42, 42, 2]",[C][O][C][O][C][=C][C][=C][Branch2][Ring1][=N][N][S][=Branch1][C][=Branch1][C][=O][=N][C][=C][C][=C][Branch1][Branch2][Ring1][N][C][F][=C][C][=C][Branch1][N][=C][N][C][O][C][Ring1][S][C][N][C][C][=C][Ring1][O][C][C][=C][Ring2][Ring1][=Branch1][C][C][Ring2][Ring1][#Branch1][Ring2][Ring1][#C][N][=C][Ring2][Ring1][P][Ring2][Ring2],True,69
1.2,140,"[1, 31, 31, 31, 25, 31, 31, 39, 31, 16, 37, 37, 31, 16, 37, 16, 25, 15, 39, 31, 16, 31, 16, 31, 25, 14, 31, 32, 19, 31, 25, 31, 33, 31, 16, 41, 6, 37, 19, 31, 25, 31, 16, 41, 16, 31, 25, 31, 16, 31, 33, 16, 41, 31, 32, 2]",[C][C][C][Branch1][C][C][O][C][=C][N][N][C][=C][N][=C][Branch1][=Branch2][O][C][=C][C][=C][C][Branch1][=Branch1][C][Cl][=O][C][Branch1][C][F][C][=C][Ring1][#C][N][=O][C][Branch1][C][=C][Ring1][=C][C][Branch1][C][=C][C][F][=C][Ring1][C][Cl],True,54
1.2,141,"[1, 37, 31, 14, 31, 19, 31, 16, 31, 25, 14, 39, 31, 16, 25, 31, 33, 31, 39, 37, 37, 31, 16, 41, 14, 2]",[N][C][=Branch1][C][=O][C][=C][C][Branch1][=Branch1][O][C][=C][Branch1][C][F][C][O][N][N][C][=C][Ring1][=Branch1],True,24
1.2,142,"[1, 37, 31, 16, 31, 36, 41, 26, 44, 39, 16, 31, 16, 31, 16, 31, 32, 31, 16, 41, 14, 31, 31, 41, 4, 2]",[N][C][=C][C][NH1][Ring1][Branch2][S][O][=C][C][=C][C][=C][C][Cl][C][=C][Ring1][=Branch1][C][C][Ring1][#Branch1],True,24
1.2,143,"[1, 31, 37, 14, 31, 19, 31, 16, 31, 26, 42, 14, 31, 16, 31, 16, 31, 16, 25, 5, 39, 37, 25, 44, 16, 37, 31, 31, 16, 31, 41, 5, 31, 37, 31, 31, 31, 25, 16, 31, 16, 42, 41, 4, 36, 2]",[C][N][=Branch1][C][=O][C][=C][C][Branch2][Ring2][=Branch1][C][=C][C][=C][C][=C][Branch1][#Branch2][O][N][Branch1][S][=C][N][C][C][=C][C][Ring1][#Branch2][C][N][C][C][C][Branch1][=C][C][=C][Ring2][Ring1][#Branch1][NH1],True,44
1.2,144,"[1, 31, 39, 31, 16, 31, 16, 26, 42, 25, 4, 37, 31, 25, 37, 31, 31, 39, 31, 31, 31, 31, 31, 14, 31, 19, 31, 41, 40, 44, 18, 31, 18, 18, 37, 25, 41, 25, 31, 2]",[C][O][C][=C][C][=C][Branch2][Ring2][Branch1][#Branch1][N][C][Branch1][N][C][C][O][C][C][C][C][C][=Branch1][C][=O][C][Ring1][P][S][=N][C][=N][=N][N][Branch1][Ring1][Branch1][C],True,38
1.2,145,"[1, 39, 16, 26, 42, 4, 37, 16, 31, 16, 25, 31, 16, 44, 26, 41, 31, 39, 31, 14, 31, 19, 31, 16, 37, 16, 25, 40, 37, 31, 16, 31, 16, 41, 44, 14, 31, 16, 25, 18, 41, 14, 31, 31, 25, 31, 14, 18, 31, 16, 25, 39, 39, 32, 33, 39, 31, 25, 31, 19, 31, 32, 14, 31, 19, 16, 42, 41, 15, 41, 39, 31, 25, 16, 42, 42, 31, 36, 39, 2]",[O][=C][Branch2][Ring2][#Branch1][N][=C][C][=C][Branch1][C][=C][S][Branch2][Ring1][C][O][C][=Branch1][C][=O][C][=C][N][=C][Branch1][P][N][C][=C][C][=C][Ring1][S][=Branch1][C][=C][Branch1][=N][Ring1][=Branch1][C][C][Branch1][C][=Branch1][=N][C][=C][Branch1][O][O][Cl][F][O][C][Branch1][C][=O][C][Cl][=Branch1][C][=O][=C][Ring2][Ring1][=Branch2][Ring1][O][C][Branch1][=C][Ring2][Ring2][C][NH1][O],True,78
1.2,146,"[1, 39, 25, 31, 39, 31, 31, 26, 41, 5, 31, 16, 31, 16, 31, 16, 31, 14, 41, 18, 41, 14, 39, 31, 31, 37, 25, 15, 31, 39, 31, 19, 31, 37, 41, 25, 39, 31, 37, 16, 31, 16, 31, 16, 31, 16, 41, 26, 31, 16, 31, 16, 31, 42, 39, 2]",[O][Branch1][C][O][C][C][Branch2][Ring1][#Branch2][C][=C][C][=C][C][=C][C][=Branch1][Ring1][=N][Ring1][=Branch1][O][C][C][N][Branch1][=Branch2][C][O][C][=O][C][N][Ring1][Branch1][O][C][N][=C][C][=C][C][=C][C][=C][Ring1][Branch2][C][=C][C][=C][C][Ring2][O],True,54
1.2,147,"[1, 44, 16, 31, 16, 41, 14, 31, 16, 31, 16, 31, 16, 31, 16, 37, 16, 41, 4, 2]",[S][=C][C][=C][Ring1][=Branch1][C][=C][C][=C][C][=C][C][=C][N][=C][Ring1][#Branch1],True,18
1.2,148,"[1, 39, 16, 25, 6, 37, 37, 31, 16, 25, 31, 18, 31, 16, 31, 18, 31, 18, 31, 16, 31, 25, 31, 16, 41, 14, 2]",[O][=C][Branch1][#C][N][N][C][=C][Branch1][C][=N][C][=C][C][=N][C][=N][C][=C][C][Branch1][C][=C][Ring1][=Branch1],True,25
1.2,149,"[1, 31, 31, 25, 31, 31, 31, 27, 31, 14, 31, 19, 31, 31, 14, 31, 19, 31, 25, 31, 33, 37, 18, 31, 16, 41, 39, 31, 16, 25, 41, 44, 14, 37, 37, 19, 44, 44, 25, 31, 31, 16, 42, 41, 31, 16, 37, 31, 19, 31, 16, 31, 33, 25, 2]",[C][C][Branch1][C][C][C][C@@H1][C][=Branch1][C][=O][C][C][=Branch1][C][=O][C][Branch1][C][F][N][=N][C][=C][Ring1][O][C][=C][Branch1][Ring1][S][=Branch1][N][N][=O][S][S][Branch1][C][C][=C][Ring2][Ring1][C][=C][N][C][=O][C][=C][C][F][Branch1],True,53
1.2,150,"[1, 31, 31, 26, 41, 4, 31, 18, 29, 26, 41, 18, 44, 25, 31, 31, 18, 37, 31, 31, 39, 37, 31, 18, 31, 31, 16, 37, 18, 31, 31, 31, 16, 31, 41, 4, 16, 41, 37, 44, 41, 25, 42, 41, 41, 6, 42, 41, 39, 31, 42, 41, 44, 2]",[C][C][Branch2][Ring1][#Branch1][C][=N][C@H1][Branch2][Ring1][=N][S][Branch1][C][C][=N][N][C][C][O][N][C][=N][C][C][=C][N][=N][C][C][C][=C][C][Ring1][#Branch1][=C][Ring1][N][S][Ring1][Branch1][Ring2][Ring1][Ring1][#C][Ring2][Ring1][O][C][Ring2][Ring1][S],True,52
1.2,151,"[1, 31, 39, 31, 16, 37, 31, 16, 25, 16, 31, 16, 25, 15, 31, 39, 31, 16, 37, 16, 42, 16, 31, 16, 41, 4, 31, 16, 31, 16, 25, 31, 31, 16, 31, 16, 41, 14, 25, 31, 16, 25, 39, 16, 37, 19, 14, 31, 16, 25, 41, 14, 18, 41, 39, 41, 16, 2]",[C][O][C][=C][N][C][=C][Branch1][=C][C][=C][Branch1][=Branch2][C][O][C][=C][N][=C][Ring2][=C][C][=C][Ring1][#Branch1][C][=C][C][=C][Branch1][C][C][=C][C][=C][Ring1][=Branch1][Branch1][C][=C][Branch1][O][=C][N][=O][=Branch1][C][=C][Branch1][Ring1][=Branch1][=N][Ring1][O][Ring1][=C],True,56
1.2,152,"[1, 16, 39, 31, 18, 31, 16, 31, 16, 41, 14, 37, 37, 25, 15, 37, 14, 31, 16, 37, 31, 16, 31, 16, 31, 16, 41, 14, 31, 19, 44, 31, 16, 42, 41, 44, 31, 14, 16, 42, 41, 16, 39, 41, 4, 37, 2]",[=C][O][C][=N][C][=C][C][=C][Ring1][=Branch1][N][N][Branch1][=Branch2][N][=Branch1][C][=C][N][C][=C][C][=C][C][=C][Ring1][=Branch1][C][=O][S][C][=C][Ring2][Ring1][S][C][=Branch1][=C][Ring2][Ring1][=C][O][Ring1][#Branch1][N],True,45
1.2,153,"[1, 31, 31, 37, 37, 25, 41, 25, 31, 31, 16, 31, 18, 31, 16, 31, 16, 41, 14, 31, 37, 41, 16, 31, 16, 31, 16, 31, 16, 41, 6, 2]",[C][C][N][N][Branch1][Ring1][Branch1][C][C][=C][C][=N][C][=C][C][=C][Ring1][=Branch1][C][N][Ring1][=C][C][=C][C][=C][C][=C][Ring1][#C],True,30
1.2,154,"[1, 27, 26, 39, 31, 18, 31, 18, 31, 20, 25, 41, 14, 37, 31, 39, 31, 16, 25, 31, 25, 31, 19, 29, 41, 39, 44, 2]",[C@@H1][Branch2][O][C][=N][C][=N][C][=Ring1][Branch1][Ring1][=Branch1][N][C][O][C][=C][Branch1][C][Branch1][C][=O][C@H1][Ring1][O][S],True,26
1.2,155,"[1, 31, 44, 14, 31, 16, 39, 31, 19, 31, 16, 31, 14, 31, 19, 14, 31, 19, 14, 31, 19, 37, 31, 16, 25, 31, 29, 26, 42, 37, 31, 16, 41, 14, 31, 19, 37, 31, 14, 31, 25, 44, 31, 33, 25, 31, 31, 16, 41, 14, 18, 31, 42, 14, 31, 19, 31, 31, 42, 41, 15, 2]",[C][S][=Branch1][C][=C][O][C][=O][C][=C][C][=Branch1][C][=O][=Branch1][C][=O][=Branch1][C][=O][N][C][=C][Branch1][C][C@H1][Branch2][Ring2][N][C][=C][Ring1][=Branch1][C][=O][N][C][=Branch1][C][Branch1][S][C][F][Branch1][C][C][=C][Ring1][=Branch1][=N][C][Ring2][=Branch1][C][=O][C][C][Ring2][Ring1][=Branch2],True,60
1.2,156,"[1, 31, 31, 26, 42, 39, 44, 14, 31, 19, 31, 27, 29, 31, 31, 31, 14, 31, 19, 31, 31, 31, 18, 44, 14, 31, 19, 44, 41, 37, 31, 25, 15, 37, 44, 37, 31, 31, 19, 19, 31, 16, 41, 15, 27, 26, 41, 5, 31, 41, 41, 6, 14, 31, 31, 16, 31, 25, 41, 4, 2]",[C][C][Branch2][Ring2][O][S][=Branch1][C][=O][C][C@@H1][C@H1][C][C][C][=Branch1][C][=O][C][C][C][=N][S][=Branch1][C][=O][S][Ring1][N][C][Branch1][=Branch2][N][S][N][C][C][=O][=O][C][=C][Ring1][=Branch2][C@@H1][Branch2][Ring1][#Branch2][C][Ring1][Ring1][#C][=Branch1][C][C][=C][C][Branch1][Ring1][#Branch1],True,59
1.2,157,"[1, 31, 31, 18, 37, 14, 31, 19, 31, 16, 31, 25, 31, 16, 31, 32, 31, 41, 6, 2]",[C][C][=N][N][=Branch1][C][=O][C][=C][C][Branch1][C][=C][C][Cl][C][Ring1][#C],True,18
1.2,158,"[1, 39, 16, 31, 31, 16, 31, 16, 39, 16, 25, 16, 31, 16, 41, 4, 39, 31, 25, 31, 39, 31, 39, 37, 31, 18, 39, 37, 16, 31, 16, 42, 41, 44, 14, 31, 39, 31, 31, 37, 31, 31, 19, 25, 16, 25, 2]",[O][=C][C][C][=C][C][=C][O][=C][Branch1][=C][C][=C][Ring1][#Branch1][O][C][Branch1][C][O][C][O][N][C][=N][O][N][=C][C][=C][Ring2][Ring1][S][=Branch1][C][O][C][C][N][C][C][=O][Branch1][=C][Branch1],True,45
1.2,159,"[1, 31, 31, 37, 31, 14, 39, 31, 19, 39, 31, 16, 31, 16, 16, 31, 16, 41, 14, 31, 16, 25, 14, 31, 19, 37, 37, 31, 31, 16, 31, 31, 37, 37, 41, 14, 31, 31, 41, 31, 41, 4, 2]",[C][C][N][C][=Branch1][O][C][=O][O][C][=C][C][=C][=C][C][=C][Ring1][=Branch1][C][=C][Branch1][=Branch1][C][=O][N][N][C][C][=C][C][C][N][N][Ring1][=Branch1][C][C][Ring1][C][Ring1][#Branch1],True,41
1.2,160,"[1, 31, 39, 31, 18, 31, 19, 37, 39, 44, 14, 31, 25, 14, 31, 19, 37, 16, 31, 16, 31, 16, 31, 16, 25, 15, 37, 44, 31, 16, 31, 37, 31, 16, 25, 4, 33, 16, 42, 41, 4, 33, 39, 31, 42, 16, 42, 41, 26, 2]",[C][O][C][=N][C][=O][N][O][S][=Branch1][C][Branch1][=Branch1][C][=O][N][=C][C][=C][C][=C][C][=C][Branch1][=Branch2][N][S][C][=C][C][N][C][=C][Branch1][#Branch1][F][=C][Ring2][Ring1][#Branch1][F][O][C][Ring2][=C][Ring2][Ring1][Branch2],True,48
1.2,161,"[1, 31, 31, 14, 31, 19, 37, 26, 41, 40, 37, 31, 31, 31, 16, 26, 41, 40, 31, 16, 31, 16, 25, 15, 29, 25, 31, 31, 33, 31, 16, 31, 16, 41, 5, 2]",[C][C][=Branch1][C][=O][N][Branch2][Ring1][P][N][C][C][C][=C][Branch2][Ring1][P][C][=C][C][=C][Branch1][=Branch2][C@H1][Branch1][C][C][F][C][=C][C][=C][Ring1][#Branch2],True,34
1.2,162,"[1, 39, 16, 26, 42, 14, 31, 19, 27, 26, 41, 37, 31, 26, 37, 31, 16, 31, 16, 31, 25, 14, 31, 33, 31, 16, 41, 44, 37, 31, 18, 37, 31, 31, 16, 25, 31, 18, 31, 16, 31, 41, 14, 31, 16, 31, 31, 42, 42, 41, 18, 31, 39, 41, 4, 2]",[O][=C][Branch2][Ring2][=Branch1][C][=O][C@@H1][Branch2][Ring1][N][C][Branch2][N][C][=C][C][=C][C][Branch1][=Branch1][C][F][C][=C][Ring1][S][N][C][=N][N][C][C][=C][Branch1][C][=N][C][=C][C][Ring1][=Branch1][C][=C][C][C][Ring2][Ring2][Ring1][=N][C][O][Ring1][#Branch1],True,54
1.2,163,"[1, 31, 39, 31, 16, 31, 16, 39, 14, 16, 37, 16, 26, 41, 15, 44, 31, 19, 25, 37, 31, 14, 31, 19, 14, 31, 19, 31, 31, 31, 25, 14, 31, 19, 37, 31, 16, 25, 31, 37, 16, 41, 37, 41, 31, 37, 25, 25, 31, 31, 31, 33, 16, 31, 16, 31, 25, 31, 33, 25, 37, 39, 31, 32, 31, 41, 31, 33, 16, 2]",[C][O][C][=C][C][=C][O][=Branch1][=C][N][=C][Branch2][Ring1][=Branch2][S][C][=O][Branch1][N][C][=Branch1][C][=O][=Branch1][C][=O][C][C][C][Branch1][=Branch1][C][=O][N][C][=C][Branch1][C][N][=C][Ring1][N][Ring1][C][N][Branch1][Branch1][C][C][C][F][=C][C][=C][C][Branch1][C][F][Branch1][N][O][C][Cl][C][Ring1][C][F][=C],True,68
1.2,164,"[1, 31, 31, 16, 31, 25, 16, 25, 31, 31, 39, 31, 31, 31, 31, 26, 41, 44, 44, 14, 31, 16, 31, 14, 31, 19, 14, 31, 19, 16, 31, 16, 31, 37, 41, 5, 31, 19, 2]",[C][C][=C][C][Branch1][=C][Branch1][C][C][O][C][C][C][C][Branch2][Ring1][S][S][=Branch1][C][=C][C][=Branch1][C][=O][=Branch1][C][=O][=C][C][=C][C][N][Ring1][#Branch2][C][=O],True,37
1.2,165,"[1, 31, 18, 31, 16, 31, 25, 31, 31, 16, 37, 16, 41, 39, 31, 26, 41, 42, 37, 31, 14, 31, 19, 29, 25, 44, 31, 31, 39, 37, 31, 31, 41, 15, 44, 25, 31, 31, 41, 39, 31, 16, 37, 42, 41, 25, 42, 41, 44, 33, 32, 18, 31, 14, 19, 33, 14, 2]",[C][=N][C][=C][C][Branch1][C][C][=C][N][=C][Ring1][O][C][Branch2][Ring1][Ring2][N][C][=Branch1][C][=O][C@H1][Branch1][S][C][C][O][N][C][C][Ring1][=Branch2][S][Branch1][C][C][Ring1][O][C][=C][N][Ring2][Ring1][Branch1][Ring2][Ring1][S][F][Cl][=N][C][=Branch1][=O][F][=Branch1],True,56
1.2,166,"[1, 27, 31, 25, 31, 33, 25, 15, 31, 16, 25, 44, 31, 39, 31, 16, 25, 14, 31, 19, 32, 31, 33, 29, 31, 41, 18, 31, 31, 25, 41, 40, 31, 19, 31, 31, 31, 39, 37, 31, 41, 5, 31, 31, 31, 41, 4, 16, 31, 31, 16, 41, 4, 2]",[C@@H1][C][Branch1][C][F][Branch1][=Branch2][C][=C][Branch1][S][C][O][C][=C][Branch1][=Branch1][C][=O][Cl][C][F][C@H1][C][Ring1][=N][C][C][Branch1][Ring1][P][C][=O][C][C][C][O][N][C][Ring1][#Branch2][C][C][C][Ring1][#Branch1][=C][C][C][=C][Ring1][#Branch1],True,52
1.2,167,"[1, 31, 39, 31, 39, 31, 37, 31, 16, 26, 42, 4, 31, 37, 31, 31, 31, 39, 31, 16, 31, 16, 41, 16, 31, 16, 31, 16, 42, 41, 18, 42, 39, 16, 25, 31, 31, 16, 25, 31, 42, 41, 14, 31, 39, 39, 42, 41, 31, 31, 39, 41, 37, 37, 31, 41, 42, 41, 5, 37, 39, 31, 39, 31, 2]",[C][O][C][O][C][N][C][=C][Branch2][Ring2][#Branch1][C][N][C][C][C][O][C][=C][C][=C][Ring1][=C][C][=C][C][=C][Ring2][Ring1][=N][Ring2][O][=C][Branch1][C][C][=C][Branch1][C][Ring2][Ring1][=Branch1][C][O][O][Ring2][Ring1][C][C][O][Ring1][N][N][C][Ring1][Ring2][Ring1][#Branch2][N][O][C][O][C],True,63
1.2,168,"[1, 31, 41, 31, 37, 31, 31, 31, 16, 31, 16, 26, 41, 18, 31, 14, 31, 19, 2]",[C][Ring1][C][N][C][C][C][=C][C][=C][Branch2][Ring1][=N][C][=Branch1][C][=O],True,17
1.2,169,"[1, 39, 16, 31, 26, 41, 4, 31, 18, 39, 14, 14, 31, 16, 31, 25, 39, 31, 19, 44, 31, 31, 25, 31, 31, 31, 16, 41, 15, 37, 31, 31, 31, 31, 31, 25, 31, 41, 25, 31, 42, 31, 41, 4, 31, 16, 42, 41, 44, 42, 41, 25, 2]",[O][=C][C][Branch2][Ring1][#Branch1][C][=N][O][=Branch1][=Branch1][C][=C][C][Branch1][O][C][=O][S][C][C][Branch1][C][C][C][=C][Ring1][=Branch2][N][C][C][C][C][C][Branch1][C][Ring1][Branch1][C][Ring2][C][Ring1][#Branch1][C][=C][Ring2][Ring1][S][Ring2][Ring1][Branch1],True,51
1.2,170,"[1, 31, 37, 25, 31, 31, 31, 39, 31, 16, 25, 14, 16, 31, 16, 41, 14, 31, 19, 37, 16, 41, 4, 31, 16, 37, 16, 31, 16, 31, 41, 14, 16, 41, 16, 42, 41, 31, 14, 18, 42, 41, 4, 2]",[C][N][Branch1][C][C][C][O][C][=C][Branch1][=Branch1][=C][C][=C][Ring1][=Branch1][C][=O][N][=C][Ring1][#Branch1][C][=C][N][=C][C][=C][C][Ring1][=Branch1][=C][Ring1][=C][Ring2][Ring1][C][=Branch1][=N][Ring2][Ring1][#Branch1],True,42
1.2,171,"[1, 37, 14, 31, 19, 31, 16, 31, 16, 31, 26, 41, 5, 2]",[N][=Branch1][C][=O][C][=C][C][=C][C][Branch2][Ring1][#Branch2],True,12
1.2,172,"[1, 31, 37, 31, 31, 31, 25, 18, 31, 16, 31, 26, 41, 4, 31, 16, 31, 16, 25, 15, 37, 16, 31, 16, 31, 31, 16, 31, 25, 18, 41, 44, 41, 4, 18, 31, 31, 16, 42, 41, 37, 2]",[C][N][C][C][C][Branch1][=N][C][=C][C][Branch2][Ring1][#Branch1][C][=C][C][=C][Branch1][=Branch2][N][=C][C][=C][C][C][=C][C][Branch1][=N][Ring1][S][Ring1][#Branch1][=N][C][C][=C][Ring2][Ring1][N],True,40
1.2,173,"[1, 37, 31, 25, 31, 39, 31, 41, 26, 16, 31, 16, 31, 16, 37, 26, 42, 4, 31, 14, 31, 19, 39, 31, 31, 31, 16, 41, 37, 37, 25, 44, 42, 31, 31, 39, 16, 31, 16, 31, 20, 14, 44, 41, 4, 31, 19, 37, 2]",[N][C][Branch1][C][O][C][Ring1][Branch2][=C][C][=C][C][=C][N][Branch2][Ring2][#Branch1][C][=Branch1][C][=O][O][C][C][C][=C][Ring1][N][N][Branch1][S][Ring2][C][C][O][=C][C][=C][C][=Ring1][=Branch1][S][Ring1][#Branch1][C][=O][N],True,47
1.2,174,"[1, 37, 4, 26, 42, 42, 14, 27, 25, 15, 37, 31, 39, 31, 31, 16, 31, 41, 25, 37, 31, 31, 16, 25, 40, 16, 37, 25, 16, 25, 16, 39, 31, 32, 31, 25, 31, 32, 41, 31, 32, 31, 32, 31, 41, 40, 2]",[N][#Branch1][Branch2][Ring2][Ring2][=Branch1][C@@H1][Branch1][=Branch2][N][C][O][C][C][=C][C][Ring1][Branch1][N][C][C][=C][Branch1][P][=C][N][Branch1][=C][Branch1][=C][O][C][Cl][C][Branch1][C][Cl][Ring1][C][Cl][C][Cl][C][Ring1][P],True,45
1.2,175,"[1, 39, 16, 25, 39, 39, 39, 37, 27, 31, 31, 31, 14, 31, 19, 41, 6, 39, 27, 26, 31, 44, 44, 39, 31, 25, 39, 31, 14, 31, 31, 25, 39, 31, 14, 18, 31, 19, 31, 14, 31, 25, 37, 19, 31, 37, 25, 15, 39, 39, 31, 41, 42, 31, 39, 42, 25, 16, 25, 37, 16, 25, 31, 33, 33, 32, 16, 25, 31, 2]",[O][=C][Branch1][O][O][O][N][C@@H1][C][C][C][=Branch1][C][=O][Ring1][#C][O][C@@H1][Branch2][C][S][S][O][C][Branch1][O][C][=Branch1][C][C][Branch1][O][C][=Branch1][=N][C][=O][C][=Branch1][C][Branch1][N][=O][C][N][Branch1][=Branch2][O][O][C][Ring1][Ring2][C][O][Ring2][Branch1][=C][Branch1][N][=C][Branch1][C][F][F][Cl][=C][Branch1][C],True,68
1.2,176,"[1, 31, 31, 26, 41, 31, 16, 44, 25, 31, 18, 31, 16, 31, 16, 41, 14, 31, 16, 31, 25, 4, 31, 16, 25, 31, 7, 25, 31, 14, 31, 33, 20, 4, 31, 19, 2]",[C][C][Branch2][Ring1][C][=C][S][Branch1][C][=N][C][=C][C][=C][Ring1][=Branch1][C][=C][C][Branch1][#Branch1][C][=C][Branch1][C][#N][Branch1][C][=Branch1][C][F][=Ring1][#Branch1][C][=O],True,35
1.2,177,"[1, 31, 31, 39, 31, 16, 37, 18, 25, 14, 31, 19, 31, 16, 26, 41, 4, 31, 14, 31, 19, 31, 37, 31, 44, 15, 31, 25, 4, 39, 31, 16, 31, 26, 31, 25, 31, 31, 25, 39, 31, 31, 31, 31, 31, 16, 41, 14, 31, 25, 37, 31, 42, 41, 31, 14, 37, 31, 42, 41, 25, 2]",[C][C][O][C][=C][N][=N][Branch1][=Branch1][C][=O][C][=C][Branch2][Ring1][#Branch1][C][=Branch1][C][=O][C][N][C][S][=Branch2][C][Branch1][#Branch1][O][C][=C][C][Branch2][C][Branch1][C][C][Branch1][O][C][C][C][C][C][=C][Ring1][=Branch1][C][Branch1][N][C][Ring2][Ring1][C][=Branch1][N][C][Ring2][Ring1][Branch1],True,60
1.2,178,"[1, 39, 39, 16, 26, 41, 44, 14, 37, 19, 31, 26, 41, 31, 37, 31, 37, 31, 25, 15, 37, 37, 31, 31, 31, 16, 31, 25, 16, 31, 16, 42, 31, 18, 41, 39, 31, 16, 37, 16, 37, 16, 31, 16, 41, 14, 31, 16, 41, 14, 16, 31, 31, 25, 31, 31, 19, 2]",[O][O][=C][Branch2][Ring1][S][=Branch1][N][=O][C][Branch2][Ring1][C][N][C][N][C][Branch1][=Branch2][N][N][C][C][C][=C][C][Branch1][=C][C][=C][Ring2][C][=N][Ring1][O][C][=C][N][=C][N][=C][C][=C][Ring1][=Branch1][C][=C][Ring1][=Branch1][=C][C][C][Branch1][C][C][=O],True,56
1.2,179,"[1, 31, 39, 31, 16, 31, 31, 16, 25, 41, 37, 16, 31, 16, 31, 16, 26, 41, 41, 15, 31, 16, 42, 31, 25, 31, 16, 41, 25, 25, 5, 37, 31, 31, 37, 16, 31, 16, 31, 32, 16, 42, 16, 41, 26, 14, 39, 19, 39, 41, 39, 39, 42, 39, 39, 31, 25, 2]",[C][O][C][=C][C][C][=C][Branch1][Ring1][N][=C][C][=C][C][=C][Branch2][Ring1][Ring1][=Branch2][C][=C][Ring2][C][Branch1][C][=C][Ring1][Branch1][Branch1][#Branch2][N][C][C][N][=C][C][=C][C][Cl][=C][Ring2][=C][Ring1][Branch2][=Branch1][O][=O][O][Ring1][O][O][Ring2][O][O][C][Branch1],True,56
1.2,180,"[1, 31, 39, 31, 31, 16, 25, 31, 31, 16, 31, 16, 31, 18, 31, 16, 31, 16, 41, 15, 42, 31, 16, 39, 41, 26, 41, 15, 37, 16, 16, 31, 16, 31, 25, 15, 2]",[C][O][C][C][=C][Branch1][C][C][=C][C][=C][C][=N][C][=C][C][=C][Ring1][=Branch2][Ring2][C][=C][O][Ring1][Branch2][Ring1][=Branch2][N][=C][=C][C][=C][C][Branch1][=Branch2],True,35
1.2,181,"[1, 39, 16, 25, 5, 39, 16, 26, 41, 31, 31, 25, 25, 31, 32, 31, 27, 25, 31, 39, 31, 31, 41, 31, 26, 31, 16, 31, 16, 31, 41, 14, 2]",[O][=C][Branch1][#Branch2][O][=C][Branch2][Ring1][C][C][Branch1][Branch1][C][Cl][C][C@@H1][Branch1][C][O][C][C][Ring1][C][Branch2][C][=C][C][=C][C][Ring1][=Branch1],True,31
1.2,182,"[1, 44, 31, 14, 31, 19, 31, 16, 31, 16, 25, 15, 39, 31, 16, 31, 31, 39, 31, 16, 41, 14, 31, 16, 41, 14, 41, 37, 26, 14, 37, 31, 19, 31, 25, 15, 31, 31, 25, 31, 31, 31, 41, 5, 2]",[S][C][=Branch1][C][=O][C][=C][C][=C][Branch1][=Branch2][O][C][=C][C][C][O][C][=C][Ring1][=Branch1][C][=C][Ring1][=Branch1][Ring1][N][Branch2][=Branch1][N][C][=O][C][Branch1][=Branch2][C][C][Branch1][C][C][C][Ring1][#Branch2],True,43
1.2,183,"[1, 37, 15, 31, 31, 25, 44, 14, 31, 19, 19, 14, 31, 19, 31, 16, 31, 16, 41, 14, 31, 16, 31, 16, 39, 31, 41, 44, 39, 42, 25, 31, 32, 31, 31, 31, 41, 4, 2]",[N][=Branch2][C][C][Branch1][S][=Branch1][C][=O][=O][=Branch1][C][=O][C][=C][C][=C][Ring1][=Branch1][C][=C][C][=C][O][C][Ring1][S][O][Ring2][Branch1][C][Cl][C][C][C][Ring1][#Branch1],True,37
1.2,184,"[1, 31, 39, 31, 25, 31, 33, 39, 31, 16, 31, 26, 41, 5, 31, 29, 25, 31, 39, 37, 31, 41, 31, 25, 14, 31, 19, 37, 31, 25, 31, 31, 16, 31, 33, 14, 37, 31, 33, 20, 44, 44, 37, 37, 37, 19, 31, 31, 31, 31, 41, 41, 14, 16, 31, 42, 41, 44, 42, 41, 14, 2]",[C][O][C][Branch1][C][F][O][C][=C][C][Branch2][Ring1][#Branch2][C][C@H1][Branch1][C][O][N][C][Ring1][C][Branch1][=Branch1][C][=O][N][C][Branch1][C][C][=C][C][F][=Branch1][N][C][F][=Ring1][S][S][N][N][N][=O][C][C][C][C][Ring1][Ring1][=Branch1][=C][C][Ring2][Ring1][S][Ring2][Ring1][=Branch1],True,60
1.2,185,"[1, 31, 39, 26, 31, 16, 25, 5, 37, 31, 31, 25, 31, 37, 31, 39, 31, 25, 31, 31, 31, 41, 6, 31, 37, 31, 14, 31, 19, 31, 25, 31, 16, 16, 31, 16, 41, 18, 37, 16, 31, 31, 16, 42, 41, 14, 31, 16, 39, 31, 16, 42, 41, 26, 2]",[C][O][Branch2][C][=C][Branch1][#Branch2][N][C][C][Branch1][C][N][C][O][C][Branch1][C][C][C][Ring1][#C][C][N][C][=Branch1][C][=O][C][Branch1][C][=C][=C][C][=C][Ring1][=N][N][=C][C][C][=C][Ring2][Ring1][=Branch1][C][=C][O][C][=C][Ring2][Ring1][Branch2],True,53
1.2,186,"[1, 39, 16, 16, 25, 31, 37, 31, 16, 31, 16, 41, 14, 36, 18, 31, 16, 31, 41, 44, 2]",[O][=C][=C][Branch1][C][N][C][=C][C][=C][Ring1][=Branch1][NH1][=N][C][=C][C][Ring1][S],True,19
1.2,187,"[1, 44, 31, 16, 39, 37, 25, 44, 25, 37, 18, 31, 31, 16, 25, 41, 39, 33, 31, 16, 25, 31, 31, 31, 33, 32, 18, 41, 14, 33, 14, 31, 19, 31, 19, 14, 31, 19, 32, 25, 18, 31, 32, 33, 33, 32, 37, 31, 4, 16, 41, 4, 31, 19, 2]",[S][C][=C][O][N][Branch1][S][Branch1][N][=N][C][C][=C][Branch1][Ring1][O][F][C][=C][Branch1][C][C][C][F][Cl][=N][Ring1][=Branch1][F][=Branch1][C][=O][C][=O][=Branch1][C][=O][Cl][Branch1][=N][C][Cl][F][F][Cl][N][C][#Branch1][=C][Ring1][#Branch1][C][=O],True,53
1.2,188,"[1, 29, 25, 31, 14, 31, 26, 42, 31, 14, 31, 19, 37, 37, 14, 31, 19, 31, 18, 31, 16, 31, 25, 31, 31, 31, 37, 41, 40, 31, 31, 41, 26, 37, 25, 44, 31, 31, 41, 14, 31, 31, 16, 31, 16, 41, 6, 37, 16, 31, 31, 18, 41, 4, 2]",[C@H1][Branch1][C][=Branch1][C][Branch2][Ring2][C][=Branch1][C][=O][N][N][=Branch1][C][=O][C][=N][C][=C][C][Branch1][C][C][C][N][Ring1][P][C][C][Ring1][Branch2][N][Branch1][S][C][C][Ring1][=Branch1][C][C][=C][C][=C][Ring1][#C][N][=C][C][C][=N][Ring1][#Branch1],True,53
1.2,189,"[1, 39, 31, 16, 36, 37, 31, 31, 39, 31, 16, 25, 15, 31, 16, 41, 14, 31, 16, 25, 31, 16, 16, 31, 16, 37, 16, 41, 15, 39, 2]",[O][C][=C][NH1][N][C][C][O][C][=C][Branch1][=Branch2][C][=C][Ring1][=Branch1][C][=C][Branch1][C][=C][=C][C][=C][N][=C][Ring1][=Branch2][O],True,29
1.2,190,"[1, 39, 16, 36, 39, 16, 26, 42, 15, 5, 14, 18, 41, 25, 31, 16, 25, 39, 31, 16, 31, 31, 16, 41, 5, 44, 31, 16, 31, 16, 25, 5, 37, 25, 39, 37, 31, 31, 39, 31, 16, 31, 16, 25, 41, 14, 18, 42, 41, 4, 31, 31, 31, 16, 31, 39, 41, 39, 2]",[O][=C][NH1][O][=C][Branch2][Ring2][=Branch2][#Branch2][=Branch1][=N][Ring1][Branch1][C][=C][Branch1][O][C][=C][C][C][=C][Ring1][#Branch2][S][C][=C][C][=C][Branch1][#Branch2][N][Branch1][O][N][C][C][O][C][=C][C][=C][Branch1][Ring1][=Branch1][=N][Ring2][Ring1][#Branch1][C][C][C][=C][C][O][Ring1][O],True,57
1.2,191,"[1, 31, 39, 31, 37, 31, 16, 37, 26, 41, 26, 31, 18, 31, 31, 16, 31, 16, 25, 5, 16, 25, 31, 32, 31, 14, 31, 19, 31, 16, 41, 39, 31, 31, 16, 37, 31, 31, 31, 16, 31, 16, 42, 41, 25, 16, 42, 41, 15, 42, 41, 18, 2]",[C][O][C][N][C][=C][N][Branch2][Ring1][Branch2][C][=N][C][C][=C][C][=C][Branch1][#Branch2][=C][Branch1][C][Cl][C][=Branch1][C][=O][C][=C][Ring1][O][C][C][=C][N][C][C][C][=C][C][=C][Ring2][Ring1][Branch1][=C][Ring2][Ring1][=Branch2][Ring2][Ring1][=N],True,51
1.2,192,"[1, 31, 31, 25, 37, 31, 14, 31, 19, 37, 26, 41, 40, 31, 37, 31, 14, 31, 19, 44, 37, 31, 18, 31, 16, 31, 16, 25, 6, 31, 16, 31, 16, 41, 16, 31, 16, 31, 20, 14, 33, 33, 2]",[C][C][Branch1][N][C][=Branch1][C][=O][N][Branch2][Ring1][P][C][N][C][=Branch1][C][=O][S][N][C][=N][C][=C][C][=C][Branch1][#C][C][=C][C][=C][Ring1][=C][C][=C][C][=Ring1][=Branch1][F][F],True,41
1.2,193,"[1, 39, 16, 16, 36, 15, 6, 31, 16, 31, 16, 25, 14, 31, 19, 31, 16, 31, 16, 41, 5, 41, 31, 37, 31, 31, 39, 31, 31, 31, 31, 41, 44, 2]",[O][=C][=C][NH1][=Branch2][#C][C][=C][C][=C][Branch1][=Branch1][C][=O][C][=C][C][=C][Ring1][#Branch2][Ring1][C][N][C][C][O][C][C][C][C][Ring1][S],True,32
1.2,194,"[1, 31, 31, 26, 41, 31, 37, 31, 31, 31, 14, 31, 19, 37, 31, 37, 25, 40, 31, 31, 37, 31, 31, 16, 25, 6, 31, 20, 5, 31, 31, 14, 31, 19, 31, 16, 41, 14, 2]",[C][C][Branch2][Ring1][C][N][C][C][C][=Branch1][C][=O][N][C][N][Branch1][P][C][C][N][C][C][=C][Branch1][#C][C][=Ring1][#Branch2][C][C][=Branch1][C][=O][C][=C][Ring1][=Branch1],True,37
1.2,195,"[1, 37, 31, 16, 31, 18, 31, 18, 16, 25, 15, 31, 41, 18, 37, 31, 31, 16, 41, 44, 31, 39, 41, 14, 44, 31, 25, 31, 33, 32, 20, 5, 42, 41, 6, 2]",[N][C][=C][C][=N][C][=N][=C][Branch1][=Branch2][C][Ring1][=N][N][C][C][=C][Ring1][S][C][O][Ring1][=Branch1][S][C][Branch1][C][F][Cl][=Ring1][#Branch2][Ring2][Ring1][#C],True,34
1.2,196,"[1, 39, 16, 25, 31, 39, 31, 16, 31, 16, 31, 16, 41, 26, 31, 25, 31, 39, 39, 44, 31, 31, 16, 44, 31, 16, 31, 16, 25, 31, 32, 16, 41, 16, 31, 14, 31, 25, 41, 18, 37, 33, 18, 42, 41, 4, 2]",[O][=C][Branch1][C][O][C][=C][C][=C][C][=C][Ring1][Branch2][C][Branch1][C][O][O][S][C][C][=C][S][C][=C][C][=C][Branch1][C][Cl][=C][Ring1][=C][C][=Branch1][C][Branch1][Ring1][=N][N][F][=N][Ring2][Ring1][#Branch1],True,45
1.2,197,"[1, 31, 37, 31, 14, 31, 19, 31, 16, 25, 14, 31, 19, 31, 16, 31, 25, 31, 32, 31, 16, 41, 4, 31, 16, 25, 39, 37, 16, 42, 41, 4, 31, 31, 16, 25, 14, 39, 31, 32, 31, 31, 31, 16, 42, 41, 25, 31, 39, 16, 41, 37, 31, 31, 16, 42, 41, 39, 2]",[C][N][C][=Branch1][C][=O][C][=C][Branch1][=Branch1][C][=O][C][=C][C][Branch1][C][Cl][C][=C][Ring1][#Branch1][C][=C][Branch1][O][N][=C][Ring2][Ring1][#Branch1][C][C][=C][Branch1][=Branch1][O][C][Cl][C][C][C][=C][Ring2][Ring1][Branch1][C][O][=C][Ring1][N][C][C][=C][Ring2][Ring1][O],True,57
1.2,198,"[1, 16, 31, 36, 31, 25, 37, 31, 16, 31, 16, 25, 26, 41, 40, 37, 16, 31, 25, 18, 31, 32, 16, 41, 4, 37, 37, 16, 41, 25, 44, 31, 19, 31, 31, 31, 41, 42, 42, 41, 15, 37, 31, 20, 41, 18, 31, 41, 5, 2]",[=C][C][NH1][C][Branch1][N][C][=C][C][=C][Branch1][Branch2][Ring1][P][N][=C][C][Branch1][=N][C][Cl][=C][Ring1][#Branch1][N][N][=C][Ring1][Branch1][S][C][=O][C][C][C][Ring1][Ring2][Ring2][Ring1][=Branch2][N][C][=Ring1][Ring1][=N][C][Ring1][#Branch2],True,48
1.2,199,"[1, 37, 14, 31, 16, 31, 19, 39, 31, 16, 25, 44, 37, 16, 42, 41, 14, 31, 31, 18, 31, 37, 31, 26, 37, 31, 31, 41, 18, 16, 25, 31, 32, 31, 18, 31, 16, 41, 41, 37, 2]",[N][=Branch1][C][=C][C][=O][O][C][=C][Branch1][S][N][=C][Ring2][Ring1][=Branch1][C][C][=N][C][N][C][Branch2][N][C][C][Ring1][=N][=C][Branch1][C][Cl][C][=N][C][=C][Ring1][Ring1][N],True,39
1.2,200,"[1, 39, 44, 14, 31, 19, 14, 31, 19, 25, 14, 31, 19, 31, 16, 31, 16, 37, 25, 31, 14, 31, 41, 5, 27, 31, 25, 39, 31, 31, 44, 31, 25, 15, 39, 31, 31, 31, 41, 44, 31, 16, 25, 5, 31, 33, 39, 16, 31, 33, 16, 31, 16, 37, 41, 26, 36, 31, 39, 2]",[O][S][=Branch1][C][=O][=Branch1][C][=O][Branch1][=Branch1][C][=O][C][=C][C][=C][N][Branch1][C][=Branch1][C][Ring1][#Branch2][C@@H1][C][Branch1][O][C][C][S][C][Branch1][=Branch2][O][C][C][C][Ring1][S][C][=C][Branch1][#Branch2][C][F][O][=C][C][F][=C][C][=C][N][Ring1][Branch2][NH1][C][O],True,58
1.2,201,"[1, 39, 18, 31, 41, 14, 31, 31, 31, 37, 16, 16, 41, 14, 37, 31, 16, 31, 37, 41, 5, 16, 31, 16, 25, 31, 16, 31, 20, 16, 41, 14, 16, 31, 16, 25, 31, 33, 41, 4, 2]",[O][=N][C][Ring1][=Branch1][C][C][C][N][=C][=C][Ring1][=Branch1][N][C][=C][C][N][Ring1][#Branch2][=C][C][=C][Branch1][C][=C][C][=Ring1][=C][Ring1][=Branch1][=C][C][=C][Branch1][C][F][Ring1][#Branch1],True,39
1.2,202,"[1, 31, 31, 26, 42, 14, 37, 31, 19, 37, 25, 31, 31, 16, 31, 16, 31, 16, 25, 5, 37, 31, 37, 31, 31, 16, 41, 18, 31, 37, 31, 39, 16, 31, 31, 25, 31, 32, 16, 41, 4, 31, 41, 6, 18, 41, 39, 16, 42, 41, 5, 2]",[C][C][Branch2][Ring2][=Branch1][N][C][=O][N][Branch1][C][C][=C][C][=C][C][=C][Branch1][#Branch2][N][C][N][C][C][=C][Ring1][=N][C][N][C][O][=C][C][C][Branch1][C][Cl][=C][Ring1][#Branch1][C][Ring1][#C][=N][Ring1][O][=C][Ring2][Ring1][#Branch2],True,50
1.2,203,"[1, 31, 39, 31, 16, 31, 16, 25, 6, 37, 31, 16, 37, 16, 31, 16, 37, 25, 31, 16, 25, 31, 18, 41, 4, 2]",[C][O][C][=C][C][=C][Branch1][#C][N][C][=C][N][=C][C][=C][N][Branch1][C][=C][Branch1][C][=N][Ring1][#Branch1],True,24
1.2,204,"[1, 31, 39, 31, 16, 26, 41, 37, 37, 16, 37, 31, 31, 16, 31, 14, 31, 19, 31, 14, 31, 19, 31, 31, 25, 16, 31, 31, 16, 25, 37, 16, 25, 14, 31, 32, 31, 20, 5, 31, 33, 16, 42, 41, 18, 2]",[C][O][C][=C][Branch2][Ring1][N][N][=C][N][C][C][=C][C][=Branch1][C][=O][C][=Branch1][C][=O][C][C][Branch1][=C][C][C][=C][Branch1][N][=C][Branch1][=Branch1][C][Cl][C][=Ring1][#Branch2][C][F][=C][Ring2][Ring1][=N],True,44
1.2,205,"[1, 31, 39, 31, 37, 31, 31, 31, 31, 16, 16, 31, 16, 25, 41, 14, 31, 31, 14, 31, 19, 37, 18, 39, 41, 37, 2]",[C][O][C][N][C][C][C][C][=C][=C][C][=C][Branch1][Ring1][=Branch1][C][C][=Branch1][C][=O][N][=N][O][Ring1][N],True,25
1.2,206,"[1, 31, 31, 18, 31, 14, 31, 19, 37, 44, 37, 26, 18, 31, 14, 31, 19, 31, 16, 31, 16, 31, 16, 41, 6, 2]",[C][C][=N][C][=Branch1][C][=O][N][S][N][Branch2][=N][C][=Branch1][C][=O][C][=C][C][=C][C][=C][Ring1][#C],True,24
1.2,207,"[1, 31, 39, 25, 31, 31, 26, 41, 41, 39, 31, 16, 39, 31, 16, 31, 16, 14, 31, 16, 41, 14, 31, 25, 44, 41, 14, 37, 19, 5, 39, 31, 19, 37, 31, 16, 25, 15, 31, 25, 31, 31, 33, 25, 31, 33, 31, 31, 33, 25, 31, 31, 25, 37, 25, 31, 37, 31, 31, 14, 31, 31, 31, 16, 41, 4, 31, 31, 19, 31, 16, 25, 18, 41, 6, 31, 31, 41, 44, 31, 16, 42, 41, 5, 31, 14, 2]",[C][O][Branch1][C][C][Branch2][Ring1][Ring1][O][C][=C][O][C][=C][C][=C][=Branch1][C][=C][Ring1][=Branch1][C][Branch1][S][Ring1][=Branch1][N][=O][#Branch2][O][C][=O][N][C][=C][Branch1][=Branch2][C][Branch1][C][C][F][Branch1][C][F][C][C][F][Branch1][C][C][Branch1][N][Branch1][C][N][C][C][=Branch1][C][C][C][=C][Ring1][#Branch1][C][C][=O][C][=C][Branch1][=N][Ring1][#C][C][C][Ring1][S][C][=C][Ring2][Ring1][#Branch2][C][=Branch1],True,85
1.2,208,"[1, 37, 18, 31, 16, 31, 16, 25, 15, 37, 31, 41, 40, 39, 31, 31, 31, 25, 31, 37, 31, 31, 16, 31, 16, 31, 14, 37, 41, 5, 41, 40, 2]",[N][=N][C][=C][C][=C][Branch1][=Branch2][N][C][Ring1][P][O][C][C][C][Branch1][C][N][C][C][=C][C][=C][C][=Branch1][N][Ring1][#Branch2][Ring1][P],True,31
1.2,209,"[1, 31, 14, 31, 19, 31, 37, 31, 16, 31, 18, 31, 25, 14, 31, 16, 37, 16, 31, 31, 25, 31, 32, 25, 31, 44, 41, 14, 2]",[C][=Branch1][C][=O][C][N][C][=C][C][=N][C][Branch1][=Branch1][C][=C][N][=C][C][C][Branch1][C][Cl][Branch1][C][S][Ring1][=Branch1],True,27
1.2,210,"[1, 31, 31, 37, 25, 31, 31, 31, 26, 41, 26, 31, 31, 25, 31, 31, 41, 26, 37, 31, 31, 31, 37, 31, 19, 31, 16, 31, 26, 41, 37, 27, 25, 31, 31, 37, 41, 4, 31, 25, 40, 41, 14, 18, 31, 16, 16, 25, 44, 41, 4, 39, 31, 31, 41, 16, 42, 41, 18, 2]",[C][C][N][Branch1][C][C][C][Branch2][Ring1][Branch2][C][C][Branch1][C][C][Ring1][Branch2][N][C][C][C][N][C][=O][C][=C][C][Branch2][Ring1][N][C@@H1][Branch1][C][C][N][Ring1][#Branch1][C][Branch1][P][Ring1][=Branch1][=N][C][=C][=C][Branch1][S][Ring1][#Branch1][O][C][C][Ring1][=C][Ring2][Ring1][=N],True,58
1.2,211,"[1, 31, 37, 44, 44, 25, 39, 31, 18, 31, 25, 31, 31, 31, 31, 25, 39, 31, 37, 19, 19, 31, 31, 31, 16, 31, 16, 41, 4, 16, 37, 31, 16, 37, 37, 41, 15, 37, 20, 16, 41, 26, 41, 25, 44, 41, 16, 31, 31, 16, 42, 42, 44, 2]",[C][N][S][S][Branch1][O][C][=N][C][Branch1][C][C][C][C][Branch1][O][C][N][=O][=O][C][C][C][=C][C][=C][Ring1][#Branch1][=C][N][C][=C][N][N][Ring1][=Branch2][N][=Ring1][=C][Ring1][Branch2][Ring1][Branch1][S][Ring1][=C][C][C][=C][Ring2][Ring2][S],True,52
1.2,212,"[1, 31, 39, 31, 16, 31, 16, 25, 39, 31, 16, 31, 16, 41, 4, 37, 26, 41, 41, 37, 31, 31, 31, 31, 31, 41, 41, 31, 31, 25, 5, 31, 39, 37, 31, 31, 42, 31, 31, 31, 25, 31, 41, 37, 31, 25, 42, 41, 4, 29, 25, 31, 16, 31, 2]",[C][O][C][=C][C][=C][Branch1][O][C][=C][C][=C][Ring1][#Branch1][N][Branch2][Ring1][Ring1][N][C][C][C][C][C][Ring1][Ring1][C][C][Branch1][#Branch2][C][O][N][C][C][Ring2][C][C][C][Branch1][C][Ring1][N][C][Branch1][Ring2][Ring1][#Branch1][C@H1][Branch1][C][=C][C],True,53
1.2,213,"[1, 31, 44, 16, 31, 18, 14, 31, 19, 14, 31, 19, 27, 16, 41, 4, 2]",[C][S][=C][C][=N][=Branch1][C][=O][=Branch1][C][=O][C@@H1][=C][Ring1][#Branch1],True,15
1.2,214,"[1, 31, 41, 31, 31, 31, 39, 31, 16, 29, 26, 42, 6, 37, 26, 15, 31, 14, 31, 19, 37, 31, 19, 37, 31, 16, 31, 16, 25, 41, 26, 39, 37, 16, 37, 42, 41, 15, 41, 25, 31, 32, 16, 31, 31, 2]",[C][Ring1][C][C][C][O][C][=C][C@H1][Branch2][Ring2][#C][N][Branch2][=Branch2][C][=Branch1][C][=O][N][C][=O][N][C][=C][C][=C][Branch1][Ring1][Branch2][O][N][=C][N][Ring2][Ring1][=Branch2][Ring1][Branch1][C][Cl][=C][C][C],True,44
1.2,215,"[1, 31, 31, 37, 25, 31, 14, 31, 19, 31, 14, 31, 19, 31, 16, 31, 16, 41, 14, 37, 31, 14, 31, 25, 31, 19, 31, 31, 16, 31, 14, 31, 16, 31, 16, 25, 31, 32, 16, 41, 18, 41, 4, 42, 41, 31, 31, 31, 20, 2]",[C][C][N][Branch1][C][=Branch1][C][=O][C][=Branch1][C][=O][C][=C][C][=C][Ring1][=Branch1][N][C][=Branch1][C][Branch1][C][=O][C][C][=C][C][=Branch1][C][=C][C][=C][Branch1][C][Cl][=C][Ring1][=N][Ring1][#Branch1][Ring2][Ring1][C][C][C][=Ring1],True,48
1.2,216,"[1, 39, 16, 25, 31, 31, 16, 37, 31, 25, 39, 31, 37, 26, 41, 31, 31, 39, 31, 16, 25, 39, 31, 31, 31, 16, 31, 41, 31, 31, 37, 18, 31, 14, 31, 19, 37, 16, 37, 31, 16, 42, 41, 14, 42, 18, 31, 31, 14, 31, 18, 44, 25, 37, 42, 31, 16, 41, 5, 2]",[O][=C][Branch1][C][C][=C][N][C][Branch1][O][C][N][Branch2][Ring1][C][C][O][C][=C][Branch1][O][C][C][C][=C][C][Ring1][C][C][N][=N][C][=Branch1][C][=O][N][=C][N][C][=C][Ring2][Ring1][=Branch1][Ring2][=N][C][C][=Branch1][C][=N][S][Branch1][N][Ring2][C][=C][Ring1][#Branch2],True,58
1.2,217,"[1, 31, 39, 31, 16, 31, 16, 39, 31, 14, 31, 19, 27, 25, 31, 39, 31, 37, 41, 37, 41, 14, 31, 16, 31, 16, 31, 16, 31, 16, 31, 25, 31, 39, 31, 16, 31, 26, 31, 16, 42, 41, 31, 31, 37, 26, 31, 14, 18, 42, 41, 31, 31, 37, 31, 31, 14, 19, 31, 31, 31, 41, 25, 2]",[C][O][C][=C][C][=C][O][C][=Branch1][C][=O][C@@H1][Branch1][C][O][C][N][Ring1][N][Ring1][=Branch1][C][=C][C][=C][C][=C][C][=C][C][Branch1][C][O][C][=C][C][Branch2][C][=C][Ring2][Ring1][C][C][N][Branch2][C][=Branch1][=N][Ring2][Ring1][C][C][N][C][C][=Branch1][=O][C][C][C][Ring1][Branch1],True,62
1.2,218,"[1, 25, 37, 31, 31, 31, 14, 31, 19, 31, 16, 31, 36, 29, 26, 41, 44, 25, 15, 31, 16, 31, 14, 44, 31, 19, 25, 37, 31, 37, 31, 31, 14, 31, 19, 31, 41, 25, 31, 32, 44, 16, 31, 25, 31, 33, 2]",[Branch1][N][C][C][C][=Branch1][C][=O][C][=C][C][NH1][C@H1][Branch2][Ring1][S][Branch1][=Branch2][C][=C][C][=Branch1][S][C][=O][Branch1][N][C][N][C][C][=Branch1][C][=O][C][Ring1][Branch1][C][Cl][S][=C][C][Branch1][C][F],True,45
1.2,219,"[1, 39, 37, 16, 31, 16, 31, 16, 25, 18, 31, 18, 31, 39, 37, 41, 5, 31, 31, 18, 31, 16, 31, 16, 41, 6, 41, 16, 25, 31, 32, 44, 14, 2]",[O][N][=C][C][=C][C][=C][Branch1][=N][C][=N][C][O][N][Ring1][#Branch2][C][C][=N][C][=C][C][=C][Ring1][#C][Ring1][=C][Branch1][C][Cl][S][=Branch1],True,32
1.2,220,"[1, 39, 16, 26, 41, 15, 37, 31, 31, 41, 15, 31, 16, 16, 31, 37, 25, 44, 14, 44, 14, 31, 19, 2]",[O][=C][Branch2][Ring1][=Branch2][N][C][C][Ring1][=Branch2][C][=C][=C][C][N][Branch1][S][=Branch1][S][=Branch1][C][=O],True,22
1.2,221,"[1, 31, 31, 25, 31, 31, 37, 31, 14, 31, 19, 16, 31, 16, 31, 16, 31, 31, 16, 16, 14, 39, 41, 14, 31, 16, 41, 14, 16, 25, 31, 32, 31, 19, 25, 31, 31, 31, 32, 32, 16, 41, 4, 2]",[C][C][Branch1][C][C][N][C][=Branch1][C][=O][=C][C][=C][C][=C][C][C][=C][=C][=Branch1][O][Ring1][=Branch1][C][=C][Ring1][=Branch1][=C][Branch1][C][Cl][C][=O][Branch1][C][C][C][Cl][Cl][=C][Ring1][#Branch1],True,42
1.2,222,"[1, 31, 37, 26, 41, 44, 15, 31, 25, 31, 29, 31, 31, 14, 31, 19, 37, 31, 16, 31, 16, 31, 18, 41, 26, 39, 31, 14, 31, 16, 31, 20, 31, 25, 15, 39, 16, 31, 16, 31, 16, 31, 16, 41, 6, 31, 16, 31, 16, 31, 16, 41, 26, 31, 42, 31, 16, 31, 16, 41, 39, 31, 41, 4, 37, 42, 25, 2]",[C][N][Branch2][Ring1][S][=Branch2][C][Branch1][C][C@H1][C][C][=Branch1][C][=O][N][C][=C][C][=C][C][=N][Ring1][Branch2][O][C][=Branch1][C][=C][C][=Ring1][C][Branch1][=Branch2][O][=C][C][=C][C][=C][C][=C][Ring1][#C][C][=C][C][=C][C][=C][Ring1][Branch2][C][Ring2][C][=C][C][=C][Ring1][O][C][Ring1][#Branch1][N][Ring2][Branch1],True,66
1.2,223,"[1, 31, 31, 31, 31, 25, 16, 37, 25, 18, 31, 16, 31, 16, 31, 25, 31, 31, 37, 25, 40, 37, 25, 14, 31, 19, 31, 31, 37, 31, 25, 31, 31, 16, 41, 41, 16, 41, 16, 31, 20, 5, 2]",[C][C][C][C][Branch1][=C][N][Branch1][=N][C][=C][C][=C][C][Branch1][C][C][N][Branch1][P][N][Branch1][=Branch1][C][=O][C][C][N][C][Branch1][C][C][=C][Ring1][Ring1][=C][Ring1][=C][C][=Ring1][#Branch2],True,41
1.2,224,"[1, 39, 26, 42, 39, 31, 16, 31, 16, 27, 25, 31, 37, 31, 31, 16, 25, 5, 27, 39, 16, 41, 14, 31, 18, 31, 25, 31, 18, 37, 31, 16, 26, 31, 31, 31, 16, 31, 16, 25, 31, 16, 41, 40, 33, 39, 2]",[O][Branch2][Ring2][O][C][=C][C][=C][C@@H1][Branch1][C][N][C][C][=C][Branch1][#Branch2][C@@H1][O][=C][Ring1][=Branch1][C][=N][C][Branch1][C][=N][N][C][=C][Branch2][C][C][C][=C][C][=C][Branch1][C][=C][Ring1][P][F][O],True,45
1.2,225,"[1, 37, 39, 31, 16, 31, 16, 42, 26, 42, 14, 31, 19, 37, 31, 16, 31, 16, 25, 44, 16, 41, 16, 31, 14, 31, 19, 37, 31, 25, 31, 31, 16, 41, 4, 37, 31, 16, 31, 14, 31, 19, 31, 33, 25, 31, 42, 31, 19, 2]",[N][O][C][=C][C][=C][Ring2][Branch2][Ring2][=Branch1][C][=O][N][C][=C][C][=C][Branch1][S][=C][Ring1][=C][C][=Branch1][C][=O][N][C][Branch1][C][C][=C][Ring1][#Branch1][N][C][=C][C][=Branch1][C][=O][C][F][Branch1][C][Ring2][C][=O],True,48
1.2,226,"[1, 31, 37, 44, 14, 31, 19, 37, 44, 14, 31, 19, 14, 31, 19, 14, 31, 19, 14, 41, 16, 31, 16, 31, 16, 37, 29, 42, 31, 16, 31, 16, 41, 4, 31, 25, 41, 6, 2]",[C][N][S][=Branch1][C][=O][N][S][=Branch1][C][=O][=Branch1][C][=O][=Branch1][C][=O][=Branch1][Ring1][=C][C][=C][C][=C][N][C@H1][Ring2][C][=C][C][=C][Ring1][#Branch1][C][Branch1][Ring1][#C],True,37
1.2,227,"[1, 31, 39, 31, 26, 42, 37, 44, 31, 18, 31, 16, 25, 39, 31, 14, 31, 14, 31, 25, 18, 31, 19, 37, 16, 37, 25, 44, 31, 14, 31, 19, 31, 37, 44, 14, 25, 41, 31, 31, 25, 16, 41, 14, 31, 31, 25, 31, 31, 31, 19, 16, 41, 5, 41, 44, 2]",[C][O][C][Branch2][Ring2][N][S][C][=N][C][=C][Branch1][O][C][=Branch1][C][=Branch1][C][Branch1][=N][C][=O][N][=C][N][Branch1][S][C][=Branch1][C][=O][C][N][S][=Branch1][Branch1][Ring1][C][C][Branch1][=C][Ring1][=Branch1][C][C][Branch1][C][C][C][=O][=C][Ring1][#Branch2][Ring1][S],True,55
1.2,228,"[1, 31, 31, 29, 26, 42, 4, 37, 39, 31, 14, 31, 19, 39, 31, 16, 31, 16, 26, 41, 26, 31, 16, 31, 16, 37, 37, 16, 31, 16, 26, 41, 14, 31, 31, 16, 41, 18, 31, 16, 42, 31, 37, 16, 31, 25, 16, 31, 25, 16, 41, 25, 42, 41, 14, 2]",[C][C][C@H1][Branch2][Ring2][#Branch1][N][O][C][=Branch1][C][=O][O][C][=C][C][=C][Branch2][Ring1][Branch2][C][=C][C][=C][N][N][=C][C][=C][Branch2][Ring1][=Branch1][C][C][=C][Ring1][=N][C][=C][Ring2][C][N][=C][C][Branch1][=C][C][Branch1][=C][Ring1][Branch1][Ring2][Ring1][=Branch1],True,54
1.2,229,"[1, 31, 31, 31, 31, 37, 26, 41, 37, 31, 31, 14, 31, 19, 37, 31, 31, 16, 31, 31, 16, 31, 16, 31, 16, 41, 44, 25, 40, 37, 16, 25, 18, 31, 16, 42, 41, 31, 20, 4, 33, 31, 31, 20, 31, 31, 16, 41, 14, 31, 25, 2]",[C][C][C][C][N][Branch2][Ring1][N][C][C][=Branch1][C][=O][N][C][C][=C][C][C][=C][C][=C][C][=C][Ring1][S][Branch1][P][N][=C][Branch1][=N][C][=C][Ring2][Ring1][C][=Ring1][#Branch1][F][C][C][=Ring1][C][C][=C][Ring1][=Branch1][C][Branch1],True,50
1.2,230,"[1, 37, 31, 16, 25, 39, 31, 16, 31, 16, 41, 14, 31, 16, 26, 37, 31, 39, 41, 26, 31, 16, 31, 31, 16, 25, 15, 37, 16, 31, 18, 31, 18, 41, 14, 31, 14, 32, 16, 31, 41, 15, 2]",[N][C][=C][Branch1][O][C][=C][C][=C][Ring1][=Branch1][C][=C][Branch2][N][C][O][Ring1][Branch2][C][=C][C][C][=C][Branch1][=Branch2][N][=C][C][=N][C][=N][Ring1][=Branch1][C][=Branch1][Cl][=C][C][Ring1][=Branch2],True,41
1.2,231,"[1, 31, 31, 39, 31, 16, 25, 15, 37, 31, 16, 31, 16, 42, 14, 31, 19, 37, 31, 16, 31, 16, 31, 16, 31, 25, 4, 37, 31, 39, 39, 16, 41, 18, 31, 25, 31, 16, 41, 39, 31, 37, 41, 14, 19, 2]",[C][C][O][C][=C][Branch1][=Branch2][N][C][=C][C][=C][Ring2][=Branch1][C][=O][N][C][=C][C][=C][C][=C][C][Branch1][#Branch1][N][C][O][O][=C][Ring1][=N][C][Branch1][C][=C][Ring1][O][C][N][Ring1][=Branch1][=O],True,44
1.2,232,"[1, 31, 31, 14, 44, 19, 37, 31, 16, 31, 16, 31, 16, 25, 40, 31, 33, 31, 16, 31, 16, 41, 40, 39, 31, 25, 31, 31, 16, 31, 37, 31, 31, 25, 31, 31, 41, 25, 31, 20, 14, 31, 19, 2]",[C][C][=Branch1][S][=O][N][C][=C][C][=C][C][=C][Branch1][P][C][F][C][=C][C][=C][Ring1][P][O][C][Branch1][C][C][=C][C][N][C][C][Branch1][C][C][Ring1][Branch1][C][=Ring1][=Branch1][C][=O],True,42
1.2,233,"[1, 29, 31, 31, 31, 26, 42, 40, 31, 31, 31, 39, 31, 16, 25, 15, 31, 16, 37, 16, 41, 4, 2]",[C@H1][C][C][C][Branch2][Ring2][P][C][C][C][O][C][=C][Branch1][=Branch2][C][=C][N][=C][Ring1][#Branch1],True,21
1.2,234,"[1, 31, 31, 16, 27, 26, 42, 15, 37, 31, 14, 31, 19, 31, 16, 31, 14, 31, 19, 41, 26, 42, 15, 37, 31, 31, 16, 31, 25, 31, 31, 16, 25, 31, 32, 16, 41, 31, 31, 16, 2]",[C][C][=C][C@@H1][Branch2][Ring2][=Branch2][N][C][=Branch1][C][=O][C][=C][C][=Branch1][C][=O][Ring1][Branch2][Ring2][=Branch2][N][C][C][=C][C][Branch1][C][C][=C][Branch1][C][Cl][=C][Ring1][C][C][=C],True,39
1.2,235,"[1, 31, 37, 25, 16, 31, 16, 31, 16, 25, 14, 31, 25, 31, 39, 31, 14, 31, 31, 19, 37, 31, 16, 31, 41, 16, 36, 42, 41, 40, 37, 31, 18, 2]",[C][N][Branch1][=C][C][=C][C][=C][Branch1][=Branch1][C][Branch1][C][O][C][=Branch1][C][C][=O][N][C][=C][C][Ring1][=C][NH1][Ring2][Ring1][P][N][C][=N],True,32
1.2,236,"[1, 39, 36, 31, 16, 26, 42, 42, 31, 16, 37, 16, 25, 40, 37, 31, 16, 25, 31, 32, 31, 16, 25, 31, 36, 31, 16, 41, 4, 31, 25, 18, 2]",[O][NH1][C][=C][Branch2][Ring2][Ring2][C][=C][N][=C][Branch1][P][N][C][=C][Branch1][C][Cl][C][=C][Branch1][C][NH1][C][=C][Ring1][#Branch1][C][Branch1][=N],True,31
1.2,237,"[1, 31, 37, 25, 39, 31, 14, 31, 19, 29, 26, 42, 14, 31, 19, 31, 16, 31, 16, 31, 16, 31, 16, 25, 31, 33, 32, 18, 41, 18, 41, 4, 16, 31, 14, 31, 16, 42, 41, 31, 16, 31, 25, 31, 33, 39, 31, 25, 31, 37, 41, 14, 31, 19, 37, 16, 42, 42, 41, 14, 39, 31, 31, 2]",[C][N][Branch1][O][C][=Branch1][C][=O][C@H1][Branch2][Ring2][=Branch1][C][=O][C][=C][C][=C][C][=C][C][=C][Branch1][C][F][Cl][=N][Ring1][=N][Ring1][#Branch1][=C][C][=Branch1][C][=C][Ring2][Ring1][C][=C][C][Branch1][C][F][O][C][Branch1][C][N][Ring1][=Branch1][C][=O][N][=C][Ring2][Ring2][Ring1][=Branch1][O][C][C],True,62
1.2,238,"[1, 31, 37, 31, 16, 31, 18, 31, 25, 26, 42, 31, 29, 25, 31, 14, 37, 31, 31, 31, 14, 31, 18, 31, 16, 31, 31, 25, 41, 14, 44, 37, 16, 25, 37, 16, 31, 18, 41, 16, 39, 37, 18, 41, 14, 19, 37, 16, 31, 16, 41, 44, 2]",[C][N][C][=C][C][=N][C][Branch1][Branch2][Ring2][C][C@H1][Branch1][C][=Branch1][N][C][C][C][=Branch1][C][=N][C][=C][C][C][Branch1][Ring1][=Branch1][S][N][=C][Branch1][N][=C][C][=N][Ring1][=C][O][N][=N][Ring1][=Branch1][=O][N][=C][C][=C][Ring1][S],True,51
1.2,239,"[1, 31, 31, 16, 39, 26, 42, 15, 31, 16, 37, 16, 31, 16, 31, 18, 16, 31, 25, 39, 31, 16, 41, 14, 16, 2]",[C][C][=C][O][Branch2][Ring2][=Branch2][C][=C][N][=C][C][=C][C][=N][=C][C][Branch1][O][C][=C][Ring1][=Branch1][=C],True,24
1.2,240,"[1, 31, 31, 16, 31, 18, 31, 41, 14, 31, 19, 37, 41, 37, 31, 37, 16, 31, 18, 31, 16, 25, 15, 18, 31, 25, 25, 16, 39, 31, 16, 31, 16, 31, 42, 41, 18, 41, 2]",[C][C][=C][C][=N][C][Ring1][=Branch1][C][=O][N][Ring1][N][C][N][=C][C][=N][C][=C][Branch1][=Branch2][=N][C][Branch1][Branch1][=C][O][C][=C][C][=C][C][Ring2][Ring1][=N][Ring1],True,37
1.2,241,"[1, 31, 39, 31, 31, 39, 31, 14, 31, 19, 37, 25, 26, 42, 37, 39, 31, 25, 16, 31, 7, 31, 16, 26, 41, 14, 31, 16, 31, 19, 37, 31, 16, 25, 31, 16, 26, 41, 14, 31, 19, 29, 25, 31, 25, 41, 39, 29, 25, 31, 41, 41, 37, 25, 39, 16, 31, 31, 31, 39, 16, 31, 14, 31, 31, 25, 31, 19, 41, 15, 16, 42, 41, 37, 31, 31, 25, 31, 31, 31, 14, 31, 31, 31, 37, 19, 31, 25, 16, 31, 31, 18, 31, 42, 41, 40, 16, 16, 31, 31, 31]",[C][O][C][C][O][C][=Branch1][C][=O][N][Branch1][Branch2][Ring2][N][O][C][Branch1][=C][C][#N][C][=C][Branch2][Ring1][=Branch1][C][=C][C][=O][N][C][=C][Branch1][C][=C][Branch2][Ring1][=Branch1][C][=O][C@H1][Branch1][C][Branch1][Ring1][O][C@H1][Branch1][C][Ring1][Ring1][N][Branch1][O][=C][C][C][C][O][=C][C][=Branch1][C][C][Branch1][C][=O][Ring1][=Branch2][=C][Ring2][Ring1][N][C][C][Branch1][C][C][C][=Branch1][C][C][C][N][=O][C][Branch1][=C][C][C][=N][C][Ring2][Ring1][P][=C][=C][C][C][C],False,100
1.2,242,"[1, 31, 37, 25, 31, 31, 31, 37, 25, 31, 31, 29, 26, 41, 14, 31, 19, 31, 19, 37, 37, 37, 31, 16, 26, 41, 5, 31, 29, 26, 42, 42, 31, 31, 16, 31, 18, 37, 31, 14, 31, 16, 41, 39, 31, 31, 31, 31, 31, 41, 4, 2]",[C][N][Branch1][C][C][C][N][Branch1][C][C][C@H1][Branch2][Ring1][=Branch1][C][=O][C][=O][N][N][N][C][=C][Branch2][Ring1][#Branch2][C][C@H1][Branch2][Ring2][Ring2][C][C][=C][C][=N][N][C][=Branch1][C][=C][Ring1][O][C][C][C][C][C][Ring1][#Branch1],True,50
1.2,243,"[1, 31, 39, 31, 16, 31, 39, 31, 26, 41, 16, 25, 31, 33, 37, 31, 16, 37, 31, 25, 15, 31, 16, 25, 31, 32, 16, 26, 41, 31, 16, 41, 15, 37, 25, 31, 25, 44, 31, 39, 31, 19, 31, 33, 31, 14, 31, 25, 41, 39, 41, 42, 41, 6, 37, 42, 41, 31, 16, 42, 20, 40, 31, 39, 2]",[C][O][C][=C][C][O][C][Branch2][Ring1][=C][Branch1][C][F][N][C][=C][N][C][Branch1][=Branch2][C][=C][Branch1][C][Cl][=C][Branch2][Ring1][C][=C][Ring1][=Branch2][N][Branch1][C][Branch1][S][C][O][C][=O][C][F][C][=Branch1][C][Branch1][Ring1][O][Ring1][Ring2][Ring1][#C][N][Ring2][Ring1][C][=C][Ring2][=Ring1][P][C][O],True,63
1.2,244,"[1, 39, 16, 25, 31, 31, 18, 31, 16, 31, 16, 41, 14, 31, 16, 31, 18, 31, 37, 31, 31, 14, 31, 37, 31, 31, 25, 25, 31, 33, 31, 41, 44, 41, 14, 31, 19, 31, 42, 42, 41, 40, 2]",[O][=C][Branch1][C][C][=N][C][=C][C][=C][Ring1][=Branch1][C][=C][C][=N][C][N][C][C][=Branch1][C][N][C][C][Branch1][Branch1][C][F][C][Ring1][S][Ring1][=Branch1][C][=O][C][Ring2][Ring2][Ring1][P],True,41
1.2,245,"[1, 31, 39, 31, 16, 31, 16, 25, 31, 31, 31, 18, 31, 16, 42, 14, 31, 16, 31, 31, 14, 39, 16, 41, 14, 37, 18, 42, 41, 15, 2]",[C][O][C][=C][C][=C][Branch1][C][C][C][=N][C][=C][Ring2][=Branch1][C][=C][C][C][=Branch1][O][=C][Ring1][=Branch1][N][=N][Ring2][Ring1][=Branch2],True,29
1.2,246,"[1, 39, 16, 39, 26, 41, 44, 31, 39, 39, 31, 39, 31, 16, 37, 25, 31, 18, 16, 31, 18, 31, 31, 32, 41, 18, 37, 31, 39, 31, 31, 41, 26, 31, 16, 42, 41, 14, 37, 36, 31, 41, 14, 37, 25, 2]",[O][=C][O][Branch2][Ring1][S][C][O][O][C][O][C][=C][N][Branch1][C][=N][=C][C][=N][C][C][Cl][Ring1][=N][N][C][O][C][C][Ring1][Branch2][C][=C][Ring2][Ring1][=Branch1][N][NH1][C][Ring1][=Branch1][N][Branch1],True,44
1.2,247,"[1, 31, 37, 16, 31, 37, 25, 5, 29, 31, 31, 25, 31, 31, 39, 31, 31, 16, 42, 16, 42, 16, 41, 14, 16, 25, 31, 31, 2]",[C][N][=C][C][N][Branch1][#Branch2][C@H1][C][C][Branch1][C][C][O][C][C][=C][Ring2][=C][Ring2][=C][Ring1][=Branch1][=C][Branch1][C][C],True,27
1.2,248,"[1, 31, 31, 16, 31, 25, 31, 33, 31, 16, 26, 41, 15, 31, 31, 14, 37, 31, 16, 25, 37, 41, 14, 31, 19, 14, 31, 19, 36, 31, 25, 31, 25, 31, 25, 31, 31, 16, 31, 41, 16, 31, 32, 31, 16, 42, 4, 18, 41, 6, 31, 16, 31, 32, 2]",[C][C][=C][C][Branch1][C][F][C][=C][Branch2][Ring1][=Branch2][C][C][=Branch1][N][C][=C][Branch1][N][Ring1][=Branch1][C][=O][=Branch1][C][=O][NH1][C][Branch1][C][Branch1][C][Branch1][C][C][=C][C][Ring1][=C][C][Cl][C][=C][Ring2][#Branch1][=N][Ring1][#C][C][=C][C][Cl],True,53
1.2,249,"[1, 31, 31, 25, 31, 31, 25, 37, 31, 31, 25, 39, 31, 25, 44, 25, 31, 31, 29, 25, 14, 31, 39, 31, 33, 16, 31, 19, 31, 39, 31, 19, 31, 16, 31, 16, 37, 44, 25, 31, 16, 41, 14, 31, 16, 42, 41, 37, 39, 32, 31, 32, 31, 31, 25, 31, 16, 42, 44, 42, 41, 26, 31, 32, 2]",[C][C][Branch1][C][C][Branch1][N][C][C][Branch1][O][C][Branch1][S][Branch1][C][C][C@H1][Branch1][=Branch1][C][O][C][F][=C][C][=O][C][O][C][=O][C][=C][C][=C][N][S][Branch1][C][=C][Ring1][=Branch1][C][=C][Ring2][Ring1][N][O][Cl][C][Cl][C][C][Branch1][C][=C][Ring2][S][Ring2][Ring1][Branch2][C][Cl],True,63
1.2,250,"[1, 31, 37, 31, 25, 18, 31, 14, 31, 19, 37, 31, 31, 37, 25, 41, 31, 29, 25, 37, 16, 31, 31, 16, 31, 33, 16, 41, 4, 16, 31, 31, 25, 5, 44, 16, 41, 18, 42, 41, 26, 31, 2]",[C][N][C][Branch1][=N][C][=Branch1][C][=O][N][C][C][N][Branch1][Ring1][C][C@H1][Branch1][N][=C][C][C][=C][C][F][=C][Ring1][#Branch1][=C][C][C][Branch1][#Branch2][S][=C][Ring1][=N][Ring2][Ring1][Branch2][C],True,41
1.2,251,"[1, 31, 31, 31, 37, 25, 31, 14, 31, 19, 41, 18, 44, 44, 25, 6, 31, 19, 14, 31, 19, 37, 31, 14, 31, 19, 31, 16, 31, 25, 15, 31, 33, 16, 25, 31, 31, 20, 16, 31, 33, 31, 16, 41, 14, 2]",[C][C][C][N][Branch1][C][=Branch1][C][=O][Ring1][=N][S][S][Branch1][#C][C][=O][=Branch1][C][=O][N][C][=Branch1][C][=O][C][=C][C][Branch1][=Branch2][C][F][=C][Branch1][C][C][=Ring1][=C][C][F][C][=C][Ring1][=Branch1],True,44
1.2,252,"[1, 31, 31, 31, 41, 37, 25, 37, 31, 31, 31, 14, 31, 19, 31, 41, 31, 31, 16, 31, 16, 31, 41, 26, 37, 31, 41, 42, 37, 37, 16, 25, 31, 31, 31, 31, 16, 31, 37, 18, 31, 42, 41, 14, 2]",[C][C][C][Ring1][N][Branch1][N][C][C][C][=Branch1][C][=O][C][Ring1][C][C][=C][C][=C][C][Ring1][Branch2][N][C][Ring1][Ring2][N][N][=C][Branch1][C][C][C][C][=C][C][N][=N][C][Ring2][Ring1][=Branch1],True,43
1.2,253,"[1, 31, 31, 16, 37, 31, 14, 31, 19, 39, 31, 31, 16, 31, 16, 31, 26, 41, 4, 37, 31, 16, 31, 26, 41, 4, 31, 16, 41, 6, 31, 42, 41, 4, 16, 31, 31, 31, 14, 31, 19, 18, 42, 41, 39, 2]",[C][C][=C][N][C][=Branch1][C][=O][O][C][C][=C][C][=C][C][Branch2][Ring1][#Branch1][N][C][=C][C][Branch2][Ring1][#Branch1][C][=C][Ring1][#C][C][Ring2][Ring1][#Branch1][=C][C][C][C][=Branch1][C][=O][=N][Ring2][Ring1][O],True,44
1.2,254,"[1, 37, 31, 16, 44, 16, 39, 16, 42, 18, 39, 31, 16, 41, 5, 16, 31, 39, 36, 37, 31, 25, 14, 37, 31, 19, 31, 37, 16, 25, 31, 32, 18, 41, 42, 41, 31, 2]",[N][C][=C][S][=C][O][=C][Ring2][=N][O][C][=C][Ring1][#Branch2][=C][C][O][NH1][N][C][Branch1][=Branch1][N][C][=O][C][N][=C][Branch1][C][Cl][=N][Ring1][Ring2][Ring1][C],True,36
1.2,255,"[1, 16, 16, 25, 15, 39, 31, 25, 15, 31, 14, 31, 31, 14, 31, 16, 31, 16, 41, 14, 37, 37, 31, 31, 37, 26, 42, 31, 16, 2]",[=C][=C][Branch1][=Branch2][O][C][Branch1][=Branch2][C][=Branch1][C][C][=Branch1][C][=C][C][=C][Ring1][=Branch1][N][N][C][C][N][Branch2][Ring2][C][=C],True,28
1.2,256,"[1, 31, 31, 14, 31, 19, 37, 31, 14, 31, 19, 41, 42, 31, 44, 14, 31, 25, 15, 36, 31, 19, 44, 14, 31, 19, 37, 31, 16, 31, 18, 31, 16, 31, 16, 41, 14, 31, 25, 31, 20, 5, 31, 19, 31, 37, 16, 31, 16, 31, 39, 41, 4, 2]",[C][C][=Branch1][C][=O][N][C][=Branch1][C][=O][Ring1][Ring2][C][S][=Branch1][C][Branch1][=Branch2][NH1][C][=O][S][=Branch1][C][=O][N][C][=C][C][=N][C][=C][C][=C][Ring1][=Branch1][C][Branch1][C][=Ring1][#Branch2][C][=O][C][N][=C][C][=C][C][O][Ring1][#Branch1],True,52
1.2,257,"[1, 31, 31, 31, 31, 16, 31, 16, 31, 16, 31, 16, 41, 6, 31, 42, 41, 18, 42, 41, 2]",[C][C][C][C][=C][C][=C][C][=C][C][=C][Ring1][#C][C][Ring2][Ring1][=N][Ring2][Ring1],True,19
1.2,258,"[1, 31, 39, 39, 37, 31, 16, 25, 18, 37, 27, 31, 31, 14, 31, 19, 39, 26, 44, 37, 31, 39, 31, 16, 31, 31, 31, 16, 26, 25, 44, 31, 31, 33, 31, 37, 16, 31, 31, 25, 18, 31, 16, 25, 41, 25, 16, 31, 39, 16, 41, 26, 18, 42, 41, 25, 31, 42, 42, 41, 41, 39, 2]",[C][O][O][N][C][=C][Branch1][=N][N][C@@H1][C][C][=Branch1][C][=O][O][Branch2][S][N][C][O][C][=C][C][C][C][=C][Branch2][Branch1][S][C][C][F][C][N][=C][C][C][Branch1][=N][C][=C][Branch1][Ring1][Branch1][=C][C][O][=C][Ring1][Branch2][=N][Ring2][Ring1][Branch1][C][Ring2][Ring2][Ring1][Ring1][O],True,61
1.2,259,"[1, 37, 31, 18, 31, 14, 31, 19, 31, 16, 41, 18, 18, 31, 16, 26, 41, 44, 42, 31, 16, 31, 16, 25, 31, 31, 33, 25, 31, 16, 39, 31, 25, 25, 31, 33, 33, 31, 31, 33, 33, 32, 16, 41, 14, 31, 32, 31, 19, 37, 16, 41, 39, 31, 33, 44, 41, 44, 19, 19, 2]",[N][C][=N][C][=Branch1][C][=O][C][=C][Ring1][=N][=N][C][=C][Branch2][Ring1][S][Ring2][C][=C][C][=C][Branch1][C][C][F][Branch1][C][=C][O][C][Branch1][Branch1][C][F][F][C][C][F][F][Cl][=C][Ring1][=Branch1][C][Cl][C][=O][N][=C][Ring1][O][C][F][S][Ring1][S][=O][=O],True,59
1.2,260,"[1, 31, 31, 39, 31, 16, 26, 42, 18, 37, 31, 16, 31, 16, 41, 4, 31, 16, 31, 42, 31, 31, 39, 31, 16, 41, 15, 31, 37, 31, 25, 18, 41, 14, 37, 31, 25, 15, 16, 31, 14, 31, 19, 19, 39, 41, 41, 5, 31, 31, 42, 41, 39, 31, 25, 31, 41, 6, 31, 16, 42, 41, 14, 2]",[C][C][O][C][=C][Branch2][Ring2][=N][N][C][=C][C][=C][Ring1][#Branch1][C][=C][C][Ring2][C][C][O][C][=C][Ring1][=Branch2][C][N][C][Branch1][=N][Ring1][=Branch1][N][C][Branch1][=Branch2][=C][C][=Branch1][C][=O][=O][O][Ring1][Ring1][#Branch2][C][C][Ring2][Ring1][O][C][Branch1][C][Ring1][#C][C][=C][Ring2][Ring1][=Branch1],True,62
1.2,261,"[1, 29, 16, 27, 25, 31, 31, 31, 31, 14, 31, 19, 44, 14, 31, 19, 39, 44, 14, 31, 19, 14, 31, 19, 25, 6, 31, 37, 31, 31, 31, 31, 31, 26, 41, 15, 31, 41, 40, 31, 16, 25, 31, 16, 26, 31, 39, 31, 16, 42, 41, 4, 37, 31, 41, 40, 44, 31, 31, 31, 42, 41, 14, 31, 37, 2]",[C@H1][=C][C@@H1][Branch1][C][C][C][C][=Branch1][C][=O][S][=Branch1][C][=O][O][S][=Branch1][C][=O][=Branch1][C][=O][Branch1][#C][C][N][C][C][C][C][C][Branch2][Ring1][=Branch2][C][Ring1][P][C][=C][Branch1][C][=C][Branch2][C][O][C][=C][Ring2][Ring1][#Branch1][N][C][Ring1][P][S][C][C][C][Ring2][Ring1][=Branch1][C][N],True,64
1.2,262,"[1, 31, 31, 16, 31, 18, 41, 14, 31, 19, 31, 16, 31, 14, 31, 19, 39, 31, 18, 31, 31, 16, 41, 14, 39, 41, 31, 25, 5, 37, 31, 16, 42, 41, 26, 31, 19, 39, 25, 37, 31, 16, 31, 33, 14, 31, 25, 31, 33, 25, 31, 25, 31, 14, 31, 37, 37, 19, 19, 31, 31, 14, 2]",[C][C][=C][C][=N][Ring1][=Branch1][C][=O][C][=C][C][=Branch1][C][=O][O][C][=N][C][C][=C][Ring1][=Branch1][O][Ring1][C][Branch1][#Branch2][N][C][=C][Ring2][Ring1][Branch2][C][=O][O][Branch1][N][C][=C][C][F][=Branch1][C][Branch1][C][F][Branch1][C][Branch1][C][=Branch1][C][N][N][=O][=O][C][C][=Branch1],True,61
1.2,263,"[1, 31, 31, 37, 31, 25, 41, 42, 37, 26, 41, 42, 31, 37, 31, 16, 31, 16, 25, 15, 15, 31, 16, 41, 14, 16, 31, 16, 2]",[C][C][N][C][Branch1][Ring1][Ring2][N][Branch2][Ring1][Ring2][C][N][C][=C][C][=C][Branch1][=Branch2][=Branch2][C][=C][Ring1][=Branch1][=C][C][=C],True,27
1.2,264,"[1, 31, 37, 25, 31, 18, 31, 31, 18, 31, 16, 31, 25, 4, 16, 31, 31, 31, 31, 18, 41, 6, 31, 18, 31, 20, 4, 31, 31, 16, 31, 16, 25, 31, 41, 44, 31, 16, 41, 18, 20, 14, 31, 41, 16, 41, 15, 2]",[C][N][Branch1][C][=N][C][C][=N][C][=C][C][Branch1][#Branch1][=C][C][C][C][C][=N][Ring1][#C][C][=N][C][=Ring1][#Branch1][C][C][=C][C][=C][Branch1][C][Ring1][S][C][=C][Ring1][=N][=Ring1][=Branch1][C][Ring1][=C][Ring1][=Branch2],True,46
1.2,265,"[1, 31, 39, 31, 16, 31, 16, 31, 14, 31, 19, 31, 16, 25, 37, 31, 31, 31, 37, 37, 31, 31, 39, 31, 16, 31, 25, 41, 6, 31, 39, 36, 37, 16, 26, 37, 26, 41, 16, 31, 16, 42, 41, 25, 15, 44, 31, 31, 41, 40, 42, 41, 15, 2]",[C][O][C][=C][C][=C][C][=Branch1][C][=O][C][=C][Branch1][N][C][C][C][N][N][C][C][O][C][=C][C][Branch1][Ring1][#C][C][O][NH1][N][=C][Branch2][N][Branch2][Ring1][=C][C][=C][Ring2][Ring1][Branch1][=Branch2][S][C][C][Ring1][P][Ring2][Ring1][=Branch2],True,52
1.2,266,"[1, 16, 31, 37, 25, 39, 31, 25, 31, 33, 25, 41, 25, 42, 33, 31, 29, 25, 31, 31, 31, 39, 31, 33, 25, 41, 15, 27, 26, 39, 31, 25, 25, 18, 37, 44, 31, 16, 25, 31, 33, 26, 31, 33, 33, 25, 15, 31, 32, 44, 16, 31, 41, 4, 33, 25, 31, 25, 31, 31, 31, 16, 19, 19, 42, 6, 2]",[=C][C][N][Branch1][O][C][Branch1][C][F][Branch1][Ring1][Branch1][Ring2][F][C][C@H1][Branch1][C][C][C][O][C][F][Branch1][Ring1][=Branch2][C@@H1][Branch2][O][C][Branch1][Branch1][=N][N][S][C][=C][Branch1][C][F][Branch2][C][F][F][Branch1][=Branch2][C][Cl][S][=C][C][Ring1][#Branch1][F][Branch1][C][Branch1][C][C][C][=C][=O][=O][Ring2][#C],True,65
1.2,267,"[1, 31, 31, 31, 37, 16, 26, 41, 31, 29, 25, 31, 14, 37, 31, 31, 31, 31, 18, 31, 16, 26, 41, 14, 31, 19, 37, 31, 16, 25, 31, 33, 16, 41, 39, 31, 31, 31, 41, 6, 31, 42, 42, 37, 16, 31, 16, 31, 16, 16, 42, 41, 4, 2]",[C][C][C][N][=C][Branch2][Ring1][C][C@H1][Branch1][C][=Branch1][N][C][C][C][C][=N][C][=C][Branch2][Ring1][=Branch1][C][=O][N][C][=C][Branch1][C][F][=C][Ring1][O][C][C][C][Ring1][#C][C][Ring2][Ring2][N][=C][C][=C][C][=C][=C][Ring2][Ring1][#Branch1],True,52
1.2,268,"[1, 31, 39, 37, 31, 31, 16, 26, 41, 5, 44, 31, 16, 31, 16, 37, 16, 31, 16, 31, 16, 25, 15, 37, 41, 5, 31, 37, 41, 14, 31, 16, 31, 25, 31, 39, 41, 44, 42, 41, 4, 32, 2]",[C][O][N][C][C][=C][Branch2][Ring1][#Branch2][S][C][=C][C][=C][N][=C][C][=C][C][=C][Branch1][=Branch2][N][Ring1][#Branch2][C][N][Ring1][=Branch1][C][=C][C][Branch1][C][O][Ring1][S][Ring2][Ring1][#Branch1][Cl],True,41
1.2,269,"[1, 31, 31, 14, 37, 19, 44, 31, 25, 14, 31, 19, 31, 16, 25, 44, 31, 31, 25, 31, 14, 31, 32, 31, 19, 14, 31, 19, 31, 19, 14, 16, 26, 41, 14, 31, 33, 25, 31, 19, 39, 31, 16, 2]",[C][C][=Branch1][N][=O][S][C][Branch1][=Branch1][C][=O][C][=C][Branch1][S][C][C][Branch1][C][=Branch1][C][Cl][C][=O][=Branch1][C][=O][C][=O][=Branch1][=C][Branch2][Ring1][=Branch1][C][F][Branch1][C][=O][O][C][=C],True,42
1.2,270,"[1, 31, 31, 39, 31, 31, 16, 25, 5, 37, 31, 16, 31, 37, 31, 18, 31, 16, 31, 14, 31, 25, 18, 42, 41, 5, 2]",[C][C][O][C][C][=C][Branch1][#Branch2][N][C][=C][C][N][C][=N][C][=C][C][=Branch1][C][Branch1][=N][Ring2][Ring1][#Branch2],True,25
1.2,271,"[1, 39, 25, 31, 31, 31, 41, 39, 31, 16, 31, 16, 25, 15, 44, 31, 16, 25, 41, 14, 31, 31, 37, 25, 25, 25, 37, 31, 19, 31, 37, 31, 31, 19, 31, 31, 16, 31, 32, 44, 31, 16, 31, 16, 42, 41, 26, 41, 4, 31, 41, 25, 36, 2]",[O][Branch1][C][C][C][Ring1][O][C][=C][C][=C][Branch1][=Branch2][S][C][=C][Branch1][Ring1][=Branch1][C][C][N][Branch1][Branch1][Branch1][N][C][=O][C][N][C][C][=O][C][C][=C][C][Cl][S][C][=C][C][=C][Ring2][Ring1][Branch2][Ring1][#Branch1][C][Ring1][Branch1][NH1],True,52
1.2,272,"[1, 39, 16, 16, 25, 16, 39, 31, 16, 37, 41, 44, 27, 25, 41, 25, 39, 41, 39, 31, 39, 31, 18, 31, 16, 39, 31, 39, 31, 41, 42, 41, 14, 2]",[O][=C][=C][Branch1][=C][O][C][=C][N][Ring1][S][C@@H1][Branch1][Ring1][Branch1][O][Ring1][O][C][O][C][=N][C][=C][O][C][O][C][Ring1][Ring2][Ring1][=Branch1],True,32
1.2,273,"[1, 31, 39, 25, 18, 31, 16, 31, 16, 31, 26, 41, 25, 42, 37, 31, 31, 18, 29, 25, 31, 31, 25, 31, 31, 39, 31, 39, 41, 4, 33, 31, 25, 15, 31, 31, 25, 16, 25, 31, 33, 32, 33, 19, 31, 31, 42, 41, 4, 31, 31, 25, 31, 31, 31, 31, 41, 41, 18, 31, 31, 41, 41, 6, 33, 33, 33, 33, 25, 44, 19, 36, 16, 31, 39, 31, 41, 15, 31, 42, 41, 15, 33, 2]",[C][O][Branch1][=N][C][=C][C][=C][C][Branch2][Ring1][Branch1][Ring2][N][C][C][=N][C@H1][Branch1][C][C][Branch1][C][C][O][C][O][Ring1][#Branch1][F][C][Branch1][=Branch2][C][C][Branch1][=C][Branch1][C][F][Cl][F][=O][C][C][Ring2][Ring1][#Branch1][C][C][Branch1][C][C][C][C][Ring1][Ring1][=N][C][C][Ring1][Ring1][#C][F][F][F][F][Branch1][S][=O][NH1][=C][C][O][C][Ring1][=Branch2][C][Ring2][Ring1][=Branch2][F],True,82
1.2,274,"[1, 44, 18, 25, 31, 31, 31, 41, 14, 18, 31, 16, 31, 16, 31, 16, 25, 16, 25, 39, 31, 32, 32, 16, 41, 14, 41, 40, 16, 31, 31, 33, 39, 37, 2]",[S][=N][Branch1][C][C][C][Ring1][=Branch1][=N][C][=C][C][=C][C][=C][Branch1][=C][Branch1][O][C][Cl][Cl][=C][Ring1][=Branch1][Ring1][P][=C][C][C][F][O][N],True,33
1.2,275,"[1, 37, 25, 31, 16, 31, 31, 16, 37, 16, 25, 5, 2]",[N][Branch1][C][=C][C][C][=C][N][=C][Branch1][#Branch2],True,11
1.2,276,"[1, 31, 31, 16, 37, 16, 26, 41, 16, 25, 31, 39, 37, 29, 31, 25, 31, 32, 31, 31, 14, 31, 19, 18, 41, 15, 31, 16, 31, 37, 37, 37, 42, 31, 25, 15, 31, 33, 31, 31, 41, 6, 31, 41, 14, 44, 36, 42, 41, 31, 31, 41, 44, 37, 44, 39, 42, 14, 33, 16, 31, 25, 31, 32, 18, 37, 2]",[C][C][=C][N][=C][Branch2][Ring1][=C][Branch1][C][O][N][C@H1][C][Branch1][C][Cl][C][C][=Branch1][C][=O][=N][Ring1][=Branch2][C][=C][C][N][N][N][Ring2][C][Branch1][=Branch2][C][F][C][C][Ring1][#C][C][Ring1][=Branch1][S][NH1][Ring2][Ring1][C][C][Ring1][S][N][S][O][Ring2][=Branch1][F][=C][C][Branch1][C][Cl][=N][N],True,65
1.2,277,"[1, 44, 31, 16, 31, 16, 25, 41, 4, 39, 31, 18, 31, 16, 25, 31, 14, 16, 39, 39, 31, 31, 19, 14, 39, 31, 16, 26, 41, 14, 31, 16, 31, 19, 37, 25, 15, 31, 31, 16, 42, 41, 6, 37, 31, 37, 25, 16, 25, 25, 16, 42, 41, 40, 2]",[S][C][=C][C][=C][Branch1][Ring1][#Branch1][O][C][=N][C][=C][Branch1][C][=Branch1][=C][O][O][C][C][=O][=Branch1][O][C][=C][Branch2][Ring1][=Branch1][C][=C][C][=O][N][Branch1][=Branch2][C][C][=C][Ring2][Ring1][#C][N][C][N][Branch1][=C][Branch1][Branch1][=C][Ring2][Ring1][P],True,53
1.2,278,"[1, 39, 16, 31, 16, 31, 25, 5, 2]",[O][=C][C][=C][C][Branch1][#Branch2],True,7
1.2,279,"[1, 31, 37, 31, 26, 41, 18, 31, 18, 31, 14, 31, 19, 41, 31, 25, 31, 33, 37, 31, 16, 31, 18, 31, 16, 26, 41, 41, 44, 39, 31, 25, 31, 16, 31, 31, 33, 44, 31, 16, 31, 16, 31, 41, 4, 31, 16, 31, 25, 31, 33, 25, 31, 14, 18, 31, 16, 41, 40, 2]",[C][N][C][Branch2][Ring1][=N][C][=N][C][=Branch1][C][=O][Ring1][C][Branch1][C][F][N][C][=C][C][=N][C][=C][Branch2][Ring1][Ring1][S][O][C][Branch1][C][=C][C][C][F][S][C][=C][C][=C][C][Ring1][#Branch1][C][=C][C][Branch1][C][F][Branch1][C][=Branch1][=N][C][=C][Ring1][P],True,58
1.2,280,"[1, 31, 31, 14, 39, 19, 31, 26, 31, 31, 14, 31, 19, 37, 31, 31, 14, 31, 19, 31, 31, 16, 39, 31, 16, 44, 44, 41, 14, 31, 19, 14, 31, 19, 31, 25, 42, 41, 14, 31, 25, 31, 39, 2]",[C][C][=Branch1][O][=O][C][Branch2][C][C][=Branch1][C][=O][N][C][C][=Branch1][C][=O][C][C][=C][O][C][=C][S][S][Ring1][=Branch1][C][=O][=Branch1][C][=O][C][Branch1][Ring2][Ring1][=Branch1][C][Branch1][C][O],True,42
1.2,281,"[1, 31, 31, 39, 31, 25, 31, 37, 31, 16, 31, 39, 31, 37, 26, 41, 14, 31, 19, 31, 25, 5, 16, 31, 16, 25, 15, 31, 20, 15, 31, 16, 25, 15, 31, 16, 41, 18, 2]",[C][C][O][C][Branch1][C][N][C][=C][C][O][C][N][Branch2][Ring1][=Branch1][C][=O][C][Branch1][#Branch2][=C][C][=C][Branch1][=Branch2][C][=Ring1][=Branch2][C][=C][Branch1][=Branch2][C][=C][Ring1][=N],True,37
1.2,282,"[1, 39, 19, 44, 39, 37, 16, 31, 39, 27, 31, 16, 31, 16, 31, 25, 4, 39, 31, 31, 31, 31, 41, 26, 39, 31, 16, 25, 15, 31, 31, 25, 5, 31, 14, 39, 31, 31, 16, 31, 16, 31, 16, 41, 31, 18, 31, 14, 31, 19, 37, 26, 41, 6, 39, 31, 25, 15, 32, 16, 19, 41, 14, 31, 41, 15, 31, 39, 25, 31, 39, 31, 33, 32, 33, 2]",[O][=O][S][O][N][=C][C][O][C@@H1][C][=C][C][=C][C][Branch1][#Branch1][O][C][C][C][C][Ring1][Branch2][O][C][=C][Branch1][=Branch2][C][C][Branch1][#Branch2][C][=Branch1][O][C][C][=C][C][=C][C][=C][Ring1][C][=N][C][=Branch1][C][=O][N][Branch2][Ring1][#C][O][C][Branch1][=Branch2][Cl][=C][=O][Ring1][=Branch1][C][Ring1][=Branch2][C][O][Branch1][C][O][C][F][Cl][F],True,74
1.2,283,"[1, 37, 31, 14, 42, 19, 39, 31, 16, 31, 16, 31, 16, 31, 26, 41, 14, 31, 14, 31, 19, 37, 31, 41, 5, 31, 31, 31, 31, 16, 31, 16, 44, 16, 41, 4, 32, 31, 16, 31, 25, 42, 41, 39, 36, 31, 37, 31, 18, 31, 18, 42, 41, 6, 16, 2]",[N][C][=Branch1][Ring2][=O][O][C][=C][C][=C][C][=C][C][Branch2][Ring1][=Branch1][C][=Branch1][C][=O][N][C][Ring1][#Branch2][C][C][C][C][=C][C][=C][S][=C][Ring1][#Branch1][Cl][C][=C][C][Branch1][Ring2][Ring1][O][NH1][C][N][C][=N][C][=N][Ring2][Ring1][#C][=C],True,54
1.2,284,"[1, 31, 39, 31, 16, 31, 39, 31, 26, 41, 4, 37, 31, 25, 37, 39, 31, 31, 31, 16, 31, 16, 25, 6, 27, 31, 16, 42, 41, 37, 37, 31, 37, 16, 25, 15, 31, 37, 41, 31, 31, 31, 18, 42, 41, 14, 33, 37, 31, 25, 16, 31, 31, 42, 41, 18, 31, 42, 41, 14, 31, 42, 31, 19, 33, 2]",[C][O][C][=C][C][O][C][Branch2][Ring1][#Branch1][N][C][Branch1][N][O][C][C][C][=C][C][=C][Branch1][#C][C@@H1][C][=C][Ring2][Ring1][N][N][C][N][=C][Branch1][=Branch2][C][N][Ring1][C][C][C][=N][Ring2][Ring1][=Branch1][F][N][C][Branch1][=C][C][C][Ring2][Ring1][=N][C][Ring2][Ring1][=Branch1][C][Ring2][C][=O][F],True,64
1.2,285,"[1, 41, 31, 26, 31, 16, 31, 16, 31, 16, 31, 16, 41, 14, 37, 37, 41, 31, 18, 2]",[Ring1][C][Branch2][C][=C][C][=C][C][=C][C][=C][Ring1][=Branch1][N][N][Ring1][C][=N],True,18
1.2,286,"[1, 31, 37, 25, 31, 31, 19, 39, 31, 31, 31, 31, 16, 25, 31, 33, 16, 25, 15, 31, 33, 33, 19, 31, 16, 31, 16, 41, 15, 32, 16, 31, 25, 5, 39, 31, 42, 41, 4, 18, 19, 31, 31, 33, 37, 16, 44, 31, 37, 31, 31, 16, 42, 25, 31, 14, 2]",[C][N][Branch1][C][C][=O][O][C][C][C][C][=C][Branch1][C][F][=C][Branch1][=Branch2][C][F][F][=O][C][=C][C][=C][Ring1][=Branch2][Cl][=C][C][Branch1][#Branch2][O][C][Ring2][Ring1][#Branch1][=N][=O][C][C][F][N][=C][S][C][N][C][C][=C][Ring2][Branch1][C][=Branch1],True,55
1.2,287,"[1, 31, 37, 31, 16, 31, 16, 25, 14, 39, 31, 19, 39, 31, 16, 31, 16, 31, 14, 41, 26, 31, 31, 37, 31, 31, 41, 39, 31, 31, 26, 2]",[C][N][C][=C][C][=C][Branch1][=Branch1][O][C][=O][O][C][=C][C][=C][C][=Branch1][Ring1][Branch2][C][C][N][C][C][Ring1][O][C][C][Branch2],True,30
1.2,288,"[1, 31, 37, 31, 14, 31, 19, 31, 16, 31, 16, 31, 16, 41, 14, 31, 16, 41, 16, 25, 16, 41, 40, 16, 31, 16, 37, 18, 41, 44, 2]",[C][N][C][=Branch1][C][=O][C][=C][C][=C][C][=C][Ring1][=Branch1][C][=C][Ring1][=C][Branch1][=C][Ring1][P][=C][C][=C][N][=N][Ring1][S],True,29
1.2,289,"[1, 37, 31, 16, 31, 25, 31, 32, 31, 16, 41, 4, 31, 37, 31, 16, 31, 16, 41, 39, 31, 14, 31, 39, 25, 31, 31, 25, 15, 2]",[N][C][=C][C][Branch1][C][Cl][C][=C][Ring1][#Branch1][C][N][C][=C][C][=C][Ring1][O][C][=Branch1][C][O][Branch1][C][C][Branch1][=Branch2],True,28
1.2,290,"[1, 31, 37, 31, 37, 37, 31, 31, 37, 16, 31, 18, 31, 16, 25, 6, 31, 31, 16, 41, 37, 42, 41, 4, 18, 18, 42, 31, 18, 41, 25, 14, 18, 37, 31, 14, 44, 31, 18, 37, 16, 31, 19, 25, 44, 41, 18, 39, 31, 31, 31, 14, 31, 25, 14, 31, 19, 31, 37, 41, 25, 42, 41, 31, 31, 31, 41, 40, 18, 2]",[C][N][C][N][N][C][C][N][=C][C][=N][C][=C][Branch1][#C][C][C][=C][Ring1][N][Ring2][Ring1][#Branch1][=N][=N][Ring2][C][=N][Ring1][Branch1][=Branch1][=N][N][C][=Branch1][S][C][=N][N][=C][C][=O][Branch1][S][Ring1][=N][O][C][C][C][=Branch1][C][Branch1][=Branch1][C][=O][C][N][Ring1][Branch1][Ring2][Ring1][C][C][C][Ring1][P][=N],True,68
1.2,291,"[1, 37, 31, 15, 39, 19, 26, 41, 15, 37, 31, 18, 31, 16, 31, 18, 37, 31, 41, 5, 31, 16, 31, 39, 44, 31, 31, 16, 41, 14, 39, 31, 16, 31, 16, 31, 31, 41, 39, 18, 41, 4, 18, 2]",[N][C][=Branch2][O][=O][Branch2][Ring1][=Branch2][N][C][=N][C][=C][C][=N][N][C][Ring1][#Branch2][C][=C][C][O][S][C][C][=C][Ring1][=Branch1][O][C][=C][C][=C][C][C][Ring1][O][=N][Ring1][#Branch1][=N],True,42
1.2,292,"[1, 39, 16, 31, 16, 25, 31, 16, 31, 25, 31, 31, 32, 16, 31, 14, 15, 37, 25, 6, 31, 31, 31, 31, 16, 42, 41, 4, 37, 31, 16, 37, 16, 37, 41, 14, 31, 31, 31, 42, 41, 39, 31, 37, 25, 2]",[O][=C][C][=C][Branch1][C][=C][C][Branch1][C][C][Cl][=C][C][=Branch1][=Branch2][N][Branch1][#C][C][C][C][C][=C][Ring2][Ring1][#Branch1][N][C][=C][N][=C][N][Ring1][=Branch1][C][C][C][Ring2][Ring1][O][C][N][Branch1],True,44
1.2,293,"[1, 31, 31, 16, 25, 31, 27, 26, 42, 31, 16, 31, 39, 31, 14, 31, 19, 39, 31, 16, 31, 16, 25, 6, 37, 16, 31, 16, 31, 16, 31, 16, 26, 41, 37, 37, 31, 31, 25, 31, 42, 41, 41, 41, 16, 31, 25, 31, 14, 31, 16, 42, 41, 18, 41, 44, 42, 41, 37, 2]",[C][C][=C][Branch1][C][C@@H1][Branch2][Ring2][C][=C][C][O][C][=Branch1][C][=O][O][C][=C][C][=C][Branch1][#C][N][=C][C][=C][C][=C][C][=C][Branch2][Ring1][N][N][C][C][Branch1][C][Ring2][Ring1][Ring1][Ring1][=C][C][Branch1][C][=Branch1][C][=C][Ring2][Ring1][=N][Ring1][S][Ring2][Ring1][N],True,58
1.2,294,"[1, 39, 16, 31, 39, 31, 39, 16, 31, 16, 25, 31, 31, 16, 41, 4, 33, 33, 41, 6, 31, 41, 15, 37, 31, 14, 31, 31, 19, 37, 42, 31, 31, 16, 42, 41, 41, 37, 27, 25, 31, 31, 16, 31, 16, 39, 42, 41, 39, 2]",[O][=C][C][O][C][O][=C][C][=C][Branch1][C][C][=C][Ring1][#Branch1][F][F][Ring1][#C][C][Ring1][=Branch2][N][C][=Branch1][C][C][=O][N][Ring2][C][C][=C][Ring2][Ring1][Ring1][N][C@@H1][Branch1][C][C][=C][C][=C][O][Ring2][Ring1][O],True,48
1.2,295,"[1, 31, 31, 26, 37, 25, 5, 31, 37, 31, 14, 31, 19, 31, 16, 44, 39, 31, 16, 31, 16, 41, 14, 39, 16, 25, 31, 37, 16, 42, 41, 31, 16, 31, 37, 16, 31, 16, 31, 42, 41, 18, 31, 16, 41, 14, 2]",[C][C][Branch2][N][Branch1][#Branch2][C][N][C][=Branch1][C][=O][C][=C][S][O][C][=C][C][=C][Ring1][=Branch1][O][=C][Branch1][C][N][=C][Ring2][Ring1][C][=C][C][N][=C][C][=C][C][Ring2][Ring1][=N][C][=C][Ring1][=Branch1],True,45
1.2,296,"[1, 37, 27, 25, 39, 19, 44, 26, 41, 26, 42, 14, 31, 19, 31, 31, 16, 31, 16, 31, 25, 39, 31, 39, 31, 16, 37, 27, 25, 41, 4, 37, 39, 31, 32, 31, 31, 33, 14, 31, 19, 33, 25, 15, 31, 37, 41, 40, 31, 31, 25, 14, 31, 41, 44, 18, 42, 41, 14, 36, 31, 19, 14, 31, 32, 25, 33, 33, 33, 32, 32, 33, 24, 36, 25, 2]",[N][C@@H1][Branch1][O][=O][S][Branch2][Ring1][Branch2][Ring2][=Branch1][C][=O][C][C][=C][C][=C][C][Branch1][O][C][O][C][=C][N][C@@H1][Branch1][Ring1][#Branch1][N][O][C][Cl][C][C][F][=Branch1][C][=O][F][Branch1][=Branch2][C][N][Ring1][P][C][C][Branch1][=Branch1][C][Ring1][S][=N][Ring2][Ring1][=Branch1][NH1][C][=O][=Branch1][C][Cl][Branch1][F][F][F][Cl][Cl][F][Br][NH1][Branch1],True,74
1.2,297,"[1, 44, 31, 25, 31, 39, 31, 26, 31, 29, 31, 31, 26, 41, 31, 39, 44, 14, 31, 19, 31, 32, 31, 31, 19, 14, 31, 18, 31, 25, 5, 31, 14, 31, 19, 14, 42, 41, 39, 31, 19, 41, 18, 31, 33, 44, 31, 32, 31, 16, 31, 19, 41, 15, 31, 33, 25, 41, 14, 16, 33, 32, 32, 2]",[S][C][Branch1][C][O][C][Branch2][C][C@H1][C][C][Branch2][Ring1][C][O][S][=Branch1][C][=O][C][Cl][C][C][=O][=Branch1][C][=N][C][Branch1][#Branch2][C][=Branch1][C][=O][=Branch1][Ring2][Ring1][O][C][=O][Ring1][=N][C][F][S][C][Cl][C][=C][C][=O][Ring1][=Branch2][C][F][Branch1][Ring1][=Branch1][=C][F][Cl][Cl],True,62
1.2,298,"[1, 37, 31, 39, 25, 4, 31, 19, 37, 31, 16, 31, 16, 31, 16, 31, 41, 25, 31, 31, 39, 31, 31, 16, 31, 16, 31, 25, 31, 20, 25, 39, 41, 6, 16, 42, 41, 31, 31, 36, 31, 14, 31, 31, 19, 31, 41, 14, 2]",[N][C][O][Branch1][#Branch1][C][=O][N][C][=C][C][=C][C][=C][C][Ring1][Branch1][C][C][O][C][C][=C][C][=C][C][Branch1][C][=Ring1][Branch1][O][Ring1][#C][=C][Ring2][Ring1][C][C][NH1][C][=Branch1][C][C][=O][C][Ring1][=Branch1],True,47
1.2,299,"[1, 39, 16, 26, 41, 31, 39, 31, 25, 31, 39, 31, 25, 6, 31, 39, 31, 31, 31, 39, 31, 16, 31, 16, 41, 18, 31, 16, 31, 16, 25, 31, 25, 15, 32, 29, 31, 39, 31, 31, 31, 25, 31, 31, 33, 31, 39, 42, 42, 41, 5, 33, 37, 2]",[O][=C][Branch2][Ring1][C][O][C][Branch1][C][O][C][Branch1][#C][C][O][C][C][C][O][C][=C][C][=C][Ring1][=N][C][=C][C][=C][Branch1][C][Branch1][=Branch2][Cl][C@H1][C][O][C][C][C][Branch1][C][C][F][C][O][Ring2][Ring2][Ring1][#Branch2][F][N],True,52
