generated_canonical_smiles,generated_selfies,temperature,graph_sequence_cosine,nearest_training_canonical_smiles,nearest_embedding_cosine,maximum_fingerprint_tanimoto,qed,heavy_atom_count,molecular_weight
CC(=O)Nc1cc(=O)c2c3ccc(cc[nH]ccc1=2)cn3,[C][C][=Branch1][C][=O][N][C][=C][C][=Branch1][C][=O][C][=C][Ring1][=Branch1][C][=C][N][C][=C][C][=C][C][=C][Ring1][O][N][=C][Ring1][=Branch1],1.0,0.9491912722587585,CNC(=O)c1ccc2c(=O)cc(-c3cccnc3)[nH]c2c1,0.9656625986099243,0.28,0.7165243081909692,21,279.29900000000004
CC(N)CCCCc1c2cccccccc1-2,[C][C][Branch1][C][N][C][C][C][C][C][=C][Branch2][Ring1][=Branch2][C][=C][C][=C][C][=C][C][=C][Ring1][#Branch2][Ring1][=Branch2],0.8,0.9284322261810303,CC(C)COCC(CN(Cc1ccccc1)c1ccccc1)N1CCCC1,0.9693061113357544,0.3157894736842105,0.7713364205151142,17,227.35100000000003
Nc1cc2ccc1[nH]ccc1c3ccc(cc3)c21,[N][C][=C][C][=C][C][=C][Ring1][=Branch1][N][C][=C][C][=C][Ring1][=Branch2][C][=C][C][=C][Ring1][=Branch1][C][=C][Ring1][=Branch1],0.8,0.9198260307312012,c1ccc(-c2cn3ccccc3n2)cc1,0.9541758894920349,0.3333333333333333,0.4410184655335499,18,232.286
CC1CC2C=C3C4=Cc5c(ccc6c(cccc56)OCN5CNNCC125)C43,[C][C][=C][C][=C][Ring1][#Branch1][C][=C][C][=C][Ring1][=Branch1][C][=C][C][=C][Ring1][=Branch1][O][C][N][C][N][N][C][C][Ring1][=Branch1][C][Branch1][C][C][C][C][Ring1][Branch1][C][=C][Ring2][Ring1][=C][Ring2][Ring1][#Branch2],0.8,0.9061982035636902,CN1CC=CCC(c2cc3ccccc3o2)C1,0.9100069403648376,0.18181818181818182,0.7579602263198333,27,357.45700000000016
COc1cnc(O)cccsc2cccc1-2,[C][O][C][=C][C][=C][C][=C][Ring1][Branch1][S][C][=C][C][=C][Branch1][C][O][N][=C][Ring1][=C],1.0,0.8960883617401123,COc1ccc(-c2c(-c3ccc(O)cc3O)n[nH]c2C)cc1,0.9483414888381958,0.3076923076923077,0.8226236398633858,16,233.292
O=Cc1c2ccc3c4cc(cc13)C(=C2)Oc1ccccc1C=CN4,[O][=C][C][=C][Branch2][Ring1][#Branch2][C][=C][C][=C][Ring1][=Branch1][C][=C][C][=C][Ring1][=Branch1][N][C][=C][C][=C][C][=C][C][=C][Ring1][#Branch2][Ring1][=Branch1][C][=C][Ring1][=C][Branch1][O][Ring1][Branch2][C][=C][C][=C][Ring2][Ring1][Branch1][N],0.8,0.8933035135269165,O=c1cc(-c2cccnc2)[nH]c2cc(Cc3ccccc3)ccc12,0.9421895146369934,0.1864406779661017,0.6469409051078644,24,311.34000000000003
CNC(=O)C=C1NCC(C)CCCNC(C)C23CCCCC1N2C3,[C][N][C][=Branch1][C][=O][C][=C][Branch1][#C][N][C][C][Branch1][C][C][C][C][C][Ring1][Branch2][N][C][C][C][N][C][C][Ring1][Ring1][Ring1][=Branch1][C][C][C][Ring1][Ring2][Ring1][=Branch1][C][Ring1][Branch2],0.8,0.8904386162757874,Cc1sc(CN2CCNCC2)cc1C(=O)NCC12CC3CC(CC(C3)C1)C2,0.9669092893600464,0.21212121212121213,0.5036988920165847,24,334.5080000000002
CC(=O)NC=Cc1ccncc1,[C][C][=Branch1][C][=O][N][C][=C][C][=C][C][=N][C][=C][Ring1][=Branch1],0.8,0.8885231614112854,CC(=O)Nc1ccccn1,0.9064342379570007,0.34285714285714286,0.7092690785074911,12,162.19199999999998
CC(=O)NCCC12CCCN3C(c4ccccc4C=O)=CC=CNCCC1C3C2,[O][=C][Branch1][C][C][N][C][C][C][Branch1][C][C][C][C][C][N][C][Ring1][=Branch1][C][Ring1][Branch2][C][C][N][C][=C][C][=C][Ring1][#Branch2][C][=C][Branch1][=Branch2][C][=C][C][=C][Ring1][=Branch1][C][=O],0.8,0.8810437321662903,CCC(=O)NCC[C@@H]1CCc2ccc3c(c21)CCO3,0.8840487599372864,0.22826086956521738,0.7534770488135258,29,393.5310000000001
CC=C(C)NC(=O)C=CC=C1COCC(C)CCN(C)C1=O,[C][C][=C][Branch1][C][C][N][C][=Branch1][C][=O][C][=C][C][=C][Branch2][Ring1][N][C][=Branch1][C][=O][N][Branch1][C][C][C][C][C][Branch1][C][C][C][O][C][Ring1][N][Branch2],0.8,0.8724566698074341,CCCC(=O)Nc1ccc(OCC(O)CNC(C)C)c(C(C)=O)c1,0.8805516958236694,0.20454545454545456,0.8116627341789074,22,306.40600000000006
CC(=O)C(=O)CC=C1OC=CS[SH]1C=O,[C][C][=Branch1][O][=O][C][Branch2][C][C][=Branch1][C][=O][N][C][C][=Branch1][C][=O][C][C][=C][O][C][=C][S][S][Ring1][=Branch1][C][=O][=Branch1][C][=O][C][Branch1][Ring2][Ring1][=Branch1][C][Branch1][C][O],1.2,0.866042971611023,COCC1=C(C(=O)OC(C)OC(=O)OC(C)C)N2C(=O)[C@@H](NC(=O)/C(=N\OC)c3csc(N)n3)[C@H]2SC1,0.8802277445793152,0.15151515151515152,0.35403188529993035,15,246.30900000000003
CC1NN(C)C=C2C=CC=CC=CN1Cc1cccnc12,[C][C][N][N][Branch1][Ring1][Branch1][C][C][=C][C][=N][C][=C][C][=C][Ring1][=Branch1][C][N][Ring1][=C][C][=C][C][=C][C][=C][Ring1][#C],1.2,0.8580783009529114,Cn1c(CN2CCN(c3ccccc3)CC2)nc2ccccc21,0.9198297262191772,0.30158730158730157,0.791466133233394,21,280.375
O=CCCC1C=CC=C(C=Cc2ccc3occcc2-3)CNCNCC1,[O][=C][Branch2][Ring2][N][C][C][C][C][C][N][C][N][C][C][Branch1][=Branch2][C][=C][C][=C][C][=C][Branch1][=Branch2][O][C][=C][C][=C][Ring1][=Branch1][Ring1][=Branch2][=C][C][=C][Ring2][Ring1][=Branch1],0.8,0.8573810458183289,O=C(NC1CCCCC1)c1cccnc1Sc1ccccc1,0.9177432656288147,0.20833333333333334,0.8000261378841012,26,350.46200000000005
CCC1C2=COC1=CNC1(C)OC(CNCC(C)C)CC1=CC=C2,[C][C][Branch1][C][C][C][N][C][C][Branch1][C][C][O][C][Branch1][C][C][N][C][=C][Branch2][Ring1][Branch1][O][C][=C][C][=C][C][=C][Ring1][=C][Ring1][N][C][C][C][N][Branch1][C][C][C][C][C][Branch1][C][Ring1][=Branch1][C][C][Ring1][S],0.8,0.852510392665863,CCC1(c2cccc(O)c2)CCCCN(C)C1,0.915774405002594,0.1566265060240964,0.8080851319637458,24,330.4720000000001
COC=Cc1ccc2ncn(C=O)cc1-2,[C][O][C][=C][C][=C][C][=C][N][=C][Branch2][Ring2][S][N][Branch2][Ring1][=Branch1][C][=O][=Branch1][C][=O][N][C][=C][C][Branch1][O][C][N][Branch2][=N][C][=C][C][=C][C][=C][C][=C][Ring1][Branch2][Ring1][O][Ring1][O][C][=N][Ring2][Ring1][#Branch1][Ring1][=C][Ring2][C][C][Branch1][=C][Branch1],1.2,0.8376945853233337,CCOC(=O)c1cc(O)c(-c2ccccc2)nn1,0.9251233339309692,0.225,0.5610714578906277,15,202.21300000000002
CCCCCNC=CN=Cc1ccccc1,[C][C][C][C][C][N][C][=C][N][=C][C][=C][C][=C][Branch1][=N][C][=C][Ring1][=Branch1],1.0,0.8357267379760742,CC(=N)NCc1ccccc1,0.942476749420166,0.2765957446808511,0.5482902300420918,16,216.32800000000003
CC(=O)CCNC1CC=CC=C1c1cccnc1,[O][=C][Branch1][C][C][C][C][N][C][C][C][=C][C][=C][Ring1][=Branch1][C][=C][N][=C][C][=C][Ring1][=Branch1],0.8,0.83541339635849,C=CCN(C(=O)NCc1ccc(OC)cc1)C1CCN(CCC(c2ccccc2)c2ccccc2)CC1,0.9131280779838562,0.2923076923076923,0.8615203009062076,18,242.32200000000003
N#SOC(OCC=O)(OCSCl)S(N)(=O)=O,[N][S][=Branch1][C][=O][=Branch1][C][=O][C][Branch2][Ring1][S][=Branch1][O][C][C][=O][Branch1][Branch1][C][F][F][C][=O][C][F][#N][C][=C][C][=C][Ring1][#Branch1][C][O][C][Cl][C][=C][Ring2][Ring1][#Branch2][C][Branch1][#Branch2][O][C][Ring1][=Branch1][S][Cl][C][Cl][C][=O][S][#N][C][O][C][F][Cl][C][Branch1][=C][=O][C][Br][F][Br][F][Cl][C][Br][=O][C][=O][Cl][=Branch1][C][Ring2][=Branch2],1.2,0.8255742192268372,C[C@@](O)(C(=O)Nc1ccc(S(=O)(=O)NCCN2CCOCC2)cc1Cl)C(F)(F)F,0.8877937197685242,0.125,0.37963398603484133,16,310.762
O=Cc1ccccc1C=CCNc1ccco1,[O][C][=C][C][=C][Ring1][#Branch2][N][C][C][=C][C][=C][C][=C][C][=C][Ring1][=Branch1][C][=Branch1][C][=O],0.8,0.8150816559791565,NC(=O)c1ccccc1OCc1ccccc1,0.9619844555854797,0.2926829268292683,0.7973026407431374,17,227.263
C=CC1=Cc2ccccc2C=CC(=O)N1C(C)C,[C][C][Branch1][C][C][N][C][=Branch1][C][=O][C][=C][C][=C][Branch1][#Branch1][C][=C][Ring1][=Branch2][C][=C][C][=C][C][=C][Ring1][#Branch2],0.8,0.8147411942481995,CCN(C(=O)Nc1ccccc1)c1ccccc1,0.8806586265563965,0.24444444444444444,0.773411068466876,18,239.31799999999998
C=CNN[C@@H](C=O)N(C)CN(C)C,[C][N][Branch1][C][C][C][N][Branch1][C][C][C@H1][Branch2][Ring1][=Branch1][C][=O][C][=O][N][N][N][C][=C][Branch2][Ring1][#Branch2][C][C@H1][Branch2][Ring2][Ring2][C][C][=C][C][=N][N][C][=Branch1][C][=C][Ring1][O][C][C][C][C][C][Ring1][#Branch1],1.2,0.8137430548667908,CN[C@@H](C)C(=O)N[C@H](C(=O)N[C@H]1CCCN(CCc2ccc([N+](=O)[O-])cc2)C1)C(C)(C)C,0.9119144678115845,0.16666666666666666,0.3095688202119553,13,186.259
C=NC(=O)C(C)CCCN(C)CC,[C][N][Branch1][Ring1][C][C][C][C][C][C][Branch1][C][C][C][=Branch1][C][=O][N][C][Ring1][Ring2][Branch2][Ring2][Ring1][Ring1][C][O][C][C],1.0,0.8108336329460144,CCN(CC)CCOC(=O)C1(C2CCCCC2)CCCCC1,0.8992926478385925,0.2222222222222222,0.5870696006895795,13,184.28299999999996
Cc1ccccc1C(=O)NC=C(CC1Cc2ccc1nc2)NC1C=CC=CC1,[C][C][=C][C][=C][C][=C][Ring1][=Branch1][C][=Branch1][C][=O][N][C][=C][Branch1][=Branch2][N][C][C][C][=C][C][=C][Ring1][=Branch1][C][C][C][C][=C][C][=C][Ring1][=Branch1][N][=C][Ring1][=Branch1],0.8,0.8075639009475708,C=CCN(C(=O)Nc1ccccc1)C1CCN(CCC(c2ccccc2)c2ccccc2)CC1,0.936306357383728,0.23376623376623376,0.8014315216836831,28,371.48400000000015
CNC(C)=NC=C(N)CC=CSCOC=O,[C][N][C][Branch1][C][C][=N][C][=C][Branch1][C][N][C][C][=C][S][C][O][Branch1][=Branch1][C][=O][=Branch1][N][Branch1][Ring2][C][O][C][C][C][O][C][Branch1][C][C][Ring2][Ring1][#Branch1][=O],1.2,0.8056637048721313,CNC(=C[N+](=O)[O-])NCCSCc1ccc(CN(C)C)o1,0.9546841382980347,0.14285714285714285,0.230837753811826,16,243.33200000000002
CC1C(O)SC1(O)OS(=O)CCl,[S][C][Branch1][C][O][C][Branch2][C][C@H1][C][C][Branch2][Ring1][C][O][S][=Branch1][C][=O][C][Cl][C][C][=O][=Branch1][C][=N][C][Branch1][#Branch2][C][=Branch1][C][=O][=Branch1][Ring2][Ring1][O][C][=O][Ring1][=N][C][F][S][C][Cl][C][=C][C][=O][Ring1][=Branch2][C][F][Branch1][Ring1][=Branch1][=C][F][Cl][Cl],1.2,0.7958493828773499,C[C@@](O)(C(=O)Nc1ccc(S(=O)(=O)NCCN2CCOCC2)cc1Cl)C(F)(F)F,0.8920093774795532,0.13924050632911392,0.53807117362535,12,232.70999999999998
CC(=O)C1CCCCC=CC=CC=CC=CC2CCC(C)C1C2,[O][=C][Branch1][C][C][C][Branch1][N][C][C][C][C][C][C][Ring1][=Branch1][C][Ring1][N][C][C][C][C][Ring1][#C][C][=C][C][=C][C][=C][Branch1][=Branch2][C][=C][Ring1][P],0.8,0.7918316721916199,OC(CCN1CCCCC1)(c1ccccc1)C1CCCCC1,0.9503945708274841,0.19117647058823528,0.5763513086545616,23,312.49699999999996
CN1C=COCC2c3cccc(c3C3=CNc4cccncn3n42)CC1,[N][N][C][=N][C][=C][C][=C][Ring1][P][N][C][=C][Ring1][#Branch2][C][=C][Branch1][O][C][=C][C][=C][Ring1][=Branch1][C][C][N][C][=C][Ring2][Ring1][P][C][O][C][=C][Ring1][#Branch1],1.0,0.7865058183670044,c1ccc2nc(C3=NCCN3)ccc2c1,0.9421436190605164,0.25,0.7959324007509435,26,347.4220000000001
CN=Cc1c2cnnc1CCN(O)N=CC1CCN(C)CN1C(C)C(O)CC(=COC)C2,[C][O][C][=C][Branch1][#Branch1][C][C][=C][C][=N][C][Branch1][=C][C][Branch1][C][O][C][Branch1][C][C][N][C][N][Branch1][C][C][C][C][C][Ring1][#Branch1][C][=N][N][Branch1][C][O][C][C][C][Ring2][Ring1][#Branch1][=N][N][=C][Ring2][Ring1][O],0.8,0.7813469171524048,CCn1c(-c2nonc2N)nc2c(C#CC(C)(C)O)ncc(OCC3CCCNC3)c21,0.9678144454956055,0.18,0.5112014878296547,32,445.56800000000027
CCC(C)CC(=O)OC(C)CF,[C][C][C][Branch1][C][C][C][C][=Branch1][C][=O][O][C][Branch1][C][C][C][F][=C][C][=C][Ring1][=Branch1][C][=O],0.8,0.7770043611526489,CCCCC(CC)COC(=O)CC(C(=O)OCC(CC)CCCC)S(=O)(=O)O,0.8941020369529724,0.22916666666666666,0.6007791787325553,12,176.23099999999997
CONC1C(OC)NC2C=CC(C=CC(C)=C2)[C@H]1N,[C][C][Branch2][Ring1][#Branch1][C][=C][C][Branch1][=Branch2][C@@H1][Branch1][C][N][C][N][O][C][C][=C][C][N][C][Ring1][=Branch2][O][C][=C][Ring1][=Branch1][=Branch1],1.2,0.7767069339752197,CCCSc1nc(NC)ccc1C(=O)N[C@H]1C2CC3CC1C[C@](O)(C3)C2,0.9078128337860107,0.15151515151515152,0.5109943770139621,19,265.357
CCC1=CC=CCC(C(C)(C)N)CC1,[C][C][Branch1][C][C][Branch1][C][N][C][Branch1][Ring1][C][C][C][C][=C][C][=C][Ring1][=Branch1][=C][C][=Branch1],0.8,0.776301383972168,CCC1(c2cccc(O)c2)CCCCN(C)C1,0.8825706839561462,0.1875,0.7142192587049231,14,193.33399999999997
C=CC1=c2ccccccc(cc2)=CC=CNC1,[C][N][C][=C][C][=C][Branch1][=N][C][=C][C][=C][C][=C][C][=C][Ring1][#C][C][=C][C][=C][Ring1][=Branch1],0.8,0.7747955918312073,c1ccc(Nc2ccccc2)cc1,0.9333040118217468,0.1875,0.7852749320938626,18,235.32999999999998
O=CC=C1COCCNCCCCN[C@H](C=CCF)OCN=CNO1,[O][NH1][C][=N][C][O][C@H1][Branch2][Ring1][Branch2][N][C][Branch1][Ring2][#Branch1][C][Branch1][P][C][C][N][C][C][O][C][C][Ring2][Ring2][=Branch1][=C][Branch1][=Branch1][C][=O][C@@H1][C][=C][C][=C][C][F][Ring1][#Branch2][C][C][=C][Ring1][=N][C][N],1.2,0.7661738395690918,N#CC1(NC(=O)[C@@H]2CCCC[C@H]2C(=O)N2CCN(c3nccs3)CC2)CC1,0.8990726470947266,0.16666666666666666,0.3827660151767086,25,358.414
COC=CC=CC1=C(C=O)CC=C1C=Cc1cc2ccc1cc2C=O,[C][O][C][=C][C][=C][C][=C][Branch1][=Branch1][C][=O][C][N][C][C][C][=C][Ring1][#Branch1][C][=C][C][=C][C][=C][C][=C][Ring1][=Branch1][C][=C][Ring1][=Branch1][C][=O][Ring1][=Branch2],0.8,0.7624045014381409,CCCc1c(OCc2cccc(NC(=O)Cc3ccccc3C(=O)O)c2)ccc(C(C)=O)c1O,0.8879664540290833,0.2,0.42168035820762056,25,330.38300000000004
CNC=CC1C=c2c3cccc(c3)n21,[C][N][C][=C][C][Branch1][=Branch2][N][C][=C][C][=C][C][=C][Ring1][=Branch1][C][=C][Ring1][=Branch1][Ring1][=Branch2][N][C][C][=C][C][N][=C][C][Ring1][=Branch1],0.8,0.7574604749679565,CN1Cc2c(N)cccc2C(c2ccccc2)C1,0.9210389852523804,0.19298245614035087,0.7467452325514242,14,184.24200000000002
CC(N)CCCCCC=Cc1cc2ccc1cc2,[C][C][Branch1][C][N][C][C][C][Branch1][S][C][C][Branch2][Ring1][Ring1][=Branch2][C][=C][C][=C][C][=C][C][=C][Ring1][=Branch1][C][=C][Ring1][=Branch1],0.8,0.7533842921257019,CC(C)COCC(CN(Cc1ccccc1)c1ccccc1)N1CCCC1,0.9790076017379761,0.20833333333333334,0.7049415740749777,18,241.37800000000001
CCC=CC=C1CNC=CC(=O)CN1,[C][C][C][=C][C][=C][Branch2][Ring2][#Branch1][C][N][C][=C][C][=Branch1][C][=O][C][N][Ring1][=Branch2],1.0,0.7479720115661621,CC1(c2ccccc2)CC(=O)NC(N)=N1,0.7577420473098755,0.1694915254237288,0.6883755360523837,14,192.262
CC(CC=CCF)=NOS(=O)(=O)NC(=O)F,[O][=C][Branch2][Ring1][S][N][S][=Branch1][C][=O][=Branch1][C][=O][=O][N][=C][Branch1][C][C][=C][C][=C][Ring1][Branch1][C][F][F][C][F][C][F][C][Ring1][=Branch1][C][F][F][Branch1][#C][N][=C][C][NH1][C][Branch1][C][Cl][=Branch1][Ring2][O],1.0,0.7357344627380371,C[C@@](O)(C(=O)Nc1ccc(S(=O)(=O)NCCCO)cc1Cl)C(F)(F)F,0.9449675679206848,0.1864406779661017,0.2544039388034059,16,256.22999999999996
COC=CC=C(O)C=CC(=O)NC=O,[C][O][C][=C][C][=C][Branch2][Ring2][O][C][=C][C][=Branch1][C][=O][N][C][=O][S][Branch1][=Branch1][C][=O][N][C][=C][N][=C][C][=C][Branch1][C][N][C][=C][Ring1][=Branch1][C][Branch1][C][Branch1][C][=O][=O][C][Ring1][=Branch1][C][C][C][=O][O][Ring1][=Branch1][C][=C],1.0,0.7356650829315186,CCCCNc1cc(C(=O)O)cc(S(N)(=O)=O)c1Oc1ccccc1,0.8966570496559143,0.19148936170212766,0.2896230231190053,14,197.19
CCCCC1=C(Cl)C=CNCC(C)C1,[C][C][Branch1][C][C][C][N][C][=C][C][Branch1][C][Cl][=C][Ring1][P][C][C][C][C][Ring1][#Branch1],0.8,0.7346038222312927,CC(C)CC(N(C)C)C1(c2ccc(Cl)cc2)CCC1,0.9176440238952637,0.18666666666666668,0.7519951097523314,14,213.75199999999992
CC1=CC=CC(c2cc3ccc2cc3N)CCOC1,[N][C][=C][C][=C][C][=C][Ring1][=Branch1][C][=C][Ring1][=Branch1][C][C][=C][C][=C][Branch1][Ring1][=Branch1][C][Branch1][C][O][C][C][=Branch1][=C][Ring1][#Branch2],0.8,0.7318929433822632,CN1CCC(=C2c3ccccc3C=Cc3ccccc32)CC1,0.9480118751525879,0.18181818181818182,0.7830251236242438,19,253.34499999999994
C1=CC2=CCNCCC3=CC(=C1)C(CN3)NCC2,[C][C][N][C][Branch2][Ring1][S][C][=C][C][=C][C][=C][C][=C][Branch1][#Branch2][N][C][C][Ring1][=Branch1][N][C][C][Ring1][=N][Ring2][Ring1],0.8,0.7312747240066528,Nc1n[nH]c2ncc3c(c12)CCCCCC3,0.8668662905693054,0.15,0.5988932288121165,18,243.35399999999996
CC=CNOCCCC1CC12CCNNC1=CC=CC(=CC1=COC)C2C(C)C,[C][O][C][=C][C][=C][Branch1][O][C][=C][C][=C][Ring1][#Branch1][N][Branch2][Ring1][Ring1][N][C][C][C][C][C][Ring1][Ring1][C][C][Branch1][#Branch2][C][O][N][C][C][Ring2][C][C][C][Branch1][C][Ring1][N][C][Branch1][Ring2][Ring1][#Branch1][C@H1][Branch1][C][=C][C],1.2,0.7285652160644531,CC1CC(CN)CC(CO)C1,0.910366415977478,0.13186813186813187,0.3185357545317764,29,399.5790000000001
CC(NC=CCC=C(Cl)[SH](C)CF)C(Cl)S(C)(=O)=O,[C][S][=Branch1][C][=O][=Branch1][C][=O][C][Branch1][N][C][Branch1][C][=C][N][C][=C][Branch2][Ring1][#Branch2][C][C][=C][Branch1][C][Cl][Branch1][S][Branch1][C][C][C][F][Branch1][Branch1][C][Cl][C][F][F][Branch1][C][F][Branch1][C][Cl][C][=C][N][C][C][=O][Branch1][C][=C][Ring1][O][Cl][F][Ring1][Branch1][C][=C],1.0,0.7281922698020935,CCN(CC)S(=O)(=O)c1ccc(NC(=O)C(C)(O)C(F)(F)F)cc1,0.9663237929344177,0.2,0.521230940977522,19,352.32400000000007
NC(O)C=C1C=C(F)CC=C1F,[N][C][Branch1][C][O][C][=C][C][=C][Branch1][C][F][=C][C][=C][Ring1][#Branch1][F][=C][Ring1][=Branch2][N][C][C][C][C][C][C][Ring1][O],0.8,0.7225603461265564,OCC[C@@]1(c2ccc(Cl)c(Cl)c2)CCCNC1,0.9023355841636658,0.18181818181818182,0.5868994902642222,12,173.16199999999998
CC=CC=CSCC=C1CCCCCNCCCCCCCNCCC2CCN1OC(N)C2=CC=O,[C][C][=C][C][=C][S][Branch1][O][C][C][=C][C][Branch2][Ring2][N][C][C][C][C][N][Branch2][Ring2][Ring1][#C][C][C][C][C][C][Branch2][Ring2][C][C][N][C][C][C][C][C][N][Branch1][#Branch2][Ring2][Ring1][Branch1][=Branch2][=N][C][Ring1][=Branch1][C][O][C][Branch1][C][=N][C][Ring1][Branch2][=C][C][=O],1.0,0.72246915102005,CCCC1CCCCC(N)=N1,0.9409900307655334,0.16417910447761194,0.1932295109300759,36,518.8120000000004
O=COCC1(CCl)C=CC=CCO1,[O][=C][Branch1][#Branch2][O][=C][Branch2][Ring1][C][C][Branch1][Branch1][C][Cl][C][C@@H1][Branch1][C][O][C][C][Ring1][C][Branch2][C][=C][C][=C][C][Ring1][=Branch1],1.2,0.7198420763015747,O=C(O)COc1ccc(Cl)cc1C1CCCCC1,0.7975597381591797,0.1276595744680851,0.5090569347411454,13,202.637
CC=NC1=CC=Nc2ccccc2C1,[C][C][=N][C][Branch1][C][C][=C][C][=N][C][=C][Ring1][=Branch1][C][=C][C][=C][Ring1][=Branch1],0.8,0.7149418592453003,CCc1nc2c(N)nc3ccccc3c2n1Cc1ccccc1,0.930127739906311,0.23529411764705882,0.5994160632321591,14,184.24200000000002
COC=CNNCC=C(C)S,[C][O][C][=C][N][N][C][C][=C][Branch1][C][S][C][Branch2],1.2,0.7141635417938232,CC(C)NCC(O)COc1nccs1,0.8115170001983643,0.15555555555555556,0.25191083649936574,11,174.269
CC1C=CC=CC2=C(Cl)C(CC=C2CC2CNCCC2C)C1,[C][C][Branch1][C][C][C][=C][C][=C][C][=C][Branch1][C][Cl][=C][Ring1][=N][C][C][=C][Ring1][#Branch1][C][C][C][N][C][C][C][Branch1][C][C][Ring1][=Branch1],0.8,0.7137603759765625,CCC1(c2cccc(O)c2)CCCCN(C)C1,0.8730030655860901,0.19480519480519481,0.7365251108741495,22,317.90400000000005
COC(Cl)=CC1=CCC2(O)NNC3=CCCCCC4C(CO2)C3CN14,[C][O][C][Branch1][O][C][C][=C][C][=C][Branch1][C][Cl][O][C][=Branch1][C][=O][N][N][C][=C][Ring1][#Branch1][C][C][C][C][C][N][Ring1][P][C][C][Ring1][#Branch2][C][Branch1][Ring2][Ring1][Branch1][C][Ring2][Ring1][S],0.8,0.7135888338088989,O=C(NCC12CC3CC(CC(C3)C1)C2)c1cc(OC2CCNCC2)ncc1Cl,0.8971134424209595,0.16853932584269662,0.6498255055771937,25,367.87700000000024
CCCCC=CC1=CC(C)C=C1,[C][C][C][C][C][=C][C][=C][Branch2][Ring1][=Branch2][C][Branch1][C][=C][C][=C][Ring1][=Branch1],0.8,0.7102947235107422,C#CCN(C)C(C)Cc1ccccc1,0.9062511324882507,0.19148936170212766,0.5504581178812452,12,162.27599999999998
CC=CC=CNC=Cc1ccccc1,[C][C][=C][C][=C][Branch1][P][N][C][=C][C][=C][C][=C][C][=C][Ring1][=Branch1],0.8,0.708803653717041,c1ccc(CCNCc2ccccc2)cc1,0.8903740048408508,0.28205128205128205,0.7093061658732948,14,185.27
CCNCCC(=O)N1CNCCNCC=CC12C=CC(=O)C2,[C][C][Branch2][Ring1][C][N][C][C][C][=Branch1][C][=O][N][C][N][Branch1][P][C][C][N][C][C][=C][Branch1][#C][C][=Ring1][#Branch2][C][C][=Branch1][C][=O][C][=C][Ring1][=Branch1],1.2,0.7067563533782959,CCCN1CCN(c2ccc(C(=O)NC3(C(=O)NCC#N)CCCCC3)cc2)CC1,0.9380884766578674,0.18085106382978725,0.49500284378558806,22,306.41
CCCCCCNC1C=CC=CC=C1,[C][C][C][C][C][C][N][Branch2][Ring1][Ring2][=C][C][=C][Branch1][=Branch2][C][=C][C][=C][Ring1][#Branch1],0.8,0.7044442296028137,CC(C)COCC(CN(Cc1ccccc1)c1ccccc1)N1CCCC1,0.9262508749961853,0.19148936170212766,0.635658865515594,14,191.318
O=c1cc2[nH]cc3nc(CF)c(n1)n32,[N][C][=N][C][=Branch1][C][=O][C][=C][Ring1][=N][=N][C][=C][Branch2][Ring1][S][Ring2][C][=C][C][=C][Branch1][C][C][F][Branch1][C][=C][O][C][Branch1][Branch1][C][F][F][C][C][F][F][Cl][=C][Ring1][=Branch1][C][Cl][C][=O][N][=C][Ring1][O][C][F][S][Ring1][S][=O][=O],1.2,0.7007943987846375,CN1CC(n2nccc2-c2cc(Cl)ccc2Oc2cc(F)c(S(=O)(=O)Nc3ncns3)cc2F)C1,0.9417828321456909,0.2,0.6094294399105059,14,192.15299999999996
CC=CC1=CC=CCC=CC=CC(OCc2ccccc2)C(=O)C=C1,[C][C][=C][C][=C][Branch2][Ring1][=Branch2][C][=C][C][=Branch1][C][=O][C][Branch1][#Branch2][O][C][C][=C][C][=C][C][=C][Ring1][=Branch1][C][=C][C][=C][Ring2][Ring1][O][C][=C][C][=Branch1],0.8,0.6982279419898987,CC/C(=C(\c1ccccc1)c1ccc(/C=C/C(=O)O)cc1)c1ccccc1,0.9077135324478149,0.26229508196721313,0.7503884490394943,25,332.44300000000004
CCCSC1NC=COCC(C)=CCC2(CN)C=C[C@@H](C)CC(=O)S(=O)OS(=O)(=O)CC1NCCCC2,[C@H1][=C][C@@H1][Branch1][C][C][C][C][=Branch1][C][=O][S][=Branch1][C][=O][O][S][=Branch1][C][=O][=Branch1][C][=O][Branch1][#C][C][N][C][C][C][C][C][Branch2][Ring1][=Branch2][C][Ring1][P][C][=C][Branch1][C][=C][Branch2][C][O][C][=C][Ring2][Ring1][#Branch1][N][C][Ring1][P][S][C][C][C][Ring2][Ring1][=Branch1][C][N],1.2,0.6976783871650696,CC(=O)c1ccc(N2CCN(S(=O)(=O)C[C@]34CC[C@H](CC3=O)C4(C)C)CC2)nc1,0.9129074215888977,0.13761467889908258,0.4276056253223034,37,577.835
CNCC(=O)C=CC(CF)C(C)F,[C][N][C][C][=Branch1][C][=O][C][=C][C][Branch1][=C][C][Branch1][#Branch2][F][Ring1][S][Ring1][O][N][N][C][Branch1][C][C][F][Branch1][=N][C][F][F][Branch1][N][C][N][C][C][C][=Branch1][C][=O][=Branch1][C][C][Ring2][Ring1][Branch2],1.2,0.6972570419311523,C[C@@H]1CN(CC2(C(N)=O)CC2)CCN1S(=O)(=O)c1ccc(C(C)(O)C(F)(F)F)cc1,0.9077664017677307,0.16129032258064516,0.6405605388458387,13,191.22099999999992
CC1NC=Cc2ccccc2NC=CC=CC=CO1,[N][C][Branch1][C][C][O][C][=C][C][=C][C][=C][Ring1][#Branch1][N][C][=C][C][=C][C][=C][Ring1][=Branch1][C][=C][Ring2][Ring1][=Branch1],0.8,0.6958672404289246,Nc1ccc(OCCc2ccccc2)cc1,0.881079375743866,0.21052631578947367,0.7415787709847904,19,254.33300000000003
CC12CNC1COC=CC1=C(C=CC=NC1)N2,[N][C][Branch1][C][C][C][N][C][Ring1][Branch1][C][O][C][=C][C][=C][Ring1][=N][C][=C][C][=N][C][Ring1][#Branch1],0.8,0.6956314444541931,C1CCc2c(c3c(N4CCCC4)nc(N4CCCC4)nc3n2CCN2CCOCC2)C1,0.8423656821250916,0.16666666666666666,0.6463063994307398,17,231.29899999999998
CCN(CF)[C@H](C)COCF,[=C][C][N][Branch1][O][C][Branch1][C][F][Branch1][Ring1][Branch1][Ring2][F][C][C@H1][Branch1][C][C][C][O][C][F][Branch1][Ring1][=Branch2][C@@H1][Branch2][O][C][Branch1][Branch1][=N][N][S][C][=C][Branch1][C][F][Branch2][C][F][F][Branch1][=Branch2][C][Cl][S][=C][C][Ring1][#Branch1][F][Branch1][C][Branch1][C][C][C][=C][=O][=O][Ring2][#C],1.2,0.694973349571228,C[C@H](NC1=NC(=O)C(C)(C(F)(F)F)S1)c1ccccc1F,0.9114137291908264,0.225,0.55659983754282,11,167.19899999999996
Nc1cccc2c1C2=CNC(=O)NC1CC2=CCCCC21,[O][=C][Branch2][Ring1][C][N][C][=C][C][=C][Branch1][C][=N][C][=C][C][=C][Ring1][Branch2][Ring1][#Branch1][C][N][C][C][C][C][C][C][=C][Ring1][=Branch1][C][Branch1][Ring2][Ring1][Branch2],0.8,0.6910276412963867,NC(=O)c1cccc(OC2CCN(Cc3ccccc3)CC2)c1,0.8931998610496521,0.2545454545454545,0.5850678265545495,21,281.35900000000004
NNC1=CCCOC(=O)NC=CC=C1C=C1NC1O,[N][C][Branch1][C][O][C][Ring1][Branch2][=C][C][=C][C][=C][N][Branch2][Ring2][#Branch1][C][=Branch1][C][=O][O][C][C][C][=C][Ring1][N][N][Branch1][S][Ring2][C][C][O][=C][C][=C][C][=Ring1][=Branch1][S][Ring1][#Branch1][C][=O][N],1.2,0.6882857084274292,NC(=O)Nc1sc(-c2ccsc2)cc1C(=O)N[C@H]1CCCNC1,0.8534058332443237,0.15384615384615385,0.26554050666028306,19,264.28499999999997
CCCC1C(F)=CC2CC(C)C1C(=O)C(CF)=CC2(C=O)OCC,[C][C][O][C][Branch1][=Branch1][C][=O][C][C][=C][C][=C][Branch2][Ring1][O][C][=Branch1][C][=O][C][C][Branch1][C][C][C][C][Ring1][N][C][=C][Branch1][C][F][=C][Ring1][=Branch2][C][C][Branch1][C][C][Branch1][C][F][Branch1][C][F][=O][C][Cl][=C][Ring1][Branch2][C][Ring2][Ring1][=Branch1][C],0.8,0.6858944892883301,CCN1CCC[C@H]1CNC(=O)c1c(O)c(Cl)cc(Cl)c1OC,0.889771580696106,0.17777777777777778,0.687014509661661,24,340.4100000000001
O=NC=CC=Cc1ccc2ccncc2c1,[N][=Branch1][C][=O][C][=C][C][=C][Ring1][=Branch2][C][=C][C][=C][N][=C][C][=C][Ring1][=Branch1][C][=C][Ring1][#Branch2],0.8,0.6849968433380127,O=C(Nc1cccc(NC(=O)c2ccccc2)n1)c1ccccc1,0.9788198471069336,0.35135135135135137,0.5740945967703964,16,210.23600000000002
CC=CC=CC(=O)NC=C(C=CC=CC1(CC(C)CC2C=CCCC2)Cc2ccc1cc2)CC,[C][C][=C][C][=C][C][=Branch1][C][=O][N][C][=C][Branch1][Ring1][C][C][C][=C][C][=C][C][Branch2][Ring1][C][=C][C][=C][C][=C][Ring1][=Branch1][C][=C][Ring1][=Branch1][Ring1][=Branch1][C][=O][N][C][C][C][Branch1][C][C][C][C][C][=C][C][C][C][Ring1][=Branch1],0.8,0.6798644065856934,CC(=O)Nc1ccc(CC(=O)N(C)C2CCN(CCC(c3ccccc3)c3ccccc3)CC2)cc1,0.8893235325813293,0.17777777777777778,0.20494517150275424,34,455.68600000000026
COC=CC=CC=c1[nH]cc(C=O)c2ccn1CC=2,[C][O][C][=C][C][=C][C][=C][Branch1][=Branch2][N][C][C][=C][C][=C][Ring1][=Branch1][N][C][=C][Ring1][=Branch1][C][=O][N][C][=Branch1][C][C][C][=C][Ring1][=Branch1],0.8,0.6797260046005249,Cc1c[nH]c(/C=C2\C(=O)Nc3ccccc32)c1CCC(=O)O,0.867120623588562,0.18867924528301888,0.4969632760402571,19,256.305
O=c1[nH]cc(C=CC2=CCC=CC=C2)c2[nH]c(o1)=CC=CC=2,[N][C][=C][C][=C][C][=C][Ring1][#Branch1][O][C][=Branch1][C][=O][N][C][=C][Ring1][N][C][=C][C][=C][C][C][=C][C][=C][Ring1][#Branch1],0.8,0.6697350144386292,NC(=O)N1c2ccccc2C=Cc2ccccc21,0.8501840829849243,0.15,0.8756035254457215,22,292.338
CCCNC1=NC(C)=CN=CNC(=O)NC1,[C][N][C][=Branch1][C][=O][N][C][=N][C][=C][Branch1][C][=C][N][=C][Ring1][P][N][C][C][=Branch1][C][C][Ring1][=Branch2][=Ring1][=N],1.2,0.6684479713439941,CN(C)c1ccnc2sc(C(N)=O)c(N)c12,0.8334900140762329,0.19230769230769232,0.6402666307467388,16,223.27999999999997
NC(=O)C=CC(OC=CF)C1C=CNNO1,[N][C][=Branch1][C][=O][C][=C][C][Branch1][=Branch1][O][C][=C][Branch1][C][F][C][O][N][N][C][=C][Ring1][=Branch1],1.2,0.6658782362937927,N=C(N)Nc1nc(CSCCC(=N)NS(N)(=O)=O)cs1,0.8010007739067078,0.14285714285714285,0.4478344632678071,16,229.211
CC(=CNN=C1NCCCC2CC(=CN=CN2)O1)C1=NC(F)N=C1,[N][C][=N][C][=C][Branch1][C][O][C][C][Ring1][Branch2][C][C][C][N][C][Ring1][Branch2][=N][=N][C][=C][Branch1][C][C][C][=N][C][Branch1][C][F][N][=C][Ring1][=Branch1][Ring2][Ring1][Ring1][#Branch1][C][Branch1][O],1.2,0.6641685962677002,N#Cc1nc(NC2CCOC2)c(N)c(N2CCOCC2)n1,0.8774597644805908,0.15384615384615385,0.5334796412423933,24,333.37100000000004
CCC=CC=NN(C=O)C=c1cccccc[nH]c(=C2C=CCC=C2CC=O)cccc1,[C][C][C][=C][C][=N][N][Branch2][Ring1][S][C][=C][C][=C][C][=C][Branch2][Ring1][O][C][=Branch1][N][=C][C][=C][Branch1][=Branch2][C][C][=C][Ring1][=Branch1][C][C][=O][N][C][=C][C][=C][Ring1][=Branch1][C][=C][Ring2][Ring1][=Branch1][C][=O],0.8,0.6630376577377319,CN(CCOc1ccc(C[C@H](Nc2ccccc2C(=O)c2ccccc2)C(=O)O)cc1)c1ccccn1,0.8959044814109802,0.175,0.40549802357523945,32,427.5480000000002
CNCCNC=CC=Cc1ccc2cc1CC=C1C=CC=CC1C2C=O,[C][N][C][C][N][Branch2][Ring2][=Branch2][C][=C][C][=C][C][=C][C][=C][Branch1][=C][C][=C][Ring1][=Branch1][C][C][=C][C][C][=C][C][=C][Ring1][=Branch1][=C][Ring1][=Branch1][C][=O],0.8,0.6627784371376038,C=CCN(C(=O)Nc1ccccc1)C1CCN(CCC(c2ccccc2)c2ccccc2)CC1,0.9485464096069336,0.2028985507246377,0.45078108922999377,26,346.474
CC(=O)OC=CC=CC(N)c1ccccc1,[C][C][=Branch1][C][=O][O][C][=C][C][=C][C][Branch1][Ring1][#Branch1][N][C][=C][C][=C][C][=C][Ring1][=Branch1],1.0,0.6607977151870728,C=CC(=O)Nc1ccc(C)cc1,0.8841276168823242,0.3157894736842105,0.4781093433536085,16,217.26799999999997
CC=CC(=O)Nc1c2cccc1C(C=C1C3=CC(C)C=C1N3)CCCCN=C2,[C][C][=C][C][=Branch1][C][=O][N][C][=C][C][=C][C][=C][Ring1][=Branch1][C][=N][C][Branch2][Ring1][O][C][C][C][C][Ring1][N][C][=C][C][=C][C][Branch1][C][=C][C][=C][Ring1][#Branch1][N][Ring1][#Branch1],0.8,0.6559309363365173,CC(C)n1c2ccccc2c2cc(NC(=O)N3CCOCC3)ccc21,0.8733941316604614,0.19047619047619047,0.7454342120516587,28,373.50000000000006
C=c1ccccc2cc(nc1)C(CCC(C)CCCNC(=O)C=CC=CC)NCN=2,[C][C][=C][C][=C][C][=Branch1][C][=O][N][C][C][C][C][Branch1][C][C][C][C][C][N][C][N][=C][Branch1][=Branch2][C][=C][Ring1][#Branch1][N][=C][C][=C][C][=C][C][=C][Ring1][=Branch1][Ring1][=Branch1][=C][Ring2][Ring1][=Branch1],0.8,0.6558518409729004,COc1ccc(C(CNC(=O)Nc2ccccc2)N2CCN(C)CC2)cc1,0.897254228591919,0.21739130434782608,0.37571431648678455,30,406.5740000000001
NNC=CN=NOC=CC=CC=O,[N][=Branch2][C][C@H1][Branch1][#C][N][C][=C][N][=N][O][C][=C][C][=C][Branch1][=Branch1][C][=O][N][S][C][Ring1][Ring1][C][=Branch1],1.2,0.6550778150558472,N=C(N)Nc1nc(CSCCC(=N)NS(N)(=O)=O)cs1,0.9017194509506226,0.11363636363636363,0.11946644288728983,13,182.183
C1=CC=CNC2=CNC=CC2=CC=1,[N][C][=C][C][=C][=C][C][=C][C][=C][N][C][=C][Ring1][=N][Ring1][=Branch1][N][C][N][C][C][C][C][C][=C][Branch1][=Branch2][C][Ring1][=Branch1],1.0,0.6524612307548523,Nc1nc2cc3c(cc2s1)CCN(Cc1ccccc1)CC3,0.8407288193702698,0.1111111111111111,0.5405792576521139,13,170.215
C1=CCOC=Nc2ccccc2OCC1,[C][O][C][=N][C][=C][C][=C][C][=C][Ring1][=Branch1][O][C][C][C][=C][Ring1][N][Ring1][P][N][=C][Ring1][=N],1.0,0.6513102054595947,COc1cnc(-c2ccccn2)nc1N1CCOCC1,0.8812970519065857,0.22413793103448276,0.6068248597387077,15,203.24099999999996
COC(S)SC=NC=C(CNC=O)CNC(=O)CN=[SH]C,[C][O][C][Branch2][Ring2][N][S][C][=N][C][=C][Branch1][O][C][=Branch1][C][=Branch1][C][Branch1][=N][C][=O][N][=C][N][Branch1][S][C][=Branch1][C][=O][C][N][S][=Branch1][Branch1][Ring1][C][C][Branch1][=C][Ring1][=Branch1][C][C][Branch1][C][C][C][=O][=C][Ring1][#Branch2][Ring1][S],1.2,0.6508965492248535,CC(C)[C@H](N)C(=O)OCCOCn1cnc2c(=O)nc(N)[nH]c21,0.9102495312690735,0.1511627906976744,0.1382748761744774,21,352.507
CNCNC(=O)C=C1C=Cc2ccc(cc2)N=CC1,[C][N][C][N][C][=Branch1][C][=O][C][=C][Branch1][#Branch2][C][=C][C][=C][C][=C][C][=C][Ring1][=Branch1][C][C][=N][Ring1][=Branch1][C][=O],0.8,0.648490309715271,CN(CCOc1ccccc1-c1cc(C(N)=O)c(NC(N)=O)s1)Cc1ccccc1,0.8908105492591858,0.21153846153846154,0.6411032037057653,19,255.321
CC(=O)Cc1ccccc1C=CC=Cc1ccccn1,[C][C][=Branch1][C][=O][C][C][=C][C][=C][C][=C][Ring1][=Branch1][C][=C][C][=C][C][=C][Ring1][#C][C][=C][C][=N][Ring1][=Branch1][O][C][=C][Ring1][#Branch1],0.8,0.6478862166404724,CC/C(=C(\c1ccccc1)c1ccc(/C=C/C(=O)O)cc1)c1ccccc1,0.9556946158409119,0.37209302325581395,0.7647179957662494,20,263.34
CC=CC1=C2C=CN(C=O)C(C)=CC2(N)CC1,[C][C][=C][C][Branch1][#Branch2][C][C][C][Branch1][C][=N][C][=C][C][=C][Ring1][=Branch1][C][=C][N][Ring1][=Branch1][C][=O][N][N][C][C][C][C][C][C][C][C][Ring1][=Branch1][=C],0.8,0.6475517153739929,CCCN(CCC)CCc1cccc2c1CC(=O)N2,0.9102165699005127,0.15517241379310345,0.7394154689647047,17,230.311
C1=CNC2=CC3=CNc4c(nc2n4C3)NC1,[N][C][=C][C][NH1][C][=C][Branch1][#C][N][Branch1][C][=C][C][=N][Ring1][=Branch1][C][=C][C][Branch1][C][=C][N][C][=C][Ring1][=Branch1][C][=C][Ring1][P][Ring1][#Branch1],1.0,0.6470108032226562,Nc1nc2cc3c(cc2s1)CCN(Cc1cnc[nH]1)CC3,0.8723366856575012,0.14084507042253522,0.603261893084439,16,213.24400000000003
CC=CC=CC(=O)NC(=O)OCC1=CCOCC=C1,[C][C][=C][C][=C][Branch2][Ring1][#Branch1][C][=Branch1][C][=O][N][C][=Branch1][C][=O][O][C][C][=C][C][Branch1][=Branch2][O][C][C][=C][Ring1][#Branch1],0.8,0.6462264060974121,Cn1cc(C(=O)CCCCOc2ccc(C(=O)O)cc2)cc1C=O,0.9093294739723206,0.18666666666666668,0.6210570633819759,19,263.29299999999995
C=C1N=C2CC=CC3(N)NC=NC=CC=NNC3C=CC3O[SH]2CC=C3O1,[N][C][=Branch2][O][=O][Branch2][Ring1][=Branch2][N][C][=N][C][=C][C][=N][N][C][Ring1][#Branch2][C][=C][C][O][S][C][C][=C][Ring1][=Branch1][O][C][=C][C][=C][C][C][Ring1][O][=N][Ring1][#Branch1][=N],1.2,0.6456343531608582,O=C(Nc1ccc(N2CCOCC2)nc1)c1nnc(Nc2ccccc2)o1,0.9219129681587219,0.11224489795918367,0.37145866549181167,27,386.4810000000002
CC(=O)NC1CCC=CC=C1C=CCN,[O][=C][Branch1][C][C][Branch1][=N][C][C][C][C][=C][C][=C][Ring1][#Branch1][C][=C][Branch1][N][C][N][Branch2],1.0,0.6453424692153931,N=C(N)NCCC[C@H](NC(=O)COCC(c1ccccc1)c1ccccc1)C(=O)O,0.7280437350273132,0.24193548387096775,0.7305838573404743,15,206.289
COOCCCOCNCOC(C=O)NCCF,[C][O][O][C][Branch1][=N][C][Branch2][=C][N][C][O][C][N][C][O][C][Branch1][=Branch1][C][=O][C@@H1][Branch1][Ring1][N][C][C][F][=C][C][=C][O][C][Branch1][=Branch1][C][=Ring1][Branch1][C][Branch1][C][N][C][Cl][O][C][N][C][Ring1][S][C][Ring2][Ring1][Branch2],1.2,0.6447813510894775,Cc1noc(C)c1CCC1CCN(S(=O)(=O)CC2(N(O)C=O)CCC(F)(F)CC2)CC1,0.8414203524589539,0.15714285714285714,0.14553052863236535,18,268.28499999999997
CC(C)NC=Nc1cccc2c1C=CC=CC=C2,[C][C][Branch1][C][C][N][C][=N][C][=C][C][=C][C][=C][Ring1][=Branch1][C][=C][C][=C][C][=C][Ring1][#Branch1][Ring1][Branch2][Ring1][=C][C][=C][Ring1][=Branch1],0.8,0.6444072723388672,CCc1cccc(N(C)C(=N)Nc2cccc3ccccc23)c1,0.9579387307167053,0.18,0.6256915994727711,18,238.334
CC=CC=C1C=C2C=CC=C(C1)CC2NCCCC,[C][C][C][C][N][C][Branch1][C][C][C][Branch1][=N][C][=C][C][=C][Ring1][=Branch1][=C][C][=C][C][=C][C][=C][Ring1][=Branch1],0.8,0.644268810749054,C#CCN(C)C(C)Cc1ccccc1,0.9218826293945312,0.16666666666666666,0.7149845807478401,19,255.40499999999997
CC1=CC=CC=C(N=Cc2ccccc2CC=O)C1,[C][C][Branch1][C][C][=C][C][=C][C][=C][Ring1][=Branch1][N][=C][C][=C][C][=C][C][=C][Ring1][=Branch1][C][=Branch1][Ring1][=Branch1][N][C][=O][O],0.8,0.6429088115692139,Cn1c(C(=O)O)c(CCCOc2cccc3ccccc23)c2ccccc21,0.8929831385612488,0.23404255319148937,0.593140141255445,19,251.329
CCC1=NC=CCCC=CC=C1,[C][C][C][=N][C][=C][C][C][Branch2][Ring2][Ring1][=Branch1][C][=C][C][=C][Ring1][#Branch2],1.0,0.6409651637077332,CN1CC=C(c2cccc(O)c2)CC1,0.8308380842208862,0.1702127659574468,0.5594379728677564,12,161.248
CCCCC[SH]1CC2OCCN(C)CC2C1CCNC=O,[O][=C][Branch2][Ring1][Branch2][N][C][C][C][C][C][N][Branch1][C][C][C][Branch1][O][C][O][C][Ring1][Branch2][C][Branch1][=Branch2][S][Ring1][O][C][C][C][C][C][Branch2][Ring1][=Branch2][C][Branch2][N][C][C][C][N][C][=C][Ring1][=Branch1][C][Branch1][N][C][C][=O][=O][S][Ring1][C][C][Ring2][Ring1][=Branch1][C][=C][Ring1][#C][F][Branch1][C][=Branch1][C][F][Ring2][Branch1][Ring1][=Branch1][Ring2][Branch1][S][=N][C][=O][S][C][=O][O][C][C][=Ring1][#Branch1][C@H1][Ring1][#C][N][C],1.0,0.6404624581336975,CS(=O)(=O)N1CCC(NC(=O)NC23CC4CC(CC(C4)C2)C3)CC1,0.9286662340164185,0.18292682926829268,0.4063372379112543,21,316.51100000000014
CCCNC(=O)C=CC=C1C=CNC=C1,[C][C][C][N][C][=Branch1][C][=O][C][=C][C][=C][C][=C][Ring1][#Branch1][N][C][=C][Ring1][=Branch1],0.8,0.6387495398521423,CN(CCOc1ccccc1-c1cc(C(N)=O)c(NC(N)=O)s1)Cc1ccccc1,0.886345624923706,0.2222222222222222,0.6832388203911393,15,204.273
CC=CC=CCCCc1ccc2ncccc2c1C(=O)CNCC,[C][C][N][C][C][=Branch1][C][=O][C][=C][Branch1][P][C][=C][C][=C][Ring1][=Branch1][C][=C][C][=N][Ring1][=Branch1][C][=O][N][C][C][C][C][C][=C][C][=C][C][Branch1][Ring1][#Branch1],1.0,0.6363699436187744,CCC(c1nc2ccoc2c(=O)n1Cc1ccccc1)N(CCCN)C(=O)c1ccc(C)cc1,0.924636721611023,0.3055555555555556,0.4202633086991763,24,322.452
Cc1cccn1C(Cl)=CC=CC=CNC(N)=O,[N][C][=Branch1][C][=O][N][C][=C][C][=C][C][=C][Branch1][=Branch2][N][C][=C][C][=C][Ring1][Branch1][C][Cl][C][=C][Ring1][#Branch1],1.0,0.6360610127449036,NC(=O)c1ccc(Br)cc1,0.7940430641174316,0.2459016393442623,0.7941916720807687,17,251.71699999999998
O=CCOCOCCOCCCC(=O)NOC=CC1C=C(Cl)C=CC1,[O][=C][Branch2][Ring1][Ring2][N][O][C][=C][C][Branch2][Ring1][C][=C][C][=C][C][Branch1][C][Cl][=C][Ring1][#Branch1][Ring1][S][N][C][O][C][Branch1][#C][C][C][O][C][C][O][C][O][=C][C][=Branch1][C][=O],1.0,0.6321116089820862,O=S(=O)(CCCNCCc1ccc(O)c2nc(O)sc12)NCCOCCc1cccc(Cl)c1,0.7573727369308472,0.19480519480519481,0.16519470374347367,25,373.8330000000002
CNC(=O)CCC(=O)CC(C)(CC=O)c1ccccc1C,[C][C][Branch2][Ring1][Ring1][=Branch2][C][C][=Branch1][C][=O][C][C][Branch1][C][Branch1][C][=Branch1][C][=O][N][C][Ring1][Ring1][=Branch1][N][C][Branch1][C][=Branch1][C][=O][C][C][C][=C][Branch1][C][=C][C][=C][C][=C][Branch1][C][=C][Ring1][=Branch1][C][C][=C][Ring2][Ring1][=Branch2],0.8,0.6317736506462097,CCN(C(=O)Cc1ccc(S(C)(=O)=O)cc1)C1CCN(CCC(c2ccccc2)c2ccc(NC(=O)C(C)(C)C)cc2)CC1,0.9533179998397827,0.2708333333333333,0.7470406594604492,21,289.37500000000006
C=CC=NC=COCN1C(N)=CC=Nc2ccccc21,[N][C][=C][Branch2][Ring2][O][C][=N][C][=C][C][=C][C][=C][Ring1][=Branch1][N][Ring1][O][C][O][C][=C][N][=C][C][=C][Branch1][=Branch2],1.0,0.6288831830024719,N=C(N)Nc1nc2ccccc2o1,0.8180565237998962,0.18461538461538463,0.6593598110241891,20,268.32000000000005
CCC1NC2(CC=CC(C)O)CCCC=C=C12,[C][C][C][C][C][Ring1][C][=C][C][=Branch1][=C][Branch2][Ring1][Ring1][N][C][Branch1][O][C][C][=C][C][Branch1][C][C][=Branch1][C][=O][Ring1][Ring2][Ring1][S][Branch1][=Branch2][C][C][=Branch1],1.0,0.628380298614502,COc1ccc(C(CN(C)C)C2(O)CCCCC2)cc1,0.9274724125862122,0.1643835616438356,0.577806110752842,17,233.355
N#CNC=C(S)C1=NCC=CC=C1,[N][#C][N][C][=C][Branch1][C][S][C][=N][C][C][=C][C][=C][Ring1][#Branch1],1.0,0.62816321849823,N#CN=C(N)c1sc(Nc2ccccc2)nc1N,0.8309788107872009,0.14473684210526316,0.39351017272099026,13,191.25900000000001
COCNCCC1C=C=CC=C(C)C(=O)N=NO1,[C][O][C][N][C][C][C][C][=C][=C][C][=C][Branch1][Ring1][=Branch1][C][C][=Branch1][C][=O][N][=N][O][Ring1][N],1.2,0.6275994181632996,CCCc1cc(C2=N[C@@H](C(=O)NO)CO2)cc(OC)c1OC,0.8519650101661682,0.16883116883116883,0.45656934504314933,18,251.286
CCNC(=O)COC(=O)C=CCOC=CC=CC1=CC=CC(CC23C=C(CCCN2)C3)C1,[C][C][Branch2][Ring1][#Branch2][C][=C][C][=C][Ring1][=Branch1][C][=C][C][=C][Branch2][Ring1][Ring1][#Branch1][O][C][C][=C][C][=Branch1][C][=O][O][C][C][=Branch1][C][=O][N][C][C][C][C][Branch1][C][C][N][Branch2][N][C][C][C][C][C][Ring1][=Branch1][=C][Ring1][Branch2],0.8,0.6266530156135559,CC(CC(=O)NCc1ccccc1)C1CCCO1,0.8987804651260376,0.1619047619047619,0.12859868981644884,32,438.56800000000027
O=C=C1NC2C=CC=C(C=O)C1NCCOCCCC2,[O][=C][=C][NH1][=Branch2][#C][C][=C][C][=C][Branch1][=Branch1][C][=O][C][=C][C][=C][Ring1][#Branch2][Ring1][C][N][C][C][O][C][C][C][C][Ring1][S],1.2,0.62608402967453,O=C(Nc1ccccc1)N1CCOCC1,0.88554847240448,0.15942028985507245,0.5395219362782543,20,276.336
CC1CCCC2CCC=CC2C2CN=CC(NCC(C)(C)C(C)C)C(=O)C=C(F)CCC=C2N1,[C][C][Branch1][C][C][C][Branch1][C][C][Branch1][C][C][C][N][C][C][=Branch1][C][=O][C][=C][Branch1][C][F][Branch1][C][C][C][=C][Ring1][=Branch1][N][C][Branch1][C][C][C][C][C][C][C][C][C][=C][C][Ring1][=Branch1][C][Ring1][=C][C][N][=C][Ring2][Ring1][#Branch2],0.8,0.6254057288169861,CNC1(C)C2CCC(C2)C1(C)C,0.9158194065093994,0.17525773195876287,0.4830040459891791,34,471.70500000000027
O=C1OCNCCC=CC=Cc2cccc3c1cccc23,[O][=C][Branch1][#Branch2][O][C][N][C][C][C][=C][C][=C][C][=C][C][=C][C][=C][Ring1][=Branch1][C][=C][C][=C][Ring1][O][Ring1][=Branch1],0.8,0.6244745850563049,O=C(O)CCn1c2ccccc2c2ccccc21,0.9247003197669983,0.22580645161290322,0.7498628269690375,21,279.339
CC(O)C=CC=C1C(=O)N2C=NCC=CNC(OCN3CCCN3C)C23OC13,[C][C][Branch1][C][O][C][=C][C][=C][Branch2][Ring1][O][C][=Branch1][C][=O][N][C][=N][C][Branch1][=N][C][=C][Branch2][Ring1][Branch1][#Branch1][N][C][O][C][N][C][C][C][N][Branch1][C][C][Ring1][Branch1][C][C][Branch1][S][Branch1][C][O][C][Ring2][Ring1][Ring1][Ring1][N][Ring1][Ring1][#Branch1],1.0,0.6214480400085449,CC1(C)CNC(=O)c2sc(N3CCOCC3)nc2C1,0.9187380075454712,0.18681318681318682,0.4962363138743042,28,389.45600000000024
CC(CCNCCCOC(CF)CSCCF)OC(C)OC(=O)NCF,[O][=C][Branch2][Ring2][=N][O][C][=Branch1][C][C][O][C][Branch1][C][C][C][C][N][C][C][C][O][C][=Branch1][C][Branch1][O][C][F][Branch1][O][C][=N][O][C][Branch1][#Branch2][C][S][C][Branch1][=C][C][F][Branch1][C][Cl][S][F][C][=Branch1][C][=O][=O][S][NH1][C][F][=C][Ring1][Branch1][=Branch1][C][Ring1][O][C][=N][C][C][N][Branch2][C][#Branch1][=N][C][Ring2][=Branch2][Ring2][Ring1][#Branch2][=N][NH1][C][=O][C][Branch1][=Branch2][Cl][=N][C][Cl][=Ring1][Branch2][C][Cl][=Ring1][Ring2][Ring2][P][F],1.2,0.6181814670562744,O=C(NCC1CCCCN1)c1cc(OCC(F)(F)F)ccc1OCC(F)(F)F,0.912699282169342,0.18604651162790697,0.22075930819362222,26,404.49500000000006
C=CC=CCNC(=O)C(=O)NCCCN1CC1,[C][C][N][Branch2][Ring1][Ring1][C][C][C][N][Branch1][#C][C][=Branch1][C][=O][C][=Branch1][C][=O][N][C][C][=C][C][=C][Ring1][=Branch1][C][=C][C][=C][Ring1][#Branch1],0.8,0.6180328130722046,CN(C)C(=O)N1CCC(C(=O)NCc2cccs2)CC1,0.8597722053527832,0.22727272727272727,0.2756870916784055,17,237.303
COC=CC(C)=C1CC=CC=C1C=O,[C][O][C][=C][C][Branch1][C][C][=C][C][C][=C][C][=C][Ring1][=Branch1][C][=O][C][=C][C][=C][Ring1][#Branch2],0.8,0.6152148246765137,COc1ccc2cc(CCC(C)=O)ccc2c1,0.8838355541229248,0.18181818181818182,0.5046849361279067,14,190.24200000000002
O=S1(=O)C=C2C=CC(F)=CC=CC=C2N1,[N][S][=Branch1][C][=O][=Branch1][C][=O][C][=C][C][=C][C][Branch1][C][F][=C][C][=C][C][=C][Ring1][P][Ring1][#Branch2][N][C][C][C][C][C][C][=C][Ring1][P],0.8,0.614541232585907,N=C(N)c1ccc(C(=O)N2CCN(S(=O)(=O)c3ccc4cc(Br)ccc4c3)CC2)cc1,0.8727126121520996,0.15789473684210525,0.6812189274948273,15,225.244
CCCN(F)c1ccccc1C=CC=CS(N)(=O)=O,[N][S][=Branch1][C][=O][=Branch1][C][=O][C][=C][C][=C][C][=C][C][=C][C][=C][Ring1][=Branch1][N][Branch1][C][F][C][C][C][Ring1][=Branch1],0.8,0.6142243146896362,CC(C)C(NC(=O)Cn1c(-c2ccccc2)ccc(NS(=O)(=O)NCc2ccccc2)c1=O)C(=O)C(F)(F)F,0.915606677532196,0.25,0.6448519394855571,19,284.35600000000005
CC=CC(=O)N=CC=C1C=Cc2ccccc2N1,[C][C][=C][C][=Branch1][C][=O][N][=C][C][=C][Branch1][#Branch2][N][C][=C][C][=C][C][=C][Ring1][=Branch1][C][=C][Ring1][#Branch1],1.0,0.6134212017059326,CCN(C(=O)Nc1ccccc1)c1ccccc1,0.8894760012626648,0.24489795918367346,0.6347342090016403,18,238.29000000000002
CNC=CNC1=C2C3CC=C4C=CN(C=C1CC3C)C42,[C][N][C][=C][Branch2][Ring2][C][=N][C][=C][C][N][C][=C][Branch2][Ring1][=Branch1][C][C][Branch1][C][C][C][Ring1][=Branch2][C][C][=C][Ring1][O][C][=C][Ring1][N][Ring2][C][Ring1][=C][Branch1][Ring2][C][=Branch1],1.0,0.6129493117332458,CCCCc1nc2c(N)nc3ccccc3c2n1CC(C)C,0.8726884126663208,0.13793103448275862,0.8228319566961428,20,267.376
CC=CC(=CCN=NN(CF)OC=CS)OF,[S][C][=C][O][N][Branch1][S][Branch1][N][=N][C][C][=C][Branch1][Ring1][O][F][C][=C][Branch1][C][C][C][F][Cl][=N][Ring1][=Branch1][F][=Branch1][C][=O][C][=O][=Branch1][C][=O][Cl][Branch1][=N][C][Cl][F][F][Cl][N][C][#Branch1][=C][Ring1][#Branch1][C][=O],1.2,0.6065757870674133,C[C@@](O)(C(=O)Nc1ccc(S(=O)(=O)NCCCO)cc1Cl)C(F)(F)F,0.9263766407966614,0.10126582278481013,0.18286465636399002,17,265.285
C=CC=CC12C(=CC=CNC(C)=O)c3ccccc3C1C=Cc1ccccc12,[C][C][=Branch1][C][=O][N][C][=C][C][=C][Branch2][Ring1][=N][C][=C][C][=C][C][=C][Ring1][=Branch1][=C][C][=C][C][=C][C][=C][C][=C][Ring1][=Branch1][=C][Ring1][#Branch2][Ring1][P][C][=C][C][=C][Ring2][Ring1][=Branch2][C][=Branch1][C][C][Ring1][#C][C][=C][Ring2][Ring1][#Branch2][Ring2][Ring1],0.8,0.6048578023910522,CC(c1ccccc1)N1Cc2ccccc2C1=O,0.9022930860519409,0.2111111111111111,0.7098857382540518,28,365.4760000000001
CCC1=CC=CCNC(=O)N=CNCC(=CC=COC)OC=N1,[C][O][C][=C][C][=C][Branch2][Ring1][Ring1][C][N][C][=N][C][=Branch1][C][=O][N][C][C][=C][C][=C][C][Branch1][C][C][O][C][=N][Ring1][=Branch1][C][Ring1][=Branch1][C][=O],0.8,0.604638397693634,COc1ccc(COC(=O)N2CCC(CNc3ncccn3)CC2)cc1,0.8226119875907898,0.1388888888888889,0.7818471964933426,23,318.37700000000007
CCCC1=CCC2=CC=C(Cl)C(=CC=CC1)NCCC=C2C,[C][C][=C][C][=C][Branch1][#Branch1][N][C][C][C][=C][C][=C][Branch1][C][Cl][=C][C][=C][Ring1][#Branch1][C][C][=C][Ring2][Ring1][N][C][Ring1][Branch1][C][C],0.8,0.6027727127075195,CN1CCc2cc(Cl)c(O)cc2[C@@H](c2ccccc2)C1,0.853935182094574,0.15384615384615385,0.6221101406696429,22,315.8880000000001
N#CC1=CC=CC1=CC(=O)CCOF,[O][Branch2][Ring1][Ring1][#Branch2][C][C][C][=Branch1][C][=O][C][=C][C][=C][C][=C][Ring1][Branch1][C][#N][C][F][C][Ring1][P][N][C][C][Branch1][Ring1][Branch2],1.2,0.5991414189338684,O=C(Nc1ccc(Cl)c(S(=O)(=O)N2CCNCC2)c1O)Nc1cccc(F)c1Cl,0.8022962212562561,0.18867924528301888,0.6393454878483232,14,193.17699999999996
O=CNCCC=C=CCN[SH]=O,[O][=C][Branch2][Ring1][=Branch2][N][C][C][Ring1][=Branch2][C][=C][=C][C][N][Branch1][S][=Branch1][S][=Branch1][C][=O],1.2,0.5980987548828125,N=C(N)Nc1nc(CSCCC(=N)NS(N)(=O)=O)cs1,0.8395653963088989,0.14285714285714285,0.2137217191217582,12,188.252
CC1(N)NC(F)C23N=C(NCC=CC=CON2)NNC13,[N][=Branch2][C][=N][C][Ring1][Branch1][=Branch2][N][Branch1][N][N][C][C][Branch1][=N][C][=Branch1][C][F][NH1][C][Branch1][C][N][Ring1][=Branch1][=C][Ring1][Branch2][NH1][O][C][=C][Ring2][=C][C][C][=C][Ring2][Ring1][=Branch2][=C][Branch1][=C][NH1][Ring2][Ring1][Ring1][NH1][S][S],1.2,0.5968709588050842,Clc1ccc2nsnc2c1NC1=NCCN1,0.8462366461753845,0.16923076923076924,0.2936979675796065,20,283.31100000000004
CCNC1C=CC=CC=CN=CSN(CNC)C(C=O)=C1,[C][C][N][C][Branch1][=N][C][=C][C][=C][C][=C][Branch1][#Branch2][N][C][Ring1][C][S][N][C][N][C][C][=C][Ring1][=Branch1][C][=O],1.0,0.5961433053016663,CCCCNc1nc(N)c2[nH]c(=O)n(Cc3ccc(OCCN(C)C)nc3)c2n1,0.789924144744873,0.16216216216216217,0.5994908214961513,21,306.43500000000006
N=CC(C=O)C(C=NN=CC=O)NNC1=CN=CC=NCCN2NCNCC2=CC1,[C][N][C][N][N][C][C][N][=C][C][=N][C][=C][Branch1][#C][C][C][=C][Ring1][N][Ring2][Ring1][#Branch1][=N][=N][Ring2][C][=N][Ring1][Branch1][=Branch1][=N][N][C][=Branch1][S][C][=N][N][=C][C][=O][Branch1][S][Ring1][=N][O][C][C][C][=Branch1][C][Branch1][=Branch1][C][=O][C][N][Ring1][Branch1][Ring2][Ring1][C][C][C][Ring1][P][=N],1.2,0.5917919874191284,Nc1nnc(CCSCCc2nnc(N)s2)s1,0.88409823179245,0.1388888888888889,0.18011777975602947,30,414.4740000000001
CC1=C(C=NC(=O)OCl)c2ccc(cc2)NC=NC=CC(=O)OS1,[O][=C][Branch2][Ring2][#Branch1][N][=C][C][=C][Branch1][C][=C][S][Branch2][Ring1][C][O][C][=Branch1][C][=O][C][=C][N][=C][Branch1][P][N][C][=C][C][=C][Ring1][S][=Branch1][C][=C][Branch1][=N][Ring1][=Branch1][C][C][Branch1][C][=Branch1][=N][C][=C][Branch1][O][O][Cl][F][O][C][Branch1][C][=O][C][Cl][=Branch1][C][=O][=C][Ring2][Ring1][=Branch2][Ring1][O][C][Branch1][=C][Ring2][Ring2][C][NH1][O],1.2,0.5883095264434814,NS(=O)(=O)c1cccc2c1c([N+](=O)[O-])cc1nc(O)c(O)nc12,0.9272844195365906,0.19047619047619047,0.5985687457224684,24,365.7980000000001
O=C1CCOC(=O)C(=C2C=CC=CC=C2O)OC=COC=CCONC1,[O][=C][Branch2][Ring1][C][C][N][O][C][C][=C][O][C][=C][Branch1][=N][O][C][=C][C][=C][C][=C][C][=C][Ring1][#Branch1][O][=C][C][O][C][Ring1][=N][=O],1.0,0.5864422917366028,O=c1c2sccc2n(CC2COc3ccccc3O2)c(=O)n1O,0.8364399671554565,0.15584415584415584,0.49778823256965504,26,361.3500000000002
CC(C)OC=CC1=CC2=CC=CC1(c1ccccc1CC(C)ONCCCCC=O)N2C=O,[C][C][Branch1][C][C][O][C][=C][C][=C][C][=C][C][=C][C][=Branch1][=C][Ring1][#Branch1][N][Ring1][=Branch1][C][=O][N][C][C][C][C][N][C][=C][C][=C][C][=C][Ring1][=Branch1][=C][C][=Branch1][C][C][=O][N][Branch1][O][C][C][C][C][Ring1][=Branch1][C][=O],0.8,0.5839908123016357,CCOc1cc(CC(=O)N[C@@H](CC(C)C)c2ccccc2N2CCCCC2)ccc1C(=O)O,0.911074697971344,0.18181818181818182,0.19571797246628916,33,450.5790000000003
CC(=O)c1cc2ccc1cc2C=O,[O][=C][Branch1][C][C][C][=C][C][=C][C][=C][Ring1][=Branch1][C][=C][Ring1][=Branch1][C][=O][C][=C][C][=C][C][=C][C][Branch2][Ring1][#Branch2][C][=C][Ring1][=C][C][O][C][=C][N][C][C][Ring1][=Branch1][C][C][Ring1][=Branch1],0.8,0.5828667283058167,NC1CCc2cc(OC(=O)c3ccccc3)c(OC(=O)c3ccccc3)cc2C1,0.927177369594574,0.375,0.5141183176310925,13,172.18299999999996
CC=CC=CC=CC=CC=C1C=CCC=C1C=O,[C][C][=C][C][=C][C][=C][Branch2][Ring1][#Branch2][C][=C][C][=C][C][=C][C][=Branch1][N][C][=C][Ring1][=Branch1][C][=O],0.8,0.5820453763008118,C=CC(=O)Nc1ccc(C)cc1,0.8630098700523376,0.16981132075471697,0.5168462563091372,18,238.32999999999998
COC=CC=C1C=CC=CC(O)CNC(O)C(=O)CCC1,[C][O][C][=C][C][=C][Branch1][=N][C][=C][C][=C][C][Branch1][C][O][C][N][C][O][C][C][C][C][Ring1][=Branch1][=O][N][C][Ring1][=Branch1][C][=O],0.8,0.5814199447631836,CC1CCN(C(=O)c2scc3c2OCCO3)CC1,0.8564550876617432,0.18461538461538463,0.6669653372997406,21,293.36300000000006
C=CC1=CC=COCCCOCCC1(O)OC(=O)C=CCl,[O][=C][Branch2][Ring1][C][O][C][Branch1][C][O][C][Branch1][#C][C][O][C][C][C][O][C][=C][C][=C][Ring1][=N][C][=C][C][=C][Branch1][C][Branch1][=Branch2][Cl][C@H1][C][O][C][C][C][Branch1][C][C][F][C][O][Ring2][Ring2][Ring1][#Branch2][F][N],1.2,0.5811682343482971,O=C(NCC12CC3CC(CC(C3)C1)C2)c1cc(OCCCNCCCO)ccc1Cl,0.7600440382957458,0.16494845360824742,0.49219483877148335,21,314.765
C1=CC=CCCC2=CC2=CC=C1,[C][C][C][C][=C][C][=C][C][=C][C][=C][Ring1][#C][C][Ring2][Ring1][=N][Ring2][Ring1],1.2,0.5775977373123169,C1=CCC(c2ccc3ccccc3c2)CNC1,0.9166231751441956,0.1111111111111111,0.5044194753927717,12,156.22799999999998
CNOCC(O)OC1=CC(=NON=CC=CCOCCNCC=O)OC=CC1=CCC=O,[O][=C][C][C][=C][C][=C][O][=C][Branch1][=C][C][=C][Ring1][#Branch1][O][C][Branch1][C][O][C][O][N][C][=N][O][N][=C][C][=C][Ring2][Ring1][S][=Branch1][C][O][C][C][N][C][C][=O][Branch1][=C][Branch1],1.2,0.576621413230896,COc1ccccc1OCC(O)COC(N)=O,0.8026220798492432,0.16216216216216217,0.09111273289584261,32,452.4640000000002
CC1COC2N=NC=C3C=C(CNCC=CC=CC31)N2,[N][=N][C][=C][C][=C][Branch1][=Branch2][N][C][Ring1][P][O][C][C][C][Branch1][C][N][C][C][=C][C][=C][C][=Branch1][N][Ring1][#Branch2][Ring1][P],1.2,0.5736156702041626,N#Cc1nc(Nc2ccccc2)c(N)c(N2CCOCC2)n1,0.8450921177864075,0.14705882352941177,0.7096734018507029,20,272.352
CN1CCC2NC3=CC4=CC5=CC(O)C=COCCC(=CC4C(=C3)N5)CC=CC(O)N2C1,[C][C][O][C][=C][C][Branch1][C][O][C][=C][Branch1][C][N][C][=C][C][=C][C][=C][Ring1][#Branch1][=C][Ring1][=Branch1][C][=C][Ring2][Ring1][N][C][C][=C][C][Branch1][C][O][N][C][N][Branch1][C][C][C][C][C][Ring1][#Branch1][N][Ring2][Ring1][Ring1][#Branch2],0.8,0.5733698606491089,Cc1ccc(CO)cc1N(C)c1ccnc(Nc2cc(N3CCCOCC3)cc(N3CCOCC3)c2)n1,0.880521833896637,0.14049586776859505,0.4314617863428422,32,436.5560000000002
CCCNC1=CC2=Cc3cccc2c3C=CC(=O)Cc2c(ON)cccc21,[O][=C][Branch1][N][C][C][=C][C][=C][C][=C][Ring1][=Branch1][O][N][C][=C][C][=C][C][=C][C][=C][Ring1][=Branch1][C][=C][Ring1][#Branch1][C][=C][Ring2][Ring1][Ring1][N][C][C][C][=Branch1],0.8,0.5708076357841492,NC1(c2ccc(-c3nc4ccccc4c(=O)n3-c3ccccc3)cc2)CCC1,0.8845516443252563,0.24390243902439024,0.8118796633720122,27,358.44100000000014
CC(O)C(C)OCN(C)N1C=CC=C(Cl)C1,[C][C][Branch1][C][O][C][Branch1][C][C][O][C][N][Branch1][C][C][=N][C][=C][C][=C][Branch1][C][Cl][=C][Ring1][#Branch1],1.0,0.5686345100402832,CCC(CCNC)Oc1cc(Cl)ccc1C#N,0.8927257657051086,0.20689655172413793,0.7467515312843881,16,246.73800000000003
O=NOC=CC=CC(C=NN1C2=NC(=CC1NC=CF)NCN2)=CF,[N][=Branch1][C][=O][O][C][=C][C][=C][C][Branch2][Ring1][#Branch2][C][=N][N][C][Branch1][=Branch2][N][C][N][Branch1][O][C][=C][C][Ring1][Branch2][N][C][=C][Branch1][C][F][=N][Ring1][Branch2][=C][Ring1][P][F][=C][Ring2][Ring1][#Branch2][=N][Ring1][=Branch2],1.0,0.5669379234313965,CC(=O)NC[C@H]1CN(c2ccc(-n3cc(C#N)nn3)c(F)c2)C(=O)O1,0.8744502067565918,0.15217391304347827,0.2018616241480864,25,351.31699999999995
CC(C=CC=C1C=CCC=C1)=Cc1cccc(=O)[nH]1,[N][C][=Branch1][C][=O][C][=C][C][=C][Ring1][=C][C][=C][Branch1][C][=C][C][=C][Ring1][=Branch1][C][=C][Ring1][=Branch1][C][=C][C][C][=C][Ring1][=Branch1],0.8,0.566071629524231,NC(=O)c1ccccc1OCc1ccccc1,0.8644854426383972,0.22916666666666666,0.8147380710504849,19,251.329
Cc1ccc(N2C3=CC=CN=CC(O)C=CC32)[nH]1,[C][C][=C][C][Branch1][C][O][C][=N][C][=C][C][=C][Ring1][#C][N][Ring1][=N][C][=C][C][=C][Branch1][C][C][=N][Ring1][=Branch1],0.8,0.5652983784675598,Cc1cc(Oc2ccnc(Nc3cccc(N4CCOCC4)c3)c2)c(-c2ccccn2)nc1C,0.8658824563026428,0.18181818181818182,0.582641312453509,18,241.294
C=CC=CCNC(C=Cc1ccccc1C=CCOCCOC=Cc1ccccc1C=O)=CC=CCC,[C][C][C][=C][C][=C][Branch2][Ring1][N][C][=C][C][=C][C][=C][C][=C][Ring1][=Branch1][C][=C][C][=Branch1][N][Branch2][Ring1][Ring1][O][C][C][O][C][=C][C][=C][C][=C][C][=C][Ring1][=Branch1][C][=Branch1][C][=O][N][C][C][=C][Ring2][Ring1][=Branch1][C][=C][Ring1][#Branch1],0.8,0.5622479319572449,CCN(CC)CCOc1ccc(/C(=C(/Cl)c2ccccc2)c2ccccc2)cc1,0.8392310738563538,0.2222222222222222,0.10740699040898123,37,495.66300000000024
CC=CC=C(C)CC1=CC=C2CCCC2O1,[C][C][=C][C][=C][Branch1][C][C][=C][C][=C][C][=C][Branch1][#Branch1][C][O][Ring1][=Branch1][N][C][C][C][C][Ring1][Ring2][Ring1][Branch1],0.8,0.5604402422904968,CCC1(c2cccc(O)c2)CCCCN(C)C1,0.8817896246910095,0.2112676056338028,0.6393034034311381,16,216.32399999999996
C=CNC1C2=C(C)CCN1N=CC=COC1=CC=CC=C3n4c5c2c(cc4=O)C13CO5,[N][C][=Branch1][C][=O][C][=C][C][=C][Ring1][#Branch1][O][C][C][Ring1][=Branch1][C][Ring2][N][C][=C][C][=C][C][=C][Ring1][#Branch1][O][C][=C][Ring2][Ring1][N][C][=N][N][C][C][C][Branch1][C][C][=C][Ring2][Ring1][=Branch1][=C][Ring1][#Branch1][N][C][=C][Ring2][Ring1][=Branch2],1.0,0.5595920085906982,Cc1cccc(Cn2ccn3c(=O)cc(N4CCOCC4)nc23)c1,0.8593196868896484,0.1565217391304348,0.8061719033348004,31,414.4650000000002
C=CN=CC(NCCNC=NN)C(=O)C1=CC=CC1,[C][C][=C][C][=C][Branch2][Ring1][=Branch2][C][=Branch1][C][=O][C][Branch1][N][N][C][C][N][C][N][Branch1][C][N][Ring1][C][C][=N][C][=Branch1][C][=C][Ring1][=Branch1],1.0,0.5588727593421936,CN(C)C(=O)N1CCC(C(=O)NCc2cccs2)CC1,0.8003177642822266,0.2,0.18046941135658723,19,261.329
COC=CC=CC=C(NCc1ccc2cc1N(C)CN2)N(N)CC=O,[C][O][C][=C][C][=C][C][=C][Branch1][=Branch2][N][Branch1][C][N][C][C][=Branch1][C][=O][N][Ring1][C][=C][C][=C][C][=C][C][=C][Ring1][=Branch1][N][Branch1][C][C][C][N][Ring1][#Branch1],0.8,0.5538521409034729,Cc1cc(N)c2cc(NC(=O)CCCCC(=O)Nc3ccc4nc(C)cc(N)c4c3)ccc2n1,0.9247602224349976,0.20212765957446807,0.2061441906282634,25,343.4310000000001
C=CCc1ccccc1NCC1=CCN1,[C][C][N][C][Branch1][Ring1][Ring2][N][Branch2][Ring1][Ring2][C][N][C][=C][C][=C][Branch1][=Branch2][=Branch2][C][=C][Ring1][=Branch1][=C][C][=C],1.2,0.5525182485580444,NNCCc1ccccc1,0.8752462863922119,0.2222222222222222,0.7126874518876204,15,200.28499999999997
CN1CCC2(C)NCC3CN(C=O)C4C2C1CN34,[C][C][N][Branch1][C][C][C][Branch2][Ring1][Branch2][C][C][Branch1][C][C][Ring1][Branch2][N][C][C][C][N][C][=O][C][=C][C][Branch2][Ring1][N][C@@H1][Branch1][C][C][N][Ring1][#Branch1][C][Branch1][P][Ring1][=Branch1][=N][C][=C][=C][Branch1][S][Ring1][#Branch1][O][C][C][Ring1][=C][Ring2][Ring1][=N],1.2,0.5487288236618042,CC1(c2nc(N3CCOCC3)ncc2C(=O)N[C@H]2C3CC4CC2C[C@](O)(C4)C3)CC1,0.8892887234687805,0.2,0.6154874370836866,18,250.34599999999995
CC1=CC=CNCC2=C(CNC=CC=CC2)C1,[C][C][=C][C][=C][Branch2][Ring2][=Branch2][N][C][C][Branch1][C][C][=C][Branch1][N][C][N][Branch2][Ring1][C][C][=C][C][=C][Branch1][C][=C][Ring1][Branch2][C][Branch1][C][C][C][Branch1][C][C][Ring1][P][N][=N][Ring1][#Branch2],1.0,0.5478144884109497,Cn1c(CN2CCC(c3ccccc3)CC2)nc2ccccc21,0.8439326286315918,0.14084507042253522,0.6229733231524041,17,228.339
CCOC(COOCN=O)NC=CC=CCC=Cc1ccccc1NCC(=O)C=O,[C][C][O][C][Branch2][Ring1][S][N][C][=C][C][=C][Branch1][=Branch2][=C][C][=C][Branch2][Ring1][#Branch2][C][=C][C][=C][C][=C][Ring1][=Branch1][N][C][C][=Branch1][C][=O][=Branch1][C][=O][C][Branch2][C][=O][C][Ring1][=Branch1][C][C][O][O][C][Ring1][Ring1][Branch1][O][N][=O],1.2,0.5472691655158997,COc1cc(OC)c(S(=O)(=O)NCc2ccccc2N2CCCCC2)cc1NC(=O)CCC(=O)O,0.9052858948707581,0.18,0.058096306701384444,30,417.4620000000003
CC(C)OC=NNC(F)(Cl)NC1SC(N)N1C(N)=CCF,[C][C@H1][Branch1][C][C][O][C][=N][N][C][Branch2][Ring1][C][=N][C][S][C][Branch1][C][=N][N][Ring1][Branch1][C][Branch1][C][N][=C][Branch1][=N][C][F][F][=C][Branch1][C][Cl][=Ring1][Branch1][C][N][=C][Branch1][C][Cl][F][C][F][=Ring1][#Branch2][=Ring1][=C][Branch1][C][=N][Ring1][#Branch1][=C][O][=O][=Branch1][Cl],1.2,0.5471659302711487,C[C@@H]1CN(C(=O)OCC(F)(F)F)CCN1c1ncc(OCc2ccncc2C#N)cn1,0.8925781846046448,0.1590909090909091,0.12832633510587316,21,344.819
NCOC=NC1C2C=CCC1C=C2,[N][C][O][C][=N][C][C][Branch2][Branch2][Ring2][=C][C][=C][C][Branch1][=C][Ring1][=Branch1][C][=C][Ring1][#Branch2][N][C][C][O][C][C][=C][C][=C][Ring1][#Branch1],1.0,0.546574056148529,OCC(O)CN1CCN(c2ccccc2)CC1,0.8047308325767517,0.13043478260869565,0.3040575604300889,13,178.235
OC1=CN=CCc2ccccc21,[C][C][=N][C][=C][Branch1][C][O][C][=C][C][=C][C][=C][Ring1][=C][Ring1][=Branch1],0.8,0.5462183356285095,COc1cccc(-c2c[nH]c(-c3ccccc3)n2)c1,0.9139736294746399,0.24444444444444444,0.6178126015029596,12,159.188
CC(=O)Nc1ccccc1N=CC1=C(Cl)CC=C1C=O,[C][C][=Branch1][C][=O][N][C][=C][C][=C][C][=C][Ring1][=Branch1][N][=C][C][=C][Branch1][C][Cl][=C][C][=C][Ring1][=Branch1][C][=O][Ring2][Ring1][S][C][=C][N][Ring1][=Branch2][N][C][C][N][C][=C][Ring2][Ring1][#Branch1],0.8,0.5458637475967407,CN1C(=O)CN=C(c2ccccc2F)c2cc([N+](=O)[O-])ccc21,0.8741253018379211,0.3541666666666667,0.6819590625889135,20,288.734
C=CC=CC(C)c1cc(C(Cl)CC=CCCl)ccc1[SH](C)(=O)C(C)=O,[C][S][Branch1][=Branch1][C][=Branch1][C][=O][C][=Branch1][C][=O][C][=C][C][=C][Branch2][Ring1][Branch1][=Branch2][C][=C][Branch1][=Branch2][C][Branch1][C][C][C][=C][C][=C][Ring1][=Branch1][C][=Branch1][C][=O][C][=C][Branch1][C][Cl][C][C][=C][C][Cl][C][C][=C][Ring1][=Branch1][C][=O][S][Ring1][=Branch1],1.0,0.5449647307395935,C[C@@](CCc1ccc(-c2ccc(Cl)cc2)cc1)(C(=O)NO)S(C)(=O)=O,0.8764939308166504,0.189873417721519,0.26826010244743126,25,401.3990000000001
CC=CC=CNC(=O)NC=CC=CN=NC(=O)C=O,[C][C][=C][C][=C][Branch2][Ring1][C][=N][C][=Branch1][C][=O][N][Branch2][Ring1][O][C][=C][C][=C][N][=N][C][=Branch1][C][=O][=Branch1][C][=O][N][=C][C][=C][Ring1][#Branch2][C][Ring2][Ring1][P],1.0,0.5448930263519287,CNC(=O)Nc1cc(-c2ccccc2)sc1C(N)=O,0.9175049662590027,0.1282051282051282,0.3286916574132017,19,262.26900000000006
C=C1C=C(O)N2C=CC=CCC=c3ccccc3=NC2N1,[N][C][=C][C][=C][Branch2][Ring1][=Branch2][C][C][=C][C][=C][C][=C][Branch1][O][=C][Ring1][=Branch1][=N][C][=Branch1][=C][Ring1][#C][N][C][=Branch1][C][=C][C][=C][Ring2][Ring1][=Branch1][O],1.0,0.5445069670677185,c1ccc(N2CC3COc4ccccc4C3=N2)cc1,0.8639358878135681,0.16666666666666666,0.7591407060512738,21,279.343
C=C1c2ccc(c(C=CCN)c2)-c2cccc1c2C=CN=O,[N][=Branch1][C][=O][C][=C][C][=C][Branch1][=Branch2][C][=C][C][=C][Ring1][=Branch1][C][=C][C][=C][C][=C][Ring1][=Branch1][C][=C][Ring1][=Branch1][C][=C][C][N][Ring1][#Branch2],0.8,0.5438929796218872,NC(=O)N1c2ccccc2C=Cc2ccccc21,0.9113070964813232,0.1935483870967742,0.7215625937158162,22,288.35
C[C@H](N)CNCNC=NC1=CC=CN(C=CC=CF)C1,[N][C@@H1][Branch1][C][C][C][N][C][N][C][=N][C][=Branch1][=C][=C][C][=C][Branch1][=Branch2][N][C][=C][C][=C][Branch1][C][F][=C][Ring1][#Branch1][=Ring1][O][F][N][C],1.0,0.5430265665054321,N#C[C@@H]1CCCN1C(=O)CNCCNc1ccc(Cl)cn1,0.7529065608978271,0.18292682926829268,0.20536564456075315,20,279.36300000000006
C#CC1=CC=CNC(C)COC2=CC=C(C=CN1)OC2,[C][O][C][=C][C][=C][Branch2][Ring1][P][O][C][C][Branch1][C][C][N][C][=C][C][=C][Branch1][#C][N][C][=C][Ring1][P][Ring1][S][C][=C][Ring2][Ring1][=Branch2][C][O][C][=C][Ring1][C][Branch2][Ring2][Ring1][Branch2][C][C],1.0,0.541800856590271,COc1cccc(Nc2nc(NCC3CCCO3)c3ccccc3n2)c1,0.880693793296814,0.1794871794871795,0.6600670719892593,20,270.33200000000005
CC(C)C(O)c1ccccc1C=O,[C][C][Branch1][C][C][C][Branch1][C][O][C][=C][C][=C][C][=C][Ring1][=Branch1][C][=O][N][Branch1][C][=C][C][=Branch1][C][=O][C][=C][Ring1][Ring1][Ring1][C],0.8,0.540023148059845,CC(C)c1ccccc1Cc1cc(C(=O)Nc2ccc(S(=O)(=O)c3ccccc3C(C)(C)C)cc2)c(O)c(O)c1O,0.9553210139274597,0.5,0.7202073853504983,13,178.23099999999997
CC=CC=C1C=C(C=CC=CC=CCN=CC)NCC1,[C][C][=N][C][C][=C][C][=C][Branch2][Ring1][P][C][=C][C][Branch1][=Branch2][N][C][C][C][=C][C][=C][C][=C][Ring1][=Branch1],1.0,0.538813591003418,CC(=N)NCc1ccccc1,0.8983678817749023,0.13333333333333333,0.568364763492236,20,268.40399999999994
CC(F)=CC(=O)C=C1C=CC=C1CF,[O][=C][Branch1][N][C][=C][C][=C][C][=C][Ring1][Branch1][C][F][N][C][=C][Branch1][C][F][=C][Ring1][#Branch1],0.8,0.5385976433753967,Nc1ncc(NC(=O)c2cc(NC(=O)c3cccc(C(F)(F)F)c3)ccc2Cl)cc1Cl,0.8853893876075745,0.18181818181818182,0.6341417912470039,14,196.19599999999997
CC(CNCCNC=CC=O)CNN1C=CN=CC1,[O][=C][C][=C][Branch2][Ring2][#Branch2][N][C][C][N][C][C][Branch1][C][C][C][N][N][C][C][=N][C][=C][Branch1][S][Ring1][=Branch1][C][=O][C][=C][C][=C][C][=C][C][=C][Ring1][#C],0.8,0.538520097732544,N=C(N)NCCC[C@H](NC(=O)COCC(c1ccccc1)c1ccccc1)C(=O)O,0.7794705033302307,0.18840579710144928,0.29174115119179717,19,265.361
CC(O)CC=NC(C=O)CCN1Cc2ccc1cc2,[C][C][Branch1][C][O][C][C][=N][C][Branch1][Branch1][=Branch1][C][=O][C][C][C][N][C][C][=C][C][=C][Ring1][=Branch1][C][=C][Ring1][=Branch1],0.8,0.5383284687995911,CC(C)N(CCNCCc1ccc(O)c2[nH]c(=O)sc12)C(=O)CCOCCc1ccccc1,0.9098739624023438,0.20588235294117646,0.600616008957502,19,260.33699999999993
CC=CCCCC1=CNc2cc1cc1c(-c3cccnc3C(C)=O)cccc21,[O][=C][Branch2][Ring2][C][C][=N][C][=C][C][=C][Ring1][=Branch1][C][=C][C][=C][C][=C][Ring1][=Branch1][C][=C][C][=C][Ring1][=Branch1][N][C][=C][Ring1][=Branch1][C][C][C][C][=C][C][=C][Ring2][Ring1][=Branch2],0.8,0.53752201795578,Cc1ccccc1-c1c(C(=O)O)n(CCCOc2cccc3ccccc23)c2ccccc12,0.9037429690361023,0.25316455696202533,0.30200450173056304,28,368.4800000000002
CC(C)CNCCC(=O)C=CC=CC=O,[C][C][Branch1][C][C][C][N][C][C][C][=Branch1][C][=O][C][=C][C][=C][Ring1][=Branch1][C][=O][N][C][=C][C][=C][C][=C][Branch1][C][C][=C][C][=C][Ring1][=Branch1][C][=O][N][Ring1][=Branch1],0.8,0.5373192429542542,CCN(CC)CCOC(=O)c1ccc(N)cc1,0.8622898459434509,0.21428571428571427,0.2850807159138222,15,209.28900000000002
C1=CC=CNCOCC=NC=1N=NCc1ccccn1,[N][Branch1][=Branch1][C][O][C][C][=N][C][=C][C][=C][=C][Ring1][=Branch1][N][=N][C][Branch1][=N][C][=C][C][=C][C][=N][Ring1][=Branch1],1.0,0.5355942249298096,Nc1nc2nc(SCc3ccccc3)nc(N)c2s1,0.9180635213851929,0.2222222222222222,0.6750541005116081,20,269.308
O=CC1CNC(=O)C1C1=CC=CC=NC1=CC=NC(=O)CC=Cc1ccccn1,[O][=C][Branch1][O][C][C][=C][C][=N][C][=C][C][=C][Ring1][=Branch1][N][=C][C][=C][N][=C][C][=C][C][=C][Ring1][#Branch1][C][Branch1][S][C][=Branch1][C][=O][N][C][C][=Branch1][=C][Ring1][=Branch1][C][=O][=Branch1][C][=O][=O][Ring1][#Branch1][=C][C][Ring2][Ring1][#Branch1],1.0,0.533275306224823,O=C(Nc1nc2ccccc2n1CCCO)c1cccc([N+](=O)[O-])c1,0.911878764629364,0.24719101123595505,0.5955432078924195,29,388.4270000000002
O=CC1=CC=CNSNCC(NC=CNCC=C=CC=C(F)CCl)=C1,[C][N][S][N][C][=C][C][=C][Branch2][Ring1][=Branch1][C][=O][=Branch1][C][C][=Branch1][C][F][C][=O][=Branch1][C][=O][=Branch1][=Branch2][C][=C][C][=C][C][C][C][=C][Ring1][#C][N][C][=C][N][C][C][=C][=C][C][=C][Branch1][C][F][Branch1][C][Cl][Cl][Cl][=C][Ring1][=Branch1][N][Branch1][C],1.2,0.5325244665145874,O=C(NCCNC(=O)c1cn(-c2ccccc2)nc1C(F)(F)F)c1ccc(Cl)cn1,0.8634447455406189,0.14,0.12922483374777327,25,382.89200000000005
CC=CC=CC=C(C=O)SCCC=CC(=O)C#CNN,[C][C][=C][C][=C][C][=C][Branch2][Ring1][=Branch1][C][=O][N][C][C][C][C][C][C][N][Branch2][Ring2][Ring1][=Branch1][C][=O][C][C][=Branch1][C][Ring1][S][C][C][Branch1][=C][C][=C][C][=Branch1][C][=O][C][=C][Ring1][C][N][N],1.0,0.5313024520874023,CCOC(=O)c1ccc(OC(=O)CCCCCN=C(N)N)cc1,0.8944233059883118,0.125,0.1043334899399033,20,290.388
NC(Cl)=C(NC=O)NNOCCC1=CC2OC=[SH]C=CN12,[N][C][=C][S][=C][O][=C][Ring2][=N][O][C][=C][Ring1][#Branch2][=C][C][O][NH1][N][C][Branch1][=Branch1][N][C][=O][C][N][=C][Branch1][C][Cl][=N][Ring1][Ring2][Ring1][C],1.2,0.5298100113868713,CC(=O)NC[C@H]1CN(c2ccc(-n3cc(C#N)nn3)c(F)c2)C(=O)O1,0.8555929064750671,0.18072289156626506,0.10400668321840582,21,333.80100000000004
CNNN=CN=[SH]CC(CCOCCCCC=O)NC=CC=COC,[C][O][C][=C][C][=C][Branch2][Ring2][Branch1][#Branch1][N][C][Branch1][N][C][C][O][C][C][C][C][C][=Branch1][C][=O][C][Ring1][P][S][=N][C][=N][=N][N][Branch1][Ring1][Branch1][C],1.2,0.5287835597991943,CC(C)[C@H](N)C(=O)OCCOCn1cnc2c(=O)nc(N)[nH]c21,0.8987289667129517,0.15151515151515152,0.04450055280230011,25,373.5229999999999
COC=CC(C)(CCF)ONCCC1=CCC=C1NCCCF,[C][O][C][=C][C][Branch1][C][C][Branch2][Ring1][C][O][N][C][C][C][=C][Branch2][Ring1][O][C][C][=C][Ring1][Branch1][N][C][C][C][F][Ring1][Ring1][C][S][N][=C][C][Branch1][C][C][F][Branch2][=N][Ring2][Ring1][P][=C][C][F][Branch1][C][C][=Branch1][C][C][=C],1.0,0.5280623435974121,COCCCCC(=NOCCN)c1ccc(C(F)(F)F)cc1,0.9399330019950867,0.1566265060240964,0.3087395312022603,23,330.41900000000004
CC=CCC(C)C1C(C=O)C(=O)CCCCN(CC=C(C)NCCl)C1C,[C][C][N][Branch2][Ring1][N][C][Branch1][N][C][C][C][C][=Branch1][C][=O][C][=Branch1][S][=Branch1][Ring1][C][=O][C][Ring1][N][C][Branch1][C][C][C][C][=C][C][=C][C][=C][Branch1][C][C][=N][Ring1][S][C][Cl][C][Branch1][C][O][C][=C][C][Ring1][=Branch1][C][C][Ring2][Ring1][Branch2],1.0,0.5265751481056213,COc1cc(C)c(S(=O)(=O)N(C)CCOCC(=O)N2CCC(C3CCN(C)CC3)CC2)c(C)c1,0.8680530786514282,0.18888888888888888,0.22504896981878236,26,382.9760000000001
CC12CCC(N=O)N(NC=CNC=[SH]3(C=N1)CNS3)N2,[C][N][S][S][Branch1][O][C][=N][C][Branch1][C][C][C][C][Branch1][O][C][N][=O][=O][C][C][C][=C][C][=C][Ring1][#Branch1][=C][N][C][=C][N][N][Ring1][=Branch2][N][=Ring1][=C][Ring1][Branch2][Ring1][Branch1][S][Ring1][=C][C][C][=C][Ring2][Ring2][S],1.2,0.522969663143158,CS(=O)(=O)N1CCc2c(-c3cnc(N)nc3)nc(N3CCOCC3)nc21,0.8749732375144958,0.14285714285714285,0.15733814926164294,20,317.44399999999996
CC=CCC=c1cnc2n1C(C1C=CCNCC1)=CCC=CC=2,[C][N][C][C][C][Branch1][=N][C][=C][C][Branch2][Ring1][#Branch1][C][=C][C][=C][Branch1][=Branch2][N][=C][C][=C][C][C][=C][C][Branch1][=N][Ring1][S][Ring1][#Branch1][=N][C][C][=C][Ring2][Ring1][N],1.2,0.5229379534721375,CCCCc1nc2c(N)nc3ccccc3c2n1Cc1ccccc1,0.8903762698173523,0.18085106382978725,0.869051642051311,23,307.44100000000003
C=CC1=COSC(F)=CC=CN=NC(CCC)C(N=N)CN1,[N][=N][C][=C][C][=C][Branch1][C][F][S][O][C][=C][Branch1][#C][N][C][C][Branch1][#Branch1][C][Ring1][P][C][C][C][N][=N][Ring2][Ring1][#C][C][=C],1.2,0.5222704410552979,C[C@H](Nc1nc(Nc2ncc(C#N)s2)cc(N2CCOCC2)n1)c1ncc(F)cn1,0.867862343788147,0.15384615384615385,0.5838649196689778,22,325.413
NC(=O)C=CCN1C=CC=CC=C(CCC=CC=CCO)CCC1,[C][C][C][N][Branch1][=Branch2][C][C][=C][C][=Branch1][C][=O][N][Branch1][=Branch2][C][=C][C][=C][C][=C][Ring1][P][C][C][C][=C][C][=C][Branch1][O][C][=Branch1][C][=Branch1][C][=O],1.0,0.5220932960510254,N=C(N)NCCC[C@H](NC(=O)COCC(c1ccccc1)c1ccccc1)C(=O)O,0.8330633640289307,0.16161616161616163,0.5315614643974094,24,328.456
CN(C)OOCCCC=C(F)C(Cl)CF,[C][N][Branch1][C][C][=O][O][C][C][C][C][=C][Branch1][C][F][=C][Branch1][=Branch2][C][F][F][=O][C][=C][C][=C][Ring1][=Branch2][Cl][=C][C][Branch1][#Branch2][O][C][Ring2][Ring1][#Branch1][=N][=O][C][C][F][N][=C][S][C][N][C][C][=C][Ring2][Branch1][C][=Branch1],1.2,0.5216519236564636,C[C@@](O)(C(=O)Nc1ccc(S(=O)(=O)NCCCO)cc1Cl)C(F)(F)F,0.9139159917831421,0.14285714285714285,0.28314527652520494,15,243.68099999999998
O=CC=CNC=C1C=CC=C1[SH](F)Cl,[O][=C][Branch2][Ring1][=N][C][=C][N][C][=C][C][=C][C][=C][Ring1][Branch1][S][Branch1][C][F][Cl][S][Branch1][C][Branch1][#Branch2],1.2,0.5215084552764893,N[C@@H](Cc1ccc(F)cc1)C(=O)O,0.8865929245948792,0.13793103448275862,0.4441794895608392,14,233.695
FC(Cl)C1C=CC=CNOC1,[C][O][Branch1][=N][C][=C][C][=C][C][Branch2][Ring1][Branch1][Ring2][N][C][C][=N][C@H1][Branch1][C][C][Branch1][C][C][O][C][O][Ring1][#Branch1][F][C][Branch1][=Branch2][C][C][Branch1][=C][Branch1][C][F][Cl][F][=O][C][C][Ring2][Ring1][#Branch1][C][C][Branch1][C][C][C][C][Ring1][Ring1][=N][C][C][Ring1][Ring1][#C][F][F][F][F][Branch1][S][=O][NH1][=C][C][O][C][Ring1][=Branch2][C][Ring2][Ring1][=Branch2][F],1.2,0.5211663246154785,O=C(Nc1ccc(C(F)(F)F)c(Cl)c1)N1CCN(C[C@@H]2CCCN(C3CC3)C2)CC1,0.877863883972168,0.13432835820895522,0.6164887447868664,11,177.60599999999997
CC1(C2COCCCN=N2)C=CNC2=C1C=CC2,[C][C][=C][C][=C][Ring1][N][=N][C][=C][C][Branch1][N][C][C][O][C][C][C][N][=N][Ring1][Branch2][C][Ring1][=Branch1][C][Branch1][#Branch2][=Ring1][=C][C][=C][C][Branch2][Ring1][S],1.2,0.5202667117118835,Cc1ccc(CO)cc1N(C)c1ccnc(Nc2cc(N3CCOCC3)nc(N3CCOCC3)n2)n1,0.8781912922859192,0.1625,0.7713870091550424,18,245.32599999999994
O=CNCCS(=O)(=O)C=CN=CNCC1C=NC1,[C][N][=C][C][Branch2][Ring1][#C][C][N][C][=N][C][=C][S][=Branch1][C][=O][=Branch1][C][=O][=Branch1][C][C][N][C][=O][C][=C][C][Ring1][=Branch1][C][Branch1][C][=C][C][=Ring1][=Branch1][N][Ring1][#C][C][C][Ring2][Ring1][=N],1.2,0.5179601907730103,CC(C)(C)NS(=O)(=O)c1cncc(-c2ccc3nc(NC(=O)NCC(=O)N4CCOCC4)nn3c2)c1,0.9280416369438171,0.15730337078651685,0.24164082162643435,18,272.33000000000004
CNC=CC=C1C=CC=CCC=CC23C=C4CC4C(C)(C=CC=NCC=C2C)N3C=CN=CNCCC1,[C][N][C][=C][C][=C][Branch1][N][C][C][C][N][C][=N][C][=C][Branch2][Ring1][=N][N][C][Branch1][C][C][=Branch1][N][C][C][C][Ring1][Ring1][#C][C][Ring1][Branch2][C][=C][C][=C][C][=N][C][C][=C][Ring1][#Branch2][C][=C][Ring1][=Branch1][=C][C][=C][C][=Branch1][Ring2][Ring1][=C][Ring1][#Branch2],0.8,0.5155091881752014,Cn1c(CN2CCN(c3ccccc3)CC2)nc2ccccc21,0.8834428191184998,0.13761467889908258,0.4667420880421178,37,495.7150000000003
CC(=O)NNCCC1=CC=CC=C([C@H](C)F)C1,[C][C][=Branch1][C][=O][N][Branch2][Ring1][P][N][C][C][C][=C][Branch2][Ring1][P][C][=C][C][=C][Branch1][=Branch2][C@H1][Branch1][C][C][F][C][=C][C][=C][Ring1][#Branch2],1.2,0.5152055025100708,CN[C@@H](C)C(=O)N[C@H](C(=O)N[C@H]1CCCN(CCc2ccc(F)cc2)C1)C(C)(C)C,0.8602019548416138,0.2127659574468085,0.5691648983984623,17,238.30599999999998
O=CNC(CNNCCNCNC1=CC=C1)Cc1ccccc1,[C][=C][C][=C][Ring1][#Branch1][N][C][N][C][C][N][N][C][C][Branch1][=Branch2][C][C][=C][C][=C][C][=C][Ring1][=Branch1][N][C][=O][C][=C][N][C][=C][Ring1][=Branch2][=C][Ring2][Ring1][#Branch1],1.0,0.5139865875244141,NNCCc1ccccc1,0.9077109694480896,0.2826086956521739,0.1536294476221114,23,315.42100000000005
CCNCC1=CN=CC=CCNNCNCNC(=CC=Cc2ccccc2S(C)(=O)=O)C1C,[C][S][=Branch1][C][=O][=Branch1][C][=O][C][=C][C][=C][C][=C][Ring1][=Branch1][C][=C][C][=C][Branch2][Ring1][=Branch1][N][C][N][C][N][N][C][C][=C][C][=N][Branch1][C][=C][Ring2][Ring1][Branch2][C][N][C][C][C][=Branch1][C][C][Ring1][=Branch1][N][Ring2][Ring1][S][C][C][C][=C][C][=C][Ring2][Ring1][#C],1.0,0.5124368071556091,CO[C@@H](C(=O)N1Cc2n[nH]c(NC(=O)c3ccc(N4CCN(C)CC4)cc3)c2C1)c1ccccc1,0.8596612811088562,0.1875,0.430812735790895,33,472.6590000000003
CCC(O)C1=CC=CNCC2=CC(Cl)C1=CN2,[N][C][=C][C][Branch1][C][Cl][C][=C][Ring1][#Branch1][C][N][C][=C][C][=C][Ring1][O][C][=Branch1][C][O][Branch1][C][C][Branch1][=Branch2],1.2,0.5117820501327515,OCCN1CCN(CCCN2c3ccccc3Sc3ccc(Cl)cc32)CC1,0.7903901934623718,0.14634146341463414,0.6567698869958679,17,252.745
NC(=O)C1CC=CC=C1NC=CC=Cc1ccccc1,[O][=C][Branch1][C][N][C][C][C][=C][C][=C][Ring1][=Branch1][N][C][=C][C][=C][C][=C][C][=C][C][=C][Ring1][=Branch1][Ring2][Ring1][#Branch1][C][C][N][Ring1][O][C][=C][C][=C][C][=C][C][=N][Ring2][Ring1][=Branch1],0.8,0.5106294751167297,O=C(CCc1ccccc1O)Nc1ccccc1,0.8959378004074097,0.22448979591836735,0.8051075616351296,20,266.344
CCNC(=O)C1=CC2C=CC3=C1CC=C(C=C3)C1=CC1=C2,[C][C][N][C][=Branch1][C][=O][C][=C][C][Branch1][=C][C][=C][C][=C][Ring1][#Branch1][=C][C][=C][C][=C][Ring1][#Branch1][C][=C][C][=C][Ring1][Ring1][Ring1][#Branch1][C][N][C][C][C][C][=C][C][Ring1][=Branch1],0.8,0.5090962648391724,CNCCC=C1c2ccccc2CCc2ccccc21,0.8409251570701599,0.22077922077922077,0.8228533675258177,21,275.351
CCCC=CCc1ccccc1CNCN1COC=CNC(SC)NC=CC1=O,[C][O][C][=C][N][C][Branch1][Ring1][S][C][N][C][=C][C][=Branch1][C][=O][N][Branch2][Ring1][Branch1][=Branch2][C][N][C][C][=C][C][=C][C][=C][Ring1][=Branch1][C][C][=C][C][C][Ring1][=Branch1][C][Ring2][Ring1][=Branch1],1.0,0.5074087977409363,COc1ccc(C(CNC(=O)Nc2ccccc2)N2CCN(C)CC2)cc1,0.8692373633384705,0.18947368421052632,0.5372258060635623,29,416.59100000000024
C=CC=C1CCCCCC(=CC=CC=CC)C(=O)N1,[C][C][=C][C][=C][C][=C][Branch1][N][C][=Branch1][C][=O][N][C][=C][C][=C][Ring1][=Branch1][C][C][C][C][C][Ring1][=Branch2],0.8,0.5028110146522522,CCCN(CCC)CCc1cccc2c1CC(=O)N2,0.8348604440689087,0.20930232558139536,0.5957005073609589,19,257.37699999999995
CC(C)COC(=O)N1NCCCCCC=C(C=O)C(C=CC=O)C1C=O,[C][C][Branch1][C][C][C][O][C][=Branch1][C][=O][N][Branch2][Ring1][#Branch2][N][C][C][C][C][C][C][=C][Branch1][=Branch1][C][=O][N][C][C][=C][C][=C][Branch1][=Branch1][C][=O][N][C][C][=C][Ring1][=Branch1][C][=O][C][F][C][C][=C][Branch1][C][=C][C][Ring1][#Branch1][C][C][Ring1][=Branch1],0.8,0.5001688003540039,CCCN(CCC)S(=O)(=O)c1ccc(C(=O)O)cc1,0.8814635872840881,0.189873417721519,0.5737839245026677,26,364.442
O=C(O)C=CC=C1C=CC=C(Cl)C1CCCNC1C=CC=CC1,[O][=C][Branch1][C][O][C][=C][C][=C][C][=C][C][=C][Branch1][C][Cl][=C][Ring1][#Branch1][C][C][C][N][C][C][C][Ring1][#Branch2][=C][C][=C][Ring1][=Branch1],0.8,0.5000229477882385,O=C(O)COCCN1CCN(C(c2ccccc2)c2ccc(Cl)cc2)CC1,0.8495946526527405,0.2,0.5447891305104825,23,331.843
OC12C=Cc3cccc(c3C=CC1)C2,[C][C][=C][C][=C][Branch1][=Branch2][C][=C][C][=C][Ring1][=Branch1][C][=C][C][C][=Branch1][N][=Branch1][C][=O][Ring1][Ring1][C][C][C][N][C][Ring1][Ring2][Ring1][Ring1][C][C][=C],1.0,0.49697262048721313,C1=C(c2cc3ccccc3o2)C2CCN1CC2,0.9174687266349792,0.2,0.6560934678410515,14,184.23799999999994
CC(C)C(=O)C=C1N(C)C=CC=CC=CC(C)(C)N1C=O,[C][C][Branch1][C][C][C][=Branch1][C][=O][C][=C][N][Branch1][=Branch1][C][=O][C][=C][C][=C][Branch2][Ring1][O][C][=C][C][=C][C][=C][N][Branch1][C][=C][Ring1][N][C][N][Branch1][C][O][C][C][C][C][Ring2][Ring1][P][Ring2][Ring1][Branch1][C][C][C][Ring1][O],0.8,0.49679139256477356,Cc1ccc(S(=O)(=O)Nc2c(C(=O)N[C@@H](C)C(C)(C)C)c(C)nn2C2CCOC2)cc1,0.8612127900123596,0.1774193548387097,0.5920603453990233,21,288.391
C=CCC=CCOC1C=CC=CC=CC23c4cccc2c4C3C(C)=COO1,[C][C][=C][C][=C][C][=C][Ring1][=Branch1][C][Branch2][Ring1][=Branch2][C][=C][C][=C][C][=C][C][Branch1][=Branch2][O][O][C][=C][Ring2][Ring1][=Branch1][C][O][C][C][=C][C][C][=C][Ring1][Branch2][Ring1][=Branch1][C][C][Branch1][C][=O][N][C][C][O][=C][C][C][C][Branch1][C][=C][Ring1][Branch1][C][=C][Ring2][Ring1][C][=C][Ring2][Ring2][Ring1][N][Ring2][Ring2][Ring1][O],0.8,0.49674171209335327,CCN(CC)C(=O)c1ccc(C2=CC3(CCNCC3)Oc3cccc(O)c32)cc1,0.864605724811554,0.125,0.48400544377917515,27,360.4530000000002
CC1C2=CC(C=O)C=CC3=COC(C2)C3C1C,[C][O][C][=C][C][=C][C][Branch2][Ring1][=Branch1][C][=O][N][C][C][C][C][C][Branch1][C][C][C][N][Branch1][C][N][C][Ring1][Ring1][#Branch1][C][C][=C][Branch1][=C][C][=Branch1][C][C][C][Branch1][C][C][C][Ring1][=N][Ring2][Ring1][=Branch2][=C][Ring2][Ring1][#Branch2],0.8,0.4954569637775421,COC1CCN(C(=O)C2CCN(CCc3c(-c4cc(C)cc(C)c4)[nH]c4sc(C(C)(C)C(=O)N5C6CCC5CC6)cc34)CC2)CC1,0.8983643651008606,0.23376623376623376,0.511196858678333,17,230.30699999999996
CC=CC1=C(C=O)CC=CC=C1OC=CC=CCC,[C][C][=C][C][=C][Branch2][Ring1][C][=C][C][=C][C][=C][Ring1][#Branch1][O][C][=C][C][=C][C][Branch1][Ring1][=Branch1][C][=Branch1][C][=O][N][N][C][C][C][=C][C][C][N][Branch1][C][C][Branch1][C][C][Ring1][=Branch1],0.8,0.49454155564308167,CCN(CC)CCOC(=O)c1ccc(N)cc1,0.8482276797294617,0.16981132075471697,0.3998193146867007,19,256.34499999999997
C=CC1=CCC23C=C(C=CC=CC=CC=O)C=CCC2=CC2=CCC=CC2C=CCNCCC1=CC3,[O][=C][C][=C][C][=C][C][=C][C][=C][C][Branch1][=Branch1][C][C][=C][C][=C][Ring1][P][=C][C][=C][Ring1][=Branch1][=C][Ring2][Ring1][O][C][N][C][C][=C][C][C][=C][C][C][=C][Ring1][=Branch1][C][=C][Ring2][Ring1][#Branch1][C][C][=C][Ring2][Ring1][N],0.8,0.49413371086120605,OC1(c2ccccc2)CNCCc2ccccc21,0.8629046678543091,0.11926605504587157,0.19258515688722827,36,475.6760000000002
COCOC(C=O)CCOC=CC(=O)O,[C][O][C][O][C][=Branch1][O][Branch1][=Branch2][C][=O][N][C][Branch1][N][Branch1][S][C][C][O][C][=C][C][=Branch1][C][=O][=O][Ring1][=Branch2][C@H1][Branch1][=C][C][Cl][C][Cl][C][=C][Ring1][#Branch1][C][Branch1][Ring1][=Branch2][C][N][=C][Ring1][=Branch2],1.2,0.49301519989967346,COCC1=C(C(=O)OC(C)OC(=O)OC(C)C)N2C(=O)[C@@H](NC(=O)/C(=N\OC)c3csc(N)n3)[C@H]2SC1,0.8607663512229919,0.17857142857142858,0.19531272948531253,15,218.20499999999998
CNCNC=CNC=CSOC=C=Cc1ccccc1,[C][N][C][N][Branch2][Ring1][=Branch2][C][=C][N][C][=C][S][O][C][=C][=C][C][=C][C][=C][Ring1][=Branch1][C][=C][Ring1][=Branch1],1.2,0.4924449920654297,CC(=N)NCc1ccccc1,0.8537741899490356,0.21428571428571427,0.21445824118187398,20,289.404
CC(=O)N1NCCC=CC(C=O)CCS1,[O][=C][Branch1][C][C][N][S][C][C][C][=Branch1][O][C][=O][C][=C][Ring1][C][Branch1][S][C][=C][C][=C][Ring1][N][=C][Branch1][=Branch2][C][N][Ring1][N][Ring2][O][C],1.2,0.4922747313976288,O=C(NC1CCCCC1)C1CCCN(S(=O)(=O)c2cccs2)C1,0.8738512992858887,0.1746031746031746,0.4154137879448221,15,228.317
COCC=NC=CC1CC=C2NCOC3=CC=NC=C(NC2C1)C3N,[C][O][C][Branch2][Ring2][N][C][=N][C][=C][C][Branch2][Ring1][C][=C][C][=C][N][Branch1][=N][C][O][C][=C][C][=N][C][=C][C][Ring1][#Branch1][N][C][C][Ring1][=C][N][Ring1][=Branch1],1.0,0.492030531167984,CCOc1noc2cc(OCCC3CCN(c4ccc(C)nn4)CC3)ccc12,0.8422303199768066,0.15151515151515152,0.666754867506903,25,343.4310000000001
O=C(C=CC1=CCC=CC=C1CCl)NCCCCOCCNC1=CCCCO1,[O][=C][Branch1][S][C][=C][C][=C][Ring1][=Branch1][C][C][=C][C][=C][Ring1][#Branch1][C][Branch1][C][Cl][N][C][C][C][Branch1][S][C][O][C][C][N][C][=C][Branch1][#Branch2][C][C][C][O][Ring1][=Branch1][C][=O],0.8,0.4918276369571686,O=C(O)CNCCNc1ccc(Cl)c(C(=O)NCC23CC4CC(CC(C4)C2)C3)c1,0.8889011144638062,0.1836734693877551,0.29420491506979257,28,406.9540000000003
CC1CCC23CCCC4CCC5C(=CC=C(NC=CC=COC(=O)NCC2)C2CN5CC=C2N4C)CC13,[C][C][Branch1][C][C][C][C][C][Branch2][Ring1][Branch1][C][C][N][C][=Branch1][C][=O][O][C][=C][C][=C][Branch2][Ring1][C][=N][C][=C][C][=C][C][Branch2][C][=C][Branch1][Ring2][Ring1][=Branch1][C][=O][N][C][C][C][Branch1][C][=C][Ring2][Ring1][Branch2][C][C][C][C][C][C][C][Ring1][=Branch2][N][Branch1][=C][C][C][=C][Ring2][Ring1][#Branch1][N][Branch1][Ring2][Ring1][=Branch2][C][C][C][C][Ring2][Ring1][Ring2][Ring1][Ring2][Ring1][Branch1],0.8,0.49169403314590454,COC1CCN(C(=O)C2CCN(CCc3c(-c4cc(C)cc(C)c4)[nH]c4sc(C(C)(C)C(=O)N5C6CCC5CC6)cc34)CC2)CC1,0.9156960844993591,0.152,0.4599737487322235,37,504.71900000000045
CC=Cc1ccccc1NC=O,[C][C][=C][C][=C][C][=C][C][=C][Ring1][=Branch1][N][C][=O][N][C][=C][Ring1][#Branch1],0.8,0.48619937896728516,C=CC(=O)Nc1ccc(C)cc1,0.9199466705322266,0.3235294117647059,0.6768738407143527,12,161.20399999999998
NC=CCNNSCN=NCSCCNCC(=O)C=O,[N][C][=C][C][N][Branch2][Ring1][P][N][S][C][N][=N][C][S][C][C][N][Branch2][=N][C][=C][C][=Branch1][C][=O][=Branch1][C][=O][C][=C][C][Ring1][=Branch2][C][=C][Branch1][N][C][=C][Ring1][P][S][Ring1][Branch2],1.0,0.48537346720695496,N=C(N)Nc1nc(CSCCC(=N)NS(N)(=O)=O)cs1,0.9445288777351379,0.16393442622950818,0.08563070223427383,20,320.4440000000001
CC=NCC(C)OCC1=C(C)C=CC=CN=CCN=CCOC=C1,[C][O][C][=C][C][Branch1][O][C][O][C][Branch1][C][C][C][N][=C][C][=C][Branch1][C][=C][C][=C][Ring1][#Branch1][C][=C][Ring1][=Branch1][N][=C][C][N][=C][Ring2][Ring1][#C],0.8,0.4852062165737152,CCN1CCOc2cc(COc3ccccc3)cnc21,0.852756917476654,0.136986301369863,0.7242792356671982,24,329.4440000000001
C=CCCC=NC1=COCCC(O)=CC=C1C=CNC(C)=O,[C][C][=Branch1][C][=O][N][C][=C][C][=C][C][=C][Branch1][C][O][C][Branch1][S][C][O][C][=C][Ring1][#Branch2][N][=C][C][C][C][=C][Ring1][=Branch1],1.0,0.48448100686073303,NC(=O)COc1ccc(OCCNCC(O)COc2ccccc2)cc1,0.8358702659606934,0.20270270270270271,0.44907493108350205,22,302.3740000000001
CC1=C2C=CCC3C(=CNN1C)C23,[C][N][N][C][=C][Branch1][#Branch2][C][C][C][=C][C][=C][Ring1][#Branch2][C][=C][Ring1][Branch2][Ring1][Ring2][Ring1][N][C][C][C][C][=C][C][Branch1][C][=Ring1][=Branch1][C][Branch1][C][C][=C][C][N][Branch1][C][Cl][C][=N][C][Ring1][=Branch1][C][=O],1.0,0.4844253659248352,Cc1nc2ccc(-c3ccc(Cl)cc3)cc2c(=O)n1C[C@H]1CCCN(C(C)C)C1,0.8686215281486511,0.18867924528301888,0.6021228650476912,13,174.24699999999999
C=CC=NC1=NC(S)CC=CC(=N)CC(CN=CC=CNC)N=CC1,[C][N][C][=C][C][=N][C][Branch1][Branch2][Ring2][C][C@H1][Branch1][C][=Branch1][N][C][C][C][=Branch1][C][=N][C][=C][C][C][Branch1][Ring1][=Branch1][S][N][=C][Branch1][N][=C][C][=N][Ring1][=C][O][N][=N][Ring1][=Branch1][=O][N][=C][C][=C][Ring1][S],1.2,0.47990062832832336,CC[C@@H](CO)Nc1nc(SCc2ccccc2)nc2nc(N)sc12,0.8636664152145386,0.11702127659574468,0.5121836736664661,25,358.51500000000016
CCC(=O)NCNC(=O)SNC=NC=CC=CC=C1C=CC=CC1F,[C][C][Branch1][N][C][=Branch1][C][=O][N][Branch2][Ring1][P][C][N][C][=Branch1][C][=O][S][N][C][=N][C][=C][C][=C][Branch1][#C][C][=C][C][=C][Ring1][=C][C][=C][C][=Ring1][=Branch1][F][F],1.2,0.47627630829811096,CC(C)C(NC(=O)Cn1c(-c2ccccc2)ccc(NC(=O)NCc2ccccn2)c1=O)C(=O)C(F)(F)F,0.8443892002105713,0.18292682926829268,0.20331796292484192,25,364.4460000000001
C=CC1CCC=NC(=O)NCC1C(=O)c1cc(C)ccc1N=COC,[C][O][C][=N][C][=C][C][=C][Branch1][C][=C][C][=C][Ring1][#Branch1][C][=Branch1][C][=O][=C][Branch1][=N][C][N][C][=Branch1][C][=O][N][C][Ring1][C][C][C][C][Branch1][Ring1][#C][=C][Ring2][Ring1][Ring2][Ring1][C][=C][C],1.0,0.4746333360671997,COc1ccc2nc(C)cc(N3CC(CNC(=O)C4CC4)OC3=O)c2c1,0.9068489074707031,0.23595505617977527,0.38525986190093103,25,341.4110000000001
CCCOCCCCN(C=O)[C@H]1C(=O)C=CC1=CNN1COCCOC1=O,[C][O][C][C][O][C][=Branch1][C][=O][N][Branch1][Branch2][Ring2][N][O][C][Branch1][=C][C][#N][C][=C][Branch2][Ring1][=Branch1][C][=C][C][=O][N][C][=C][Branch1][C][=C][Branch2][Ring1][=Branch1][C][=O][C@H1][Branch1][C][Branch1][Ring1][O][C@H1][Branch1][C][Ring1][Ring1][N][Branch1][O][=C][C][C][C][O][=C][C][=Branch1][C][C][Branch1][C][=O][Ring1][=Branch2][=C][Ring2][Ring1][N][C][C][Branch1][C][C][C][=Branch1][C][C][C][N][=O][C][Branch1][=C][C][C][=N][C][Ring2][Ring1][P][=C][=C][C][C][C],1.2,0.4736345112323761,COCC1=C(C(=O)OC(C)OC(=O)OC(C)C)N2C(=O)[C@@H](NC(=O)/C(=N\OC)c3csc(N)n3)[C@H]2SC1,0.8958895206451416,0.18446601941747573,0.42069645294500946,27,381.42900000000026
NC=CC=CC=CC(=O)NC=CC=Cc1ccccc1N1C2=CC=CC1CN2,[N][C][=C][C][=C][Branch2][Ring1][Branch2][C][=C][C][=Branch1][C][=O][N][C][=C][C][=C][Branch2][Ring1][#C][C][=C][C][=C][C][=C][Ring1][=Branch1][=N][C][Branch1][C][=C][C][=C][C][=C][Ring1][#Branch1][N][Ring1][=Branch1],0.8,0.4735840857028961,NC(=O)N1c2ccccc2C=Cc2ccccc21,0.8695986866950989,0.2073170731707317,0.5080858704675778,28,372.4720000000001
CC=CC1=CCNCc2cc3cc(O)c2C=CC(=O)CC=Cc2c1c1ccc2cc1-3,[O][=C][Branch2][Ring1][Branch2][C][=C][C][=C][Branch1][C][O][C][=C][C][=C][Ring1][#Branch1][=C][Ring1][P][N][C][C][=C][C][=C][C][=C][C][=C][C][=C][Ring1][=Branch2][C][=C][C][=C][Ring1][=Branch1][C][=C][Ring1][=Branch1][Ring2][Ring1][=Branch1][=N],0.8,0.4732171893119812,O=C1CCCc2nc(C#Cc3ccccc3)ccc21,0.896060049533844,0.17567567567567569,0.556503234954033,30,393.48600000000016
CC=CC=C1C(=O)C2=CC=C(C=O)C3C=CC=C(C=O)C3=CC12,[C][C][=C][C][=C][Branch2][Ring1][#Branch1][C][=Branch1][C][=O][C][=C][C][=C][Ring1][=Branch1][C][=O][N][C][=C][C][Branch1][C][Cl][C][=C][C][=C][Ring1][#Branch1][C][=C][C][Ring1][#Branch1][C][=C][C][=C][Ring1][=Branch1][C][=O],0.8,0.4723389744758606,CCCC(=O)Nc1ccc2c(c1)C(=O)C(=O)c1ccccc1-2,0.8423663377761841,0.13333333333333333,0.594735501942565,23,304.3450000000001
OS12C3=CC=C4C(=C=CC=CN1n1cccc12)C4NC3=CCCCl,[N][C][=C][C][=C][Ring1][#Branch2][S][=Branch1][C][=Branch1][C][=O][N][Ring1][=C][C][=C][C][=C][=C][=Branch1][=C][C][=C][C][=C][Ring1][N][C][=C][C][C][Branch1][C][Cl][=C][Ring1][#Branch2][N][Ring1][#Branch1],1.2,0.4706910252571106,O=C(CN1C2=NCCN2c2ccccc21)c1ccc(Cl)cc1,0.877587616443634,0.1388888888888889,0.6224860296554613,24,357.8660000000001
CN1CC=C(C=C(C=O)CC=CCC=Cc2ccccc2-c2ccccc2)CCC=N1,[C][C][C][=N][N][Branch1][C][C][=C][C][=C][Ring1][=N][C][=C][Branch1][=Branch1][C][=O][N][Ring1][S][C][C][Ring1][N][=C][C][C][=C][Ring1][=Branch2][C][=C][C][=C][C][=C][Ring1][=Branch1][C][=C][C][=C][C][=C][Ring1][=Branch1][Ring1][=Branch1],0.8,0.4687041640281677,CN1CCc2c1nc1ccccc1c2NC(=O)Cc1ccccc1,0.9055768251419067,0.22077922077922077,0.28389362479944646,31,410.5610000000001
C=CC=CC=CC1(C)C=CC=CC=C(Cl)C=CC=CNC1,[C][C][Branch2][Ring1][N][C][=C][C][=C][Branch1][C][Cl][C][=C][C][=C][Ring1][=Branch1][N][C][C][Branch1][C][=C][Ring1][S][C][=C][C][=C][C][=C][Ring2][Ring1][=Branch1],0.8,0.468278706073761,CNCCC=C1c2ccccc2CCc2ccccc21,0.843382716178894,0.14705882352941177,0.7063464024458828,21,299.8450000000001
CC1(C)CC=CC=NC=C(c2ncccc2C=C2C=C(NCC=O)C2)C1,[C][C][Branch1][C][C][C][C][=C][C][=N][C][=C][Branch2][Ring1][O][C][=N][C][=C][C][=C][Ring1][=Branch1][C][=C][Branch1][N][C][=C][N][Branch1][C][=Branch1][C][C][=O][N][C][C][Ring1][=Branch1][C][Ring2][Ring1][=Branch2],0.8,0.4655079245567322,COc1ccc(C(CNC(=O)Nc2ccccc2)N2CCN(C)CC2)cc1,0.8687140345573425,0.2073170731707317,0.8067527742967486,26,347.46200000000016
NCN1C(=O)C(=CC(O)=CC=CC(=O)C2CC2)CC=NC1N,[C][C][C][Ring1][Branch2][C][=Branch1][C][=O][C][=C][C][=C][Branch1][C][O][C][=C][Branch1][=Branch2][C][=Branch1][C][=O][N][C][Branch1][C][N][C][C][=N][C][=Branch1][C][Branch1][C][=N][Ring1][#Branch1][=O][=O][N][C][C][=C][Ring1][=Branch1],1.0,0.4649239480495453,CCN1CCCC1CNC(=O)c1cc(S(N)(=O)=O)ccc1OC,0.8948331475257874,0.19318181818181818,0.38417643831815473,22,304.34999999999997
C=CN=CNCC=CNC1=CCOCCC1,[C][C][O][C][C][=C][Branch1][#Branch2][N][C][=C][C][N][C][=N][C][=C][C][=Branch1][C][Branch1][=N][Ring2][Ring1][#Branch2],1.2,0.4632900357246399,CCCCCc1ccc(-c2nnc(N)s2)cc1,0.729497492313385,0.15,0.40616488614644697,16,221.30399999999997
C=CC=CCC1=CC=CC=CN=CCN(CNC)C1,[C][N][C][N][Branch1][C][C][=C][C][=N][C][=C][Branch1][=N][C][=C][C][=C][Ring1][#Branch2][=C][C][=C][C][=C][Ring1][=Branch1],1.0,0.4629105031490326,CC(=N)NCc1ccccc1,0.828985869884491,0.14084507042253522,0.7668344701959534,19,257.38100000000003
C=CCC(=O)C1CN=NCC=CCC(C)=NNC2NCC2=CC2(CC2)C1,[C][C][C][Ring1][N][Branch1][N][C][C][C][=Branch1][C][=O][C][Ring1][C][C][=C][C][=C][C][Ring1][Branch2][N][C][Ring1][Ring2][N][N][=C][Branch1][C][C][C][C][=C][C][N][=N][C][Ring2][Ring1][=Branch1],1.2,0.46108633279800415,O=C1CC2(CCCC2)CC(=O)N1CCCCN1CCN(c2ncccn2)CC1,0.8464608788490295,0.17,0.7634835247945675,26,355.48600000000016
CC1=CC=CCC(Cl)=CC=CN1,[C][C][=C][C][=C][Branch1][C][C][N][C][=C][C][=C][Branch1][Branch2][Ring1][=N][C][Branch1][C][C][C][Cl][C][O][Ring1][Ring1][N][Ring1][#Branch1],1.0,0.46093618869781494,CN1CC=CCC(c2ccc(Cl)c(Cl)c2)C1,0.8516789078712463,0.17647058823529413,0.6058613911445623,12,181.666
ClC1=CC=CC=CNC1N=CCC=CC1=CNCCCCC=C1,[N][C][=C][C][=C][C][=C][Branch1][C][Cl][=C][Ring1][#C][N][=C][C][C][=C][C][=C][Ring1][#Branch1][N][C][C][C][C][C][=C][Ring1][=Branch2],0.8,0.46063730120658875,NC1(C(=O)NC(Cc2ccccc2)c2ccc(Cl)cc2)CCN(c2ncnc3[nH]ccc23)CC1,0.7498214840888977,0.13846153846153847,0.7526832302400525,23,329.8750000000002
COCC=C(C)C1C=CC=CN=CC=C1,[C][O][C][C][=C][Branch1][C][C][=C][C][=C][C][=N][C][=C][C][=C][Ring1][=Branch2][Ring2][C][=C][O][Ring1][Branch2][Ring1][=Branch2][N][=C][=C][C][=C][C][Branch1][=Branch2],1.2,0.45900899171829224,COc1ccccc1CNc1cc(C)ccn1,0.8480765223503113,0.13157894736842105,0.6461929503731635,15,203.28500000000003
C=CC(=CNC)c1ccccc1C=CC=O,[C][N][C][=C][Branch1][=C][C][=C][C][=C][C][=C][Ring1][=Branch1][C][=C][C][=Branch1][C][=O][C][=C][Ring1][#Branch1],0.8,0.4570640027523041,CCN(C(=O)Nc1ccccc1)c1ccccc1,0.9250681400299072,0.2857142857142857,0.4625910389769869,16,213.27999999999997
CC=CC=CC=CC(=CC=CCCC)NN=CCC1C(=O)N(C)C1C=CC,[C][C][C][C][=C][C][=C][Branch1][#Branch2][C][=C][C][=C][C][=C][Ring1][#Branch1][C][N][Branch2][N][C][N][=C][C][C][C][=Branch1][C][=O][N][Branch1][C][C][=C][Ring1][=Branch1][C][=C][C][Ring1][=Branch1],0.8,0.45669206976890564,CCN(CC)CCNC(=O)c1ccc(N)cc1,0.9203023314476013,0.16176470588235295,0.18528643912308865,27,367.5370000000001
O=CC(CC=CCF)=N[C@@H](O)CC1=COC(F)OC=C1,[C][O][C][Branch1][C][F][O][C][=C][C][Branch2][Ring1][#Branch2][C][C@H1][Branch1][C][O][N][C][Ring1][C][Branch1][=Branch1][C][=O][N][C][Branch1][C][C][=C][C][F][=Branch1][N][C][F][=Ring1][S][S][N][N][N][=O][C][C][C][C][Ring1][Ring1][=Branch1][=C][C][Ring2][Ring1][S][Ring2][Ring1][=Branch1],1.2,0.45633918046951294,Cc1sc(N2CCN(C(=O)[C@@H]3CCCC[C@H]3C(=O)NC3(C#N)CC3)CC2)nc1C(F)(F)F,0.836722731590271,0.14754098360655737,0.44127292906160376,20,287.262
CC1=CCC=CC=C1NNC(C)=NCON,[C][C][=C][C][Branch1][=C][C][=C][C][=C][Ring1][#Branch1][N][Branch1][N][N][C][=Branch1][C][C][N][Ring1][Ring1][C][O][N],1.0,0.4558212161064148,CC(C)CNc1nc(C#N)nc(N2CCNCC2)c1N,0.8390524387359619,0.17647058823529413,0.37872306053619953,16,222.29199999999997
CCNC(=O)NS(=O)(=O)C=C1C=C(F)C(Br)=C1C=CC1=COC=CC=C1,[C][C][N][C][=Branch1][C][=O][N][S][=Branch1][C][=O][=Branch1][C][=O][C][=C][C][=C][Branch1][C][F][=C][Branch1][C][Br][=C][Ring1][#Branch1][C][=C][Ring1][=Branch2][C][=C][Ring1][#Branch1][O][C][=C][C][=C][Ring1][#Branch1],0.8,0.45557916164398193,CC(=O)Nc1cccc(S(=O)(=O)Nc2ccc(-c3ccccc3)n(CC(=O)NC(C(=O)C(F)(F)F)C(C)C)c2=O)c1,0.8887548446655273,0.2054794520547945,0.6807055657440995,26,443.2940000000001
CC(C)C=COOCCC(C=O)=CC=O,[O][=C][Branch2][C][Branch2][Ring1][=Branch2][C][C][=C][C][=C][C][=C][Branch2][Ring1][=Branch1][C][=O][C][=C][C][=C][C][=C][Ring1][Branch1][O][O][C][C][C][C][Ring1][=Branch1][O][C][Branch1][C][Ring1][O][C][O][O][C][C][Ring1][C][C][Branch1][C][C][C][Branch1],0.8,0.4547397494316101,CCCc1c(OCCCCSCC(=O)O)ccc(C(C)=O)c1O,0.9021227359771729,0.1509433962264151,0.153697056390917,15,212.245
Cc1ccccc1NC(=O)C(=O)NC1=CC=CCC1,[C][C][=C][C][=C][Branch2][Ring2][Branch2][N][C][=Branch1][C][=O][C][=Branch1][C][=O][N][C][=C][C][=C][C][=C][Branch1][C][=C][Ring1][=Branch1][C][N][=C][C][=C][Branch1][C][F][C][C][=C][Ring1][#Branch1][C][=C][C][=C][C][=C][Ring2][Ring1][#C],0.8,0.4541783034801483,C=CC(=O)Nc1ccc(C)cc1,0.9470497965812683,0.46153846153846156,0.7975000160820168,19,256.305
CC=CC=CC=C1NCC=CC2=C(C=CC)NC12,[C][C][=C][C][=C][C][=C][Branch1][#Branch2][N][C][C][=C][C][=C][C][=C][C][=C][Ring1][=Branch1][N][Ring1][=Branch1],0.8,0.4536548852920532,CCc1cccc(N(C)C(=N)Nc2cccc3ccccc23)c1,0.8790031671524048,0.12121212121212122,0.7411043734609469,18,240.35000000000002
CC=CC=CC(=O)NC=CC=CC1=CC2=CC=C(C=O)C1O2,[C][C][=C][C][=C][C][=Branch1][C][=O][N][C][=C][C][=C][C][Branch1][S][C][O][C][=C][C][=C][Ring1][=Branch1][C][=O][C][=C][C][Branch1][N][=C][Ring1][#Branch1],0.8,0.45203113555908203,CC(=O)Nc1ccc(O)cc1,0.9282030463218689,0.1625,0.4654517966821082,22,295.338
CC(C)(C=O)CCCCC[C@@H](C=O)COCF,[C][C][Branch1][C][C][Branch1][N][C][C][Branch1][O][C][Branch1][S][Branch1][C][C][C@H1][Branch1][=Branch1][C][O][C][F][=C][C][=O][C][O][C][=O][C][=C][C][=C][N][S][Branch1][C][=C][Ring1][=Branch1][C][=C][Ring2][Ring1][N][O][Cl][C][Cl][C][C][Branch1][C][=C][Ring2][S][Ring2][Ring1][Branch2][C][Cl],1.2,0.45111745595932007,Cc1noc(C)c1CCC1CCN(S(=O)(=O)CC2(N(O)C=O)CCC(F)(F)CC2)CC1,0.8758512735366821,0.1694915254237288,0.41564782351274154,17,246.32199999999997
NC1CC=CCC=CC=Cc2cccnc2C1,[C][C][Branch1][C][N][C][C][=N][C][=C][C][=C][Ring1][=Branch1][C][=C][C][=C][Branch1][#Branch1][=C][C][=C][Ring1][P],0.8,0.44980481266975403,CN1Cc2c(N)cccc2[C@H](c2ccccc2)C1,0.9300050735473633,0.225,0.6907938050874344,17,226.323
CNCNC(C)N(N)CC(=O)C=CC=CC=CC(C)=CCF,[C][N][C][N][C][Branch1][C][C][N][Branch1][C][N][C][C][=Branch1][C][=O][C][=C][C][=C][C][=C][Branch2][Ring1][=Branch2][C][Branch1][C][C][=C][C][F][=C][Ring1][#Branch1][C][C][=C][Ring2][Ring1][P][N][C][=C],0.8,0.44966766238212585,CCN(CC)CCNC(=O)c1cc(Br)c(N)cc1OC,0.8015331625938416,0.1506849315068493,0.177017587696195,22,310.4170000000001
COC=CC1COC=NC=C(NCCC2=C(O)CNC2)N1,[C][O][C][=C][C][Branch1][C][N][C][O][C][=N][C][=C][Ring1][#Branch1][=N][C][Branch2][N][C][=C][C][=C][Branch1][C][O][C][N][C][Branch1][=C][Ring1][Branch1][C][=Branch1][C][Branch1][C][O][C][=O][N][Ring1][Ring1][Branch2][N][Ring2][Ring1][=Branch1][Ring2][Ring1][O][C][Branch1],1.0,0.44935742020606995,CCOC(=O)c1ccc(OCCC2CCN(c3ccc(C)nn3)CC2)cn1,0.8412927389144897,0.1917808219178082,0.5291266863915018,21,294.3550000000001
CC=NC=C(CF)C(=O)OC=CC=CC=CNC(=O)NCC=O,[C][C][=N][C][=C][Branch2][Ring1][Branch1][C][=Branch1][C][=O][O][C][=C][C][=C][C][=C][Branch1][S][N][C][=Branch1][C][=O][=Branch1][N][C][C][=O][S][N][C][=C][Branch1][C][F][F][=Branch1][C][=O][=C][Ring1][P][C][C][Branch1][C][Ring1][C][C][F][F][N][C][=C][Ring1][=Branch2],1.0,0.44909608364105225,CC(C)C(NC(=O)Cn1c(-c2ccccc2)ccc(NS(N)(=O)=O)c1=O)C(=O)C(F)(F)F,0.9336125254631042,0.15492957746478872,0.16797779232219173,23,323.3240000000001
CC1=C2C=CNC1C2COO,[N][C][=C][C][=C][Branch1][C][C][=C][Ring1][#Branch1][C][Ring1][Branch1][C][O][O],1.0,0.44883477687835693,CN1CCOc2cc(COC3CCCCC3)cnc21,0.7903465628623962,0.1643835616438356,0.45734235703716125,11,153.18099999999998
C=CC=CCc1cccnc1NC,[C][N][C][=N][C][=C][C][=C][Ring1][=Branch1][=C][C][=C][C][=C][Ring1][=Branch1],1.0,0.44833672046661377,CC(=N)NCc1ccccc1,0.921700119972229,0.25,0.7089016080783318,13,174.24699999999999
CCC(=O)NC(C#N)C(=O)N=CC=CC1=NC(Cl)C=C1F,[N][#C][=C][Branch2][Ring1][N][C][=Branch1][C][=O][N][=C][C][=C][C][=N][C][Branch1][C][Cl][C][=C][Ring1][=Branch1][F][C][Branch1][C][F][C][=Branch1][C][=O][N][Ring1][#Branch1][C][=Branch1][C][=O][C][=Branch1][C][C][Ring2][C][C][=C][C][Ring1][#C][=C][C][=C][Ring2][Ring1][=Branch1][C][=C][NH1][Ring2][Ring1][#Branch1],1.0,0.44794121384620667,O=[N+]([O-])c1ccc2c(c1)N(c1cccc[n+]1[O-])CC(C(F)F)(C(F)F)O2,0.8855316638946533,0.21333333333333335,0.4725440168021002,21,310.7160000000001
O=C1C=CC=CC=CC=C(F)NN1,[N][C][=Branch1][C][=O][C][=C][C][=C][C][=C][Ring1][#Branch1][C][=C][Branch1][C][F][=N][Ring1][S],0.8,0.4479210078716278,N#Cc1cnn(-c2ccccc2)c1NC(=O)c1ccccc1F,0.9063960909843445,0.15151515151515152,0.5479350110190678,13,180.182
CCCCN(C)C(=CC=C(Cl)CCl)OC(=O)C=CC1=CC=CC(=O)CC1C,[C][C][C][C][=Branch1][C][=O][C][=C][C][=C][Ring1][Branch2][C][=C][C][=Branch1][C][=O][O][C][Branch1][=Branch2][N][Branch1][C][C][C][C][C][C][=C][C][=C][Branch1][C][Cl][C][Cl][=C][Ring1][#Branch1][O][C][Ring2][Ring1][S],0.8,0.4475436508655548,CCCCCCCN(CCc1ccc(OC(C)(C)C(=O)O)cc1)C(=O)Nc1ccc(F)cc1F,0.8372171521186829,0.21333333333333335,0.17358405083346926,27,412.3570000000001
COC(=O)NC(N)CCCCCC=CC=Cc1cc2ccc1cc2F,[C][O][C][=Branch1][C][=O][N][C][Branch1][C][N][C][C][C][C][C][Ring1][=Branch2][C][=C][C][=C][C][=C][C][=C][C][=C][Ring1][=Branch1][C][=C][Branch1][C][F][Ring1][=Branch1][C][Ring1][=Branch1],0.8,0.4463832378387451,CN(CCO)C(=O)c1ccc([C@H](c2cccc(NC(=O)C3CC3)c2)N2CCN(Cc3ccc(F)cc3)CC2)cc1,0.8395898342132568,0.22666666666666666,0.39754339600258126,25,344.43000000000006
C=CNC=CC=NCC(Cl)=CN=NC(=O)NCC,[C][C][N][C][=Branch1][C][=O][N][=N][C][=C][Branch1][C][Cl][=C][N][=C][Ring1][=Branch2][C][=C][N][Ring1][=N][C][=C],1.0,0.44434452056884766,N=C(N)NC(=O)c1nc(Cl)c(NCc2ccccn2)nc1N,0.8475842475891113,0.16455696202531644,0.5502727437015246,18,269.73600000000005
NC=CC=C1Cc2ncccc2C2=CC=CC(C=C(F)N2)CN1,[N][C][=C][C][=C][Branch1][Ring1][N][C][=C][C][=N][C][=C][C][=C][Ring1][=Branch1][C][=C][C][=C][C][Ring1][=N][C][=C][Branch1][C][F][=N][Ring1][=Branch2],0.8,0.44400012493133545,Brc1cnc(NCc2ccccc2)nc1Nc1cc(C2CC2)[nH]n1,0.8548808097839355,0.2,0.6975513947512871,23,310.37600000000003
C=CC1OC=C[C@H]2CC=CC=C(CCCC=NC1=O)C2,[=C][C@H1][Branch2][Ring1][C][C][C][=C][C][=C][Ring2][Ring1][#Branch2][C][=Branch1][N][C][C][C][=N][C][=Branch1][C][=O][C][C][=C][C][=C][Branch1][=Branch2][O][Ring1][=Branch1],1.0,0.44312071800231934,NC(=O)c1cncc(-c2ccc([C@H]3CC[C@H](CC(=O)O)CC3)cc2)c1,0.8768383860588074,0.14492753623188406,0.6812902086265021,20,271.36
C=CCCCCCCCC1=CNC2=CC3=C1CC3(C(=O)NC(C)=C(C)C(Cl)C(=O)C=O)CC(C)C2,[C][C][Branch1][C][C][C][C][Branch2][Ring1][Branch2][C][=Branch1][C][=O][N][C][Branch1][C][C][=C][Branch1][C][C][=C][Branch1][C][Cl][C][=Branch1][C][=O][C][=O][C][C][=C][Ring1][P][C][=C][Ring2][Ring1][#Branch1][N][C][=C][Ring1][#Branch1][C][C][C][Ring1][=Branch2][C][C][C][C][C][=C][Ring2][Ring1][=Branch1],0.8,0.44079938530921936,CCO/N=C(\c1ccc(Br)cc1)C1CCN(C2(C)CCN(C(=O)c3c(C)cc[n+]([O-])c3C)CC2)CC1,0.8573799729347229,0.22988505747126436,0.10449628935906696,35,499.0950000000005
C=CC=CN=CNCC=CC=CC=CNCCCC,[C][C][C][C][N][Branch2][Ring1][=Branch2][C][=C][C][=C][C][=C][Branch1][#C][C][N][C][=N][C][=C][C][=C][Branch2][Ring1][#Branch2],1.0,0.43941518664360046,CC(=N)NCc1ccccc1,0.9020748734474182,0.15,0.258361568302049,19,259.39700000000005
CC1=CNC(=O)CC2=CC=CC(C(CF)=CC1)C(CCC(C)C)C2,[C][C][Branch1][C][C][C][C][C][Branch1][C][C][C][C][=C][C][=C][Ring1][=Branch1][=C][C][=Branch1][C][=O][N][C][=C][Branch1][C][C][C][Branch1][=N][C][=C][Ring1][#C][C][F],0.8,0.43824565410614014,CC(C)CC(N(C)C)C1(c2ccc(Cl)cc2)CCC1,0.8698431253433228,0.15463917525773196,0.7003077474500797,24,331.4750000000001
CC=CC=CC1(C)NC(=CC=CC)CC1N(N)CC1(C)CCC1CCCC,[C][C][=C][C][=C][Branch2][Ring1][#Branch1][C][C][N][Branch1][C][N][C][C][Branch1][C][C][C][C][C][Ring1][Branch1][C][C][C][Ring1][Branch2][C][=N][C][Branch1][C][=C][Ring1][#C][C][=C][C][=C][Branch1][C][=C][Ring1][=Branch1][Ring2][Ring1][=Branch1][C][=O],0.8,0.43624213337898254,CN(C)CCCn1c2c(c3ccccc31)CCCCCC2,0.9167469143867493,0.16417910447761194,0.32015996917686534,27,371.61300000000006
O=C1C=CC=CCC2=CC=C3C=C4COC=CC=C(CON(CCC2CCCOCC4O)CO1)C3,[C][O][C][=C][C][=C][Branch1][C][C][Branch1][C][O][N][C][O][C][=Branch1][C][=O][C][=C][C][=C][Ring1][=Branch1][C][C][=C][C][=C][Ring1][P][C][=C][Ring2][Ring1][O][C][Branch1][C][O][C][O][C][C][Branch1][=Branch2][C][C][Ring1][=C][C][C][Ring2][Ring1][#Branch2],0.8,0.4361039102077484,O=C1CCOc2nc(C#CC3CCCCC3)ccc21,0.916954755783081,0.17,0.5228583657396683,35,481.5890000000004
CCC(F)NCSCC(=O)N=O,[C][C][C][Branch2][Ring2][Branch1][N][C][S][C][C][=Branch1][C][=O][N][=O][C][C][C][N][N][C][=C][N][C][=C][C][Branch1][=Branch2][C][C][=C][Branch1][=Branch1][C][Ring2][Ring1][Branch1][C@H1][Ring1][O][C][F][C][=C][C][C][Ring1][#Branch2][O][S][Ring2][Ring1][Branch1][C][=C][Branch1][C][F][C][Ring2][Ring2][Ring1][=C],1.2,0.43565797805786133,Cc1sc(N2CCN(C(=O)[C@@H]3CCCC[C@H]3C(=O)NC3(C#N)CC3)CC2)nc1C(F)(F)F,0.9115828275680542,0.21052631578947367,0.29917787294815035,12,194.231
C=CC1C(C=NC=C(O)N(C)CCC)=CNC1=CC=CC,[C][C][=C][C][=C][Branch2][Ring1][C][N][C][=C][C][=N][C][=C][Branch1][C][O][N][Branch1][C][C][C][C][C][C][=Branch1][=C][Ring1][N][C][=C][Ring1][Branch2][Ring1][Branch2],1.0,0.43267935514450073,CCCCc1nc2c(N)nc3ccccc3c2n1CC(C)C,0.8694401979446411,0.16666666666666666,0.427824337888945,21,287.407
C=CC=CCC(=C)NNCC,[C][C][N][Branch2][Ring1][#C][N][C][=Branch1][C][=C][C][Branch1][=Branch2][C][=C][C][=C][Ring1][#Branch1],1.2,0.4305577576160431,CC(=N)NCc1ccccc1,0.8852548003196716,0.13953488372093023,0.44731155032013575,11,152.24099999999999
CNC=CC=C1C=NSSCNC=C(C=O)O1,[N][Branch1][C][C][C][=C][C][=C][C][=N][S][S][C][N][C][=C][Branch2][Ring1][=Branch1][=Branch1][C][=O][=Branch1][C][=O][C][=N][C][=C][Ring1][O][C][C][C][=C][C][=C][Ring1][P][Ring1][O][Ring1][N][C][Ring1][=Branch1][C][Ring2][Ring1][N],1.0,0.4295847415924072,COC(=O)N1CCN(c2ccnc(-n3ccnc3)n2)C(CC(=O)NCc2ccc3c(c2)OCO3)C1,0.8414713144302368,0.15384615384615385,0.46159049995638646,17,271.367
C1=CC=CC2=CC=COCC3CNCC(=CNC2OCOC=1)O3,[C][O][C][O][C][N][C][=C][Branch2][Ring2][#Branch1][C][N][C][C][C][O][C][=C][C][=C][Ring1][=C][C][=C][C][=C][Ring2][Ring1][=N][Ring2][O][=C][Branch1][C][C][=C][Branch1][C][Ring2][Ring1][=Branch1][C][O][O][Ring2][Ring1][C][C][O][Ring1][N][N][C][Ring1][Ring2][Ring1][#Branch2][N][O][C][O][C],1.2,0.4290271997451782,COc1cc(OC2CCN(C)CC2)c2c(Nc3cccc4c3OCCO4)ncnc2c1,0.8684098720550537,0.1388888888888889,0.6594650039926957,23,316.357
CC1=CC=COC2N=NC3=CCCC2=C3N=C1,[C][O][C][=C][C][=C][Branch1][C][C][C][=N][C][=C][Ring2][=Branch1][C][=C][C][C][=Branch1][O][=C][Ring1][=Branch1][N][=N][Ring2][Ring1][=Branch2],1.2,0.42889052629470825,Cc1ccc(N2CC(COc3ccc(-c4noc(C)n4)cc3)C2)nn1,0.8319220542907715,0.1267605633802817,0.6260385028051706,17,227.26699999999997
C=CCOC(C)CNC(O)CCOC=CCOCCCC=O,[O][=C][Branch2][C][=C][Branch2][Ring2][N][C][C][C][C][=C][C][=C][Branch2][Ring1][#Branch2][C][Branch2][Ring1][O][C][C][O][C][C][=C][Ring2][Ring1][Ring1][O][C][C][C][Branch1][C][O][N][C][C][Branch1][C][C][O][=C][C][=C][Ring1][=C][Ring2][Ring1][#Branch2],1.0,0.42687296867370605,C=CCOc1ccccc1OCC(O)CNC(C)C,0.8512787222862244,0.25757575757575757,0.14737760504089398,22,315.4100000000001
N=CC1C2=C3Cc4ccc(cc41)C1=CN=CCN(N)CC1(C=N3)CC2,[C][N][Branch1][C][=N][C][C][=N][C][=C][C][Branch1][#Branch1][=C][C][C][C][C][=N][Ring1][#C][C][=N][C][=Ring1][#Branch1][C][C][=C][C][=C][Branch1][C][Ring1][S][C][=C][Ring1][=N][=Ring1][=Branch1][C][Ring1][=C][Ring1][=Branch2],1.2,0.4267048239707947,COc1cc(N2CCN(CCO)CC2)ccc1Nc1ncc(Cl)c(-c2cnc3ccccn23)n1,0.8583995699882507,0.17777777777777778,0.612907729758801,25,331.42300000000006
COC=CC=NC=CC=C1C(=CC(C)Cl)C1C=O,[C][O][C][=C][C][=N][C][=C][C][=C][Branch1][=Branch2][C][=C][C][Branch1][C][C][Cl][C][=C][Ring1][=Branch1][C][=O],0.8,0.42398324608802795,CCCc1c(OCc2ccc(C(=O)O)c(Br)c2)ccc(C(C)=O)c1O,0.797224223613739,0.14285714285714285,0.32044149911802683,18,265.74
CC1NCCOC(C=O)CC(=O)C=CC=CC1(F)CCl,[C][C][O][C][=Branch1][N][C][=O][N][Branch2][Ring2][=Branch1][C][=O][C][N][C][=C][C][=Branch1][C][=O][C][=C][C][=C][C][Branch1][C][F][Branch2][Ring1][Branch2][C][Cl][Branch2][Ring1][=Branch2][C][Ring2][Ring1][#Branch2][C][N][Branch1][C][F][C][Ring1][P][C][C][=C][Ring2][Ring2][Ring1][#Branch2][C][Branch1][C][=C][NH1][Ring2][Ring1][O][N][C][=C][Ring1][#Branch1],1.0,0.42108842730522156,COC(=O)N1CCN(C(=O)Cc2ccc(Cl)c(Cl)c2)[C@@H](CN2CCCC2)C1,0.8982617855072021,0.18823529411764706,0.6214980018385716,20,303.761
C=NC1=NC2C=CC(=O)C(=O)C=CC(=C)C(CCCCONCC3C=C1C=CC3)N2,[O][=C][Branch1][O][C][=Branch1][C][=O][C][=C][C][=C][Ring1][#Branch2][C][=C][C][Branch2][Ring1][=Branch1][N][C][Ring1][#Branch1][C][Ring1][S][C][C][C][O][N][C][C][C][=C][C][=C][C][Ring1][=Branch1][N][=C][Ring1][=Branch1][N][=C],1.0,0.4203089475631714,O=C(Nc1ccccc1)N1CCOCC1,0.9337635040283203,0.15584415584415584,0.4743465653422052,30,408.5020000000001
CC(Cl)=COOC1C(Cl)=CC=C1C=CN,[N][C][=C][C][=C][C][=C][Branch1][C][Cl][=C][Ring1][=Branch1][O][O][C][=C][Branch1][C][C][Cl][C][Ring1][#Branch1][C][C][C][Ring1][#Branch1][C][N],0.8,0.4191426634788513,COc1ccc(C(=O)NCCN2CCN(Cc3ccc(Cl)c(Cl)c3)CC2)cc1Cl,0.8171510696411133,0.140625,0.4722529522871558,15,248.10899999999998
C=CC1=CCN=CC(CCC2CC=CCC=CC=C2CC(=O)NNCC=N)N1,[O][=C][Branch1][=N][C][C][=C][C][=C][C][C][=C][C][Branch2][Ring1][#Branch1][C][Ring1][=Branch2][C][C][C][Branch1][C][N][C][=N][C][Branch1][=Branch2][C][=C][Ring1][=Branch1][C][=C][Ring2][Ring1][#Branch2][NH1][N][C][C][=N],1.0,0.41785550117492676,OCC(O)CN1CCN(c2ccccc2)CC1,0.7793245315551758,0.17204301075268819,0.21420323614116352,28,381.52400000000006
CC=CC=CC=CC=CC=CC=NCOC(C=Cc1cccc(OCCNCOC=O)n1)COO,[O][Branch1][C][O][C][C][Branch2][Ring1][#Branch2][C][=C][C][=C][C][=C][C][=Branch1][Ring1][=N][Ring1][=Branch1][O][C][C][N][Branch1][=Branch2][C][O][C][=O][C][N][Ring1][Branch1][O][C][N][=C][C][=C][C][=C][C][=C][Ring1][Branch2][C][=C][C][=C][C][Ring2][O],1.2,0.4160936176776886,NC(=O)COc1ccc(OCCNCC(O)COc2ccccc2)cc1,0.9409657716751099,0.20930232558139536,0.057973167650827516,35,483.5650000000001
C=C(O)NCc1cccnn1,[=C][=C][=Branch1][C][=O][N][C][C][=N][N][=C][C][=C][Ring1][=Branch1],1.2,0.416051983833313,NC(=O)c1nnn(-c2ccccc2)c1N,0.9270038604736328,0.3404255319148936,0.6207707169306859,11,151.169
C=S(CCCCOCCCC=CC)C(=O)C=O,[C][C][=C][C][Branch1][=C][Branch1][C][C][O][C][C][C][C][Branch2][Ring1][S][S][=Branch1][C][=C][C][=Branch1][C][=O][=Branch1][C][=O][=C][C][=C][C][N][Ring1][#Branch2][C][=O],1.2,0.41479435563087463,CCCN(CCC)S(=O)(=O)c1ccc(C(=O)O)cc1,0.9255692958831787,0.18461538461538463,0.19878436146233638,17,258.383
CC#CCCC=CCC(=O)NC(=O)NCCCC1CC1CCC,[C][C][=C][Branch1][N][C][C][C][=C][C][Branch2][Ring1][Branch2][C][=Branch1][C][=O][N][C][=Branch1][C][=O][N][C][C][C][C][C][Branch1][Ring1][C][Ring1][Ring1][C][C][C][Ring1][C][Branch1][C][=C][C][=C][C][=C][C][=C][Ring1][=Branch1][C][=C][Ring1][=Branch1],0.8,0.41413718461990356,CCCCN(CCCC)CCCOC(=O)c1ccc(N)cc1,0.9023468494415283,0.2153846153846154,0.3657520359569012,23,318.4610000000001
CC=CC1=CC(CC=CN=CO)=COC1CNNC=CO,[O][C][=C][NH1][N][C][C][O][C][=C][Branch1][=Branch2][C][=C][Ring1][=Branch1][C][=C][Branch1][C][=C][=C][C][=C][N][=C][Ring1][=Branch2][O],1.2,0.41408371925354004,Oc1ncc(NCc2ccccc2)c(O)n1,0.7470003962516785,0.13924050632911392,0.1813074416318273,21,291.351
NS(=O)C1=Cc2c3cc(cc2NC3)C1,[N][S][#Branch1][C][=O][C][Branch1][C][C][=C][C][=C][C][=C][Ring1][=Branch1][C][=C][Ring1][=Branch1][=C][N][Ring1][#Branch1],0.8,0.4140075743198395,Nc1cc2n[nH]c(=O)n2c2cc(-c3ccc[nH]3)ccc12,0.8190982937812805,0.17857142857142858,0.7234075064297487,14,206.26999999999998
CNc1cccc2c1C=CC(O)CC(C=CCC=CC=O)=C(Cl)C=CC2,[C][C][Branch1][C][O][C][=C][C][=C][Branch1][=Branch2][C][=C][C][=C][Ring1][=Branch1][N][C][=C][C][=C][Ring1][=Branch1][C][Branch1][C][Cl][=C][Ring2][Ring1][=Branch2][C][=C][C][C][=C][Branch1][C][=Branch1][C][=O][C][=O][C][C][=C][Ring2][Ring1][#C],0.8,0.4139724373817444,Cc1cc(CN2Cc3ccccc3C2C(=O)Nc2ccc(Cl)cc2)ccc1OCC(=O)O,0.8343213200569153,0.21518987341772153,0.5786423284437825,26,369.8920000000001
O=CC1c2cccc1c2C=CC=CCNOC(=O)CC=CC(=O)NCC=CC1=C(Cl)C(Cl)C=C1O,[O][=C][Branch2][Ring1][#Branch1][O][N][C][C][=C][C][=C][C][=C][C][=C][C][=C][Ring1][=Branch1][C][Ring1][=Branch1][C][=O][O][C][=C][C][=C][C][=Branch1][C][=O][N][C][C][=C][C][=C][Branch1][C][Cl][C][Branch1][C][Cl][C][=C][Ring1][#Branch1][O][Ring1][#Branch1][C][Ring2][Ring1][S],0.8,0.41245028376579285,O=C(O)c1[nH]c2cc(Cl)cc(Cl)c2c1/C=C1\CCN(c2ccccc2)C1=O,0.826528787612915,0.15789473684210525,0.0908757147762264,35,515.3930000000001
CNC=CC=CS(=O)NCCC1=NC(Cl)C=C1C=O,[C][N][C][=C][C][=C][S][=Branch1][C][=O][N][C][C][C][=N][C][Branch1][C][Cl][C][=C][Ring1][=Branch1][C][=O][N][=C][C][Ring2][Ring1][S][N][=C][C][=Branch1][C][=O][N][C][N][=C][C][C][C][=C][Ring1][#Branch1],1.0,0.4115254878997803,N=C(N)NC(=O)c1nc(Cl)c(NCc2ccncc2)nc1N,0.7802924513816833,0.15584415584415584,0.30429308150329526,19,301.79900000000004
C=CC=C(C=NC=CC=C(Cl)CCOC)OC,[C][O][C][Branch1][S][C][=N][C][=C][C][=C][Branch1][C][Cl][=C][Ring1][#Branch1][C][O][C][=C][C][=C],1.2,0.41140347719192505,CC(C)NCC(O)COc1ccc(COCCOC(C)C)cc1,0.732850968837738,0.16981132075471697,0.37788829828942433,17,255.74499999999995
CC=CCNCNC1=CC=CC=CN1C(=O)C(C)C,[C][C][Branch1][C][C][C][=Branch1][C][=O][N][C][=C][C][=C][C][=C][Ring1][#Branch1][=N][C][Branch1][=Branch2][N][Branch1][=Branch2][C][C][=C][C][Branch1][Ring1][#Branch1],1.0,0.4109986126422882,CC(C)(C)NC(=O)Nc1ccc(-c2c(N)nc(N)nc2COCc2ccccc2)cc1,0.8808495402336121,0.19444444444444445,0.43711011769015645,19,261.369
CC1=CC=C2CC=C2CC(=O)C1CNC=C1C=CC=CC1,[C][C][=C][Branch1][#Branch2][C][C][=Branch1][C][=O][C][Branch1][O][C][N][C][=C][C][C][=C][C][=C][Ring1][=Branch1][=C][Ring2][Ring1][C][=C][C][=C][Branch1][C][=C][Ring1][=C][C][=C][Ring1][#Branch1][N][C][C][C][O][C][=C][C][=Branch1][C][=O][C][Ring1][#Branch1][C][=C][C][Ring2][Ring1][#Branch1][C][=C][Ring2][Ring1][Ring2][Ring1][C],1.0,0.41076093912124634,COc1ccc(/C=C2/CCc3ccccc3C2=O)cc1CN1CCOCC1,0.8312035799026489,0.14634146341463414,0.8517835761420283,21,279.38300000000004
O=CCCNCC1CCCCNOC1OC=CNC=O,[O][Branch1][=C][N][C][C][C][C][C][C][N][C][Branch1][N][=Branch1][C][C][=O][N][Ring1][=Branch2][O][C][=C][C][C][=Branch1][=N][O][C][=C][N][=Branch1][S][Branch1][C][=O][C][=C][Branch1][C][=C][C][=C][C][C][Ring2][Ring1][#Branch2][Ring1][Branch2][N][C][C][C][Ring1][C][Ring2][Ring1][#C][=C][C],1.2,0.40788644552230835,O=C1CC2(CCCC2)CC(=O)N1CCCCN1CCN(c2ncccn2)CC1,0.8756845593452454,0.17721518987341772,0.31497054577762945,20,285.344
C=CC1=CC2=CC(=CCOCCCC1)C=C2,[C][C][C][C][O][C][C][=C][Branch1][=Branch2][C][=C][C][=C][Ring1][=C][C][=C][C][=C][Ring1][#Branch1],1.0,0.40529322624206543,CNCCCC12CCC(c3ccccc31)c1ccccc12,0.8245927691459656,0.1388888888888889,0.6460651973303592,16,214.308
CC1=C2C=CN=CCC=CC=C(F)CC(=CO1)C2,[C][C][=N][C][=C][C][Branch1][C][C][=C][Branch1][C][C][O][C][=C][Ring1][=Branch1][=C][C][Branch1][C][F][=C][C][=C][Ring1][#Branch1][Ring2][Ring1][#Branch2][C][C][N][Ring1][=N],0.8,0.4044911861419678,COc1cc(F)ccc1-c1cncc(C2CCCN2)c1,0.8224980235099792,0.125,0.6212894887404721,18,245.29699999999997
C=CC=C1C=CC2=CC=CC(CCNC(=O)C3=C1OCCN3C)C2=O,[O][=C][Branch2][Ring1][Branch2][N][C][C][C][Branch1][=Branch1][C][=O][C][C][=C][C][=C][C][=C][Ring1][=Branch1][C][=C][C][=C][C][=C][C][=C][Ring1][=Branch1][O][C][C][N][Branch1][C][C][Ring1][=Branch1][C][=O][C][Ring1][#Branch1][=C][C][Branch1][Ring1][=C][Ring1][Ring1][N],0.8,0.40422093868255615,O=C1C2CCC(N2)C(=O)N1Cc1ccccc1,0.8524535894393921,0.21518987341772153,0.7947474515298857,25,338.40700000000015
CC1=CC2=CC=C3CC(=CC2CC(C)N)C(C)=C2C(C=O)=CC(=O)C2C3=CC=CC=CC1,[C][C][Branch1][C][N][C][C][C][=C][Branch2][Ring1][#Branch1][C][Branch1][C][C][=C][C][C][=Branch1][C][=O][C][=C][Ring1][=Branch1][C][=O][N][C][=C][Ring2][Ring1][C][=C][C][=C][C][=C][Ring2][Ring1][C][C][=C][Branch1][C][C][=C][C][=C][Ring2][Ring1][Branch1][C][=C][C][=C][Ring1][=C][Ring2][Ring1][=Branch1][C][F][C][C][=C][Ring1][=Branch1][C],0.8,0.4029296040534973,CC(C)N1CCC(N(C(=O)Cc2ccccc2)c2ccc(Cl)cc2)CC1,0.8203939199447632,0.1527777777777778,0.6018190503338711,32,425.5720000000002
C=NC1=CC=CC=CC1=COC1C=CNC=CC=CC1=O,[O][=C][Branch1][O][C][O][C][=C][C][=C][Branch1][=Branch2][C][=C][C][=C][Ring1][#Branch1][N][=C][C][=C][C][=C][Ring1][=Branch1][N][C][=C][Ring2][Ring1][Ring1][#Branch2],0.8,0.402910053730011,O=C1N=C(O)NC1(c1ccccc1)c1ccccc1,0.8842363953590393,0.11904761904761904,0.6385473008541199,21,280.327
COC=Cc1c2cccc1COCC=C(C1C=CC=CNN1)C(N)C=CC=C2,[C][O][C][=C][C][=C][Branch1][#C][C][=C][C][=C][Ring1][=Branch1][C][=C][C][=C][C][Branch1][Ring1][Branch1][N][C][O][C][C][=C][Ring1][#Branch1][C][N][N][C][=C][C][=C][Ring1][#Branch1],0.8,0.4020440876483917,CN1CC=C(c2cccc(O)c2)CC1,0.9098988175392151,0.16129032258064516,0.5575072109442509,28,377.488
CC=CC=CC(=O)COC1NC=CC=C1N,[O][=C][Branch1][O][C][O][C][Branch1][=Branch2][N][C][=C][C][=C][Ring1][=Branch1][N][C][=C][C][=C][Branch1][C][=C][Ring1][=Branch1][N][=C][C][=C],1.0,0.40189942717552185,N=C(N)NCCC[C@H](NC(=O)COCC(c1ccccc1)c1ccccc1)C(=O)O,0.8173295259475708,0.19402985074626866,0.535445330328754,16,220.272
CCCCNCC=C(OC)c1ccccc1C=O,[C][C][C][C][N][Branch2][Ring2][N][C][C][=C][Branch1][Ring1][O][C][C][=C][C][=C][C][=C][Ring1][=Branch1][C][=O][C][=C][C][=C][C][=C][C][=C][Ring1][=Branch1][=N][C][=C][C][=C][Ring1][=Branch1][C][=C][Ring1][=Branch1],0.8,0.401531845331192,CCN(CC)CCOc1ccc(/C(=C(/Cl)c2ccccc2)c2ccccc2)cc1,0.8930151462554932,0.32558139534883723,0.4359122689633284,18,247.338
OOC1(F)CC2CN2CN1C=CC=CC1=CC=COCCCOC12N=N2,[N][=N][=C][Ring1][P][O][C][Branch1][C][Branch1][C][C][O][C][=C][C][=C][Ring1][#Branch2][C][=C][C][=C][N][Branch1][O][C][Branch1][Ring1][=C][C][Branch1][C][F][O][O][C][N][Ring1][=Branch1][C][Ring1][#Branch1],1.0,0.40124720335006714,O=C1O[C@@H](COc2ccon2)CN1c1ccc(C2=CCOCC2)c(F)c1,0.8541804552078247,0.16326530612244897,0.2714996298530797,26,364.3770000000001
O=CNC=CC=CCC=CC(=O)C1CCC=C2C(Br)=CC=C21,[O][=C][Branch1][N][C][=C][C][C][=C][C][=C][Branch2][Ring1][=Branch1][N][C][=O][N][C][=C][C][=C][C][=C][Branch1][C][=C][C][=C][Ring1][#Branch1][Ring2][Ring1][=Branch2][C][C][C][C][C][=C][C][Branch1][C][Br][=C][C][=C][Ring1][#Branch2][=Ring1][=Branch1][C][F][C][Ring1][O],1.0,0.40105798840522766,O=C(N[C@@H](Cc1ccc(CCCCNc2ccccn2)cc1)C(=O)O)c1c(Cl)cccc1Cl,0.882401168346405,0.15853658536585366,0.42561156302957565,22,360.25100000000003
C=CC=CC=CC=CN1CCC(C)C1,[C][C][Branch1][C][C][C][C][N][Branch1][=Branch2][C][=C][C][=C][C][=C][C][=C][Ring1][=Branch1][=C][Ring1][=Branch1][N][C][C][C][C][=Branch1][=C][Ring1][N][Ring1][=Branch1],0.8,0.39919716119766235,CN(C)CCCN1c2ccccc2CCc2ccccc21,0.8554561138153076,0.1746031746031746,0.6140482229808637,14,189.302
ON1CC=NC=CC=C1NCC=NC=CC=CC(F)F,[N][Branch1][C][O][C][C][=N][C][=C][C][=C][Ring1][#C][N][C][C][=N][C][=C][C][=C][C][Branch1][C][F][F][=C][Ring1][P][=N][C][=N][N][N][Branch2][C][=C][C][C][C][=C][C][=C][Ring1][#C],1.0,0.39843985438346863,Nc1nc(Cl)nc(NCc2ccccc2)n1,0.7855397462844849,0.16470588235294117,0.5792116995802687,20,282.294
O=CNC1CC=CC=Cc2ccccc2CC=CC(=O)O1,[C][C][=C][C][=Branch1][C][=O][O][C][Branch1][#C][C][C][=C][C][=C][C][=C][Ring1][=C][C][=C][C][=C][Ring1][=Branch1][N][Branch2][Ring1][=Branch1][C][=O][N][C][C][=C][C][=C][Ring1][#Branch1],0.8,0.39496663212776184,NC1CCc2cc(OC(=O)c3ccccc3)c(OC(=O)c3ccccc3)cc2C1,0.9237278699874878,0.18309859154929578,0.66943858681471,21,283.32700000000006
CCCCN(SC(=O)CC=O)C(=O)C=CC=CC(=O)NF,[C][C][C][C][N][Branch1][S][C][=Branch1][C][=O][C][=C][C][=C][C][=Branch1][C][=O][N][Branch1][C][F][S][C][=Branch1][C][=O][C][C][=O][=Branch1][C][C][C][Ring1][Branch1][C][C][Ring1][=Branch2][C][C][Ring1][Branch1][N][Branch1][C][=C][Ring2][Ring1][S][C][C][N][C][C][=C][Branch1][=Branch2][C][Cl][=C][C][O][C][O][=C][Ring1][#Branch1][C][=O][S][Branch1][C][C][=Branch1][C][C][Ring2][Branch1][Branch1][C][C][Ring1][=Branch2][Ring2][Ring1][Ring2][Ring1][=N],1.0,0.39467671513557434,CC(C)(CS(=O)(=O)N1CCN(c2ccc(F)cc2)CC1)N(O)C=O,0.9358376860618591,0.21666666666666667,0.18313165518623184,21,316.3540000000001
CC=NC=C(C)CCNC(=O)NCC=C(N)CCNCCC=CC=NC=C1C=CCCC1,[C][C][=N][C][=C][Branch1][C][C][=C][Branch2][Ring2][Ring2][=Branch1][C][N][C][=Branch1][C][=O][N][C][C][=C][Branch1][C][N][C][C][N][Branch2][Ring1][O][C][C][C][=C][C][=N][C][=C][Branch1][#Branch1][=C][C][C][C][=C][Ring1][=Branch1][Ring1][=Branch1],0.8,0.39440619945526123,CCN(CC)CCNC(=O)c1ccc(N)cc1,0.8886600732803345,0.16494845360824742,0.24103911628029517,32,440.63600000000025
SC=CC=CC=C1C=CC=CN1,[S][C][=C][C][=C][Branch2][Ring1][=Branch2][C][=C][Branch1][#Branch2][N][C][=C][C][=C][Ring1][=Branch1],1.0,0.394370436668396,C[C@H](NC(=O)c1cccnc1Oc1ccccc1)c1ccccc1,0.8411303162574768,0.1111111111111111,0.4877001618297718,12,177.27200000000002
COC=CC(=O)CCCC(C)C,[C][O][C][=C][C][Branch1][N][C][C][C][C][Branch1][C][=C][Branch1][C][=Branch1][C][=O][N][C][C][=C][C][=C][Branch1][Ring1][=Branch1][C][C][=O][N][C][C][Branch1][C][C][Ring1][N][Branch1][C][C][C][C][F][=C][Ring2][Ring1][=Branch1][C][C][Ring2][Ring1][O],0.8,0.3942282795906067,CCCC(=O)Nc1ccc(OCC(O)CNC(C)C)c(C(C)=O)c1,0.9045503735542297,0.21568627450980393,0.45205676858169996,12,170.252
CCNN1C=CC=CC=CC=CC(C)CC=COC1,[C][O][C][=C][C][C][Branch1][=N][C][=C][C][=C][C][=C][Branch1][=Branch2][C][=C][N][Ring1][P][N][C][C][C][Branch1][S],1.0,0.39393019676208496,CCCCCc1ccc(-c2nnc(N)s2)cc1,0.838295578956604,0.15151515151515152,0.8218220539863104,19,260.38100000000003
CC=NC=CC=NN=C(C=O)Cc1ccncc1,[C][C][=N][C][=C][C][=N][N][=C][Branch1][=Branch2][C][C][=C][C][=N][C][=C][Ring1][=Branch1][C][=O][S][Ring1][=C][Ring1][=Branch1][C][N][C][C][=C][Branch1][C][C][=Branch1][C][=O][C][C][Branch1][C][=C][Ring1][=Branch1],0.8,0.39344358444213867,CC(c1cc2ccccc2s1)N(O)C(N)=O,0.8806909322738647,0.26666666666666666,0.43379845196266775,18,242.282
COCNC1C=C(C)C(=NN)C#CC=CS1,[C][O][C][N][C][Branch1][=Branch2][C][=C][Branch1][C][=C][C][=N][N][S][C][=C][C][=C][Ring1][Branch2][Ring1][C][=C][C][=C][Ring1][#C],1.0,0.3927784264087677,Cc1ccc(N2CC(COc3ccc(-c4noc(C)n4)cc3)C2)nn1,0.791668713092804,0.14925373134328357,0.33302367165411134,16,237.32799999999997
C=CNC=COC(=O)C1=COCOC2C(=CC=COC1)C2CCO,[C][O][C][O][C][=C][Branch1][=N][C][=Branch1][C][=O][O][C][=C][N][C][=C][Ring1][=Branch1][=C][O][C][=C][C][=C][Ring2][Ring1][=Branch2][=C][Ring2][Ring1][N][C][C][O],1.2,0.3922991454601288,COC(=O)N1CCOc2cc(COc3ccccc3)cnc21,0.8425842523574829,0.15853658536585366,0.5612102325620192,24,335.3560000000001
CCCCN1CNC2C=C1CC=C2C=O,[C][C][C][C][N][C][N][Branch1][=N][C][C][=C][Ring1][=Branch1][=C][C][=C][Ring1][=Branch1][C][=O],1.0,0.39070218801498413,CN1CCN(C(=O)c2cc3ccccc3n2C)CC1,0.7679830193519592,0.2,0.7062166439393041,15,206.28899999999996
O=CC=CC=CC(=O)OCC1=CC=COC1,[C][O][C][=C][C][=C][Branch1][Branch2][Ring2][O][C][O][N][C][C][Branch1][C][O][C][=Branch1][C][=O][C][=C][C][=C][Ring1][=Branch1][C][=O][O][N][C][Ring1][=Branch1][C][=O][C][=N][Ring2][C][=C][Ring2][O][C][=C][C][=C][Ring2][Ring1][O][C][=N][=C][Ring2][Ring1][C][=C][Ring2][Ring1][=Branch1],1.0,0.3866080343723297,CCOC(=O)c1cc2ccc(O)cc2oc1=O,0.8835569024085999,0.16417910447761194,0.3032157896312029,16,220.22400000000002
CCC(C)CC(=O)CC1C(C=O)CC(=O)C1C=O,[C][C][C][Branch1][C][C][C][C][=Branch1][C][=O][C][C][C][Branch1][N][C][C][=Branch1][C][=O][C][Ring1][=Branch1][C][=O][N][Branch2][Ring1][S][=Branch1][C][=O][C][=C][C][=C][Ring1][#Branch1][=C][C][=C][C][=C][C][=C][Ring1][=Branch1][C][=C][Ring2][Ring1][=Branch1],0.8,0.38424059748649597,CCN(C(=O)Cc1ccc(S(C)(=O)=O)cc1)C1CCN(CCC(c2ccccc2)C2CCN(S(=O)(=O)CC)CC2)CC1,0.8941310048103333,0.19230769230769232,0.5095556966680399,18,252.30999999999997
C=CC1CC(C=CC)=CC2=CC3=CC=CC2=CNC=CC=CC=CCN3C=CC=CNC1=O,[C][C][Branch2][Ring1][P][C][=Branch1][C][=O][N][C][=C][C][=C][N][Branch2][Ring1][O][=C][C][=C][C][=C][C][=C][Branch2][Ring1][=Branch1][N][C][=C][C][=C][C][=C][Ring1][#C][C][=C][Ring1][#Branch1][C][=C][Ring2][Ring1][P][C][=C][C][C][=C][Ring1][=Branch1],1.0,0.38421955704689026,CC[C@H](NC(=O)c1c(N)c(-c2ccccc2)nc2ccccc12)c1ccccc1,0.8565484881401062,0.1511627906976744,0.5501713755293525,33,437.5870000000002
CC1=CC=NN2C=CC(=CC=C1)C(C)NC2C=CC=CC(N)=O,[N][C][=Branch1][C][=O][C][=C][C][=C][C][Branch2][Ring1][C][=N][N][=C][C][=C][Branch1][C][=C][C][=C][C][=C][Ring1][=Branch1][C][=C][Ring1][N][N][C][Ring1][Branch1][C][=Branch1],1.0,0.3836403489112854,NNCCc1ccccc1,0.7760005593299866,0.1875,0.619612319919555,23,310.401
CC(=O)CC=CC=CC=CC=CN,[O][=C][Branch1][C][C][=C][C][=C][C][=C][C][=C][C][=C][Ring1][=C][N][Branch2],1.0,0.3812878727912903,O=C(CCc1ccccc1O)Nc1ccccc1,0.8038651347160339,0.16666666666666666,0.6534049547150684,13,177.24699999999999
CCC=CC=CC(=O)c1ccccc1C(N)=CC(=O)C=CNC,[C][N][C][=C][C][=Branch1][C][=O][C][=C][Branch1][Ring1][=Branch2][N][C][=C][C][=C][C][=C][Ring1][=Branch1][C][=Branch1][C][=O][C][=C][C][=C][C][Branch1][C][=C][Ring1][#Branch1][Ring1][#Branch1][N][C][C][=C][Ring1][=Branch1],0.8,0.3812464475631714,C=CC(=O)Nc1ccc(C)cc1,0.9711365699768066,0.2708333333333333,0.439709749902136,23,310.3970000000001
CC=C1C=CCN(CC)C=C2C(=O)CC=C12,[C][C][N][Branch1][#C][C][=C][C][=Branch1][C][=O][C][C][=C][Ring1][=Branch1][C][=C][C][=C][C][=C][Ring1][=Branch1],1.0,0.38069456815719604,CCN(CC)C(=O)c1ccc(C(=C2CCNCC2)c2ccccc2)cc1,0.8173739314079285,0.18181818181818182,0.6698237979976526,16,215.296
CC=CC1=C(CNN[SH]2NC(=O)C(Cl)=CC2=C(C=O)CCN=CNC)C=C1,[C][N][C][N][Ring1][C][C][C][C][Branch1][=Branch1][C][=O][C][=C][N][=C][C][=C][Branch1][C][Cl][C][=Branch1][C][=O][N][S][Ring1][Branch2][N][NH1][C][C][=C][Branch1][Ring2][C][=C][C][C][=C][Ring1][=N][Ring1][#Branch1][=N][C][=C],1.0,0.38017725944519043,CCc1cc(C(=O)N[C@@H](Cc2cccc(Cl)c2)C(=O)NCC#N)n(C)n1,0.827740490436554,0.13861386138613863,0.09448423895336723,27,409.9430000000001
COC=CN1NCCC=CC=C(F)C1ON(C)COC=C(O)C=NCc1ccccc1,[C][O][C][=C][N][Branch2][Ring2][#Branch2][N][C][C][C][=C][C][=C][Branch1][C][F][=C][Ring1][#Branch2][O][N][Branch1][C][C][C][O][C][=C][Branch1][C][O][C][=N][C][C][=C][C][=C][Ring1][#C][C][=C][Ring1][=Branch1],0.8,0.3796248137950897,CN(CCCOCCOCCc1ccccc1)CCc1ccc(O)c2nc(O)sc12,0.8402793407440186,0.18085106382978725,0.2533204467561909,31,432.49600000000015
CCC=CC=CCC1=CC=CC1C=CC=CC(C)=O,[O][=C][Branch1][C][C][C][=C][C][=C][Ring1][=Branch1][C][C][=C][C][=C][Ring1][Branch1][=C][C][=C][C][=C][C][C][Branch2][Ring1][=Branch1],0.8,0.37859517335891724,O=C(CCc1ccccc1)c1ccccc1,0.862886905670166,0.16666666666666666,0.47464540352499823,19,254.37299999999996
OC1=CCC(F)CN2N3C=C4CC=NC=NCONC42C3=CNSC=C1,[C][O][N][Branch1][=C][C][N][Branch2][Ring2][O][C][C][Branch1][C][F][C][C][=C][Branch1][C][O][C][=C][Ring1][#Branch1][S][N][C][=C][Ring1][#C][N][Ring1][#C][C][=C][Ring2][Ring1][C][=C][C][=N][C][=N][Ring2][Ring1][P],1.0,0.37745076417922974,C[C@@H]1CN(c2noc(C3CC3)n2)CCN1c1ncc(OCc2ccncc2C#N)cn1,0.8646788597106934,0.13,0.5550785362270033,26,378.43300000000016
O=CC=CC=CC=CNC=CC=CC=C1C=CC=CC=C1,[O][=C][C][=C][C][=C][Ring1][=Branch1][C][=C][N][C][=C][C][=C][Ring1][#C][C][=C][C][=C][C][=C][C][=C][Ring1][#Branch1],0.8,0.37667322158813477,O=C(CCc1ccccc1O)Nc1ccccc1,0.9030892252922058,0.13513513513513514,0.43141378847074424,21,277.367
CC=C1C=C2CN(C=Cc3ccccc3C=C1C=NC=CC=O)OC1CC=CCC1=CCCN2,[C][C][=C][C][=C][Branch2][Ring1][#Branch1][C][N][C][=C][C][=C][C][=C][C][=C][Ring1][=Branch1][C][=C][Ring1][#C][C][=N][C][=C][C][=Branch1][C][=O][N][C][C][C][=C][Ring1][=Branch1][C][C][=C][C][C][=Branch1][=C][Ring1][=Branch1][O][Ring2][Ring1][N][=C][Ring2][Ring1][=Branch1],0.8,0.373810350894928,NC(=O)c1cnc(-c2ccc(C3(N)CCC3)cc2)c(-c2ccccc2)c1,0.8382987380027771,0.15384615384615385,0.2825850158612372,34,453.5860000000003
C=CCC1=CN(F)NC(=O)C2=CC=CN(F)C(=CN=CNCCC1)C2,[C][C][C][N][C][=N][C][=C][Branch1][C][=C][N][Branch1][C][F][C][=C][C][=C][Ring1][#Branch1][C][=Branch1][C][=O][N][N][Branch1][#Branch2][F][C][N][Ring1][Branch1][C][C][C][F][C][=C][Ring2][N][C][C][C][=C][Ring1][=Branch1],1.0,0.37356802821159363,N#C[C@@H]1CCCN1C(=O)CNCCNc1ccc(Cl)cn1,0.8311915397644043,0.14772727272727273,0.5944141437509395,25,349.3850000000001
CNC1=C2N=CCC(C=O)C=C21,[C][N][C][=C][N][=C][C][C][Branch1][=Branch1][C][=O][C][=C][Branch1][C][=C][Ring1][=Branch2][Ring1][#Branch2],1.2,0.37349504232406616,CC1(c2ccccc2)CC(=O)NC(N)=N1,0.8231334686279297,0.16981132075471697,0.6054689942962639,12,162.19199999999998
CCOCC=CC1=CC=CC=C(C=O)C1,[C][C][O][C][C][=C][C][Branch1][C][C][=C][C][=C][C][=C][Ring1][=Branch1][C][=O][N][Branch2][Ring1][=Branch2][N][C][=C][Ring1][#Branch1][C][C][C][C][C][C][C][Ring1][#Branch1][C][N][=C][C][Branch1][C][C][=C][Ring2][Ring1][=Branch1][Ring1][=Branch1][C][=O][C][C][=C][C][Ring1][#C],0.8,0.37261947989463806,COc1ccccc1CN1C(=O)c2ccccc2C1C(=O)NC1CCC(C)CC1,0.8508582711219788,0.1746031746031746,0.5079712900122717,15,204.269
CN(C=N)C=CC=NC=CNC1=CC=COC1,[C][O][C][=C][C][=C][Branch1][#C][N][C][=C][N][=C][C][=C][N][Branch1][C][=C][Branch1][C][=N][Ring1][#Branch1],1.2,0.3720945417881012,Cc1nc(NC(=N)N)nc2ccccc12,0.7465068697929382,0.18461538461538463,0.5398715460965445,17,232.287
C=CCC(C)C=CCc1coccc1=NC=C(C)COC,[C][O][C][C][Branch1][C][C][=C][N][=C][C][=C][Branch1][#Branch2][O][C][=C][Ring1][=Branch1][=C][C][=C][Branch2][Ring1][Branch1][C][=Branch1][F][C][=C][C][=C][Ring1][#C],1.2,0.36927473545074463,CCN(CC)CCOc1ccc(C(O)(Cc2ccc(Cl)cc2)c2ccc(C)cc2)cc1,0.8441252708435059,0.20512820512820512,0.6762398175457791,21,287.4030000000001
COC=C(O)C=CC(=O)NC1CCNCC=CC=C2C=CCC=C21,[C][O][C][=C][Branch1][C][O][C][=C][Branch2][Ring2][#Branch1][C][=Branch1][C][=O][N][C][C][C][N][C][C][=C][C][=C][C][=C][C][Branch1][=C][C][=C][Ring1][=C][Branch1][Ring1][=Branch1][N][Ring1][=Branch1],1.0,0.3688545525074005,NC(=O)COc1ccc(OCCNCC(O)COc2ccccc2)cc1,0.8255151510238647,0.19718309859154928,0.4210629384283108,24,328.4120000000001
CC(=O)C1CC=CC=C1C=C(C)N=CC1CCCCO1,[O][=C][Branch1][C][C][C][C][C][=C][C][=C][Ring1][=Branch1][C][=C][Branch1][C][=C][N][=C][Ring1][=Branch1][C][O][C][C][C][C][Ring1][=Branch1],0.8,0.3685649037361145,CN1C2CCC1CC(OC(=O)C(CO)c1ccccc1)C2,0.8867620229721069,0.2,0.7337255555127722,20,273.37600000000003
CC1CC(=O)C=CC(=CCF)C(C=O)C1,[C][C][Branch1][S][=C][C][=Branch1][C][=O][C][=C][Branch1][#Branch2][C][=C][C][F][Branch1][S][N][C][C][C][C][Ring1][=Branch1][C][=O][=Branch1][C][=C][Ring2][Ring1][#Branch2],1.0,0.367779016494751,CCN(C(=O)Cc1ccc(S(C)(=O)=O)cc1)C1CCN(CC[C@@H](c2cc(Cl)cc(Cl)c2)C2CCN(S(C)(=O)=O)CC2)CC1,0.8746956586837769,0.17543859649122806,0.6549614972809431,15,210.24799999999993
CCCCNOC=Cc1c(F)cccc1NCCCCC=NN,[C][C][C][C][N][Branch2][Ring2][=Branch1][O][C][=C][C][=C][Branch1][C][F][C][=C][C][=C][Ring1][#Branch1][N][C][C][Ring1][#Branch2][C][C][C][=N][N][Branch2],1.2,0.3647731840610504,CCN(CC)CCCNCc1cc(Cl)c2cccnc2c1O,0.8978511095046997,0.2702702702702703,0.1805563957125447,23,322.42800000000005
OC1C=CC=CC2C=NC=C2C1,[C][C][=N][C][=C][Ring1][Branch2][C][C][Branch1][C][O][C][=C][C][=C][Ring1][#C],1.0,0.36445578932762146,C=CC1CN2CCC1CC2[C@@H](O)c1ccnc2ccc(OC)cc12,0.809105396270752,0.14,0.5726574551718375,12,161.204
C1=CN=CC(=CC=CC2=CC=[SH]2)C=C1,[S][=C][C][=C][Ring1][=Branch1][C][=C][C][=C][C][=C][C][=C][N][=C][Ring1][#Branch1],1.2,0.36302897334098816,OC(c1ccccc1)c1cccnc1,0.8357803225517273,0.11627906976744186,0.5208098328046887,14,201.294
COC=CC=NC(C)(C=O)NC=NCN=CCl,[C][O][C][=C][C][=N][C][=Branch1][=C][Branch1][#Branch2][N][C][=N][C][N][=C][Branch1][C][Cl][C][Branch1][C][Branch1][C][=O][N][C][C][=C][C][Branch1][C][=Branch1][C][C][=C][Ring1][=Branch1][Ring1][Branch1][C][C][=O],1.0,0.3603530824184418,CC(C)c1ncc(NC(=O)OCc2ccccc2)c(=O)n1CC(=O)NC(C(=O)C(F)(F)F)C(C)C,0.7869012355804443,0.15584415584415584,0.3051255601818891,17,258.709
COC=CC=CC=CN=C(Cl)c1ccccc1C=O,[C][O][C][=C][C][=C][C][=C][N][=C][Branch1][C][Cl][C][=C][C][=C][C][=C][Ring1][=Branch1][C][=O][Ring1][=Branch2][N][=N],1.0,0.3597412705421448,COc1ccc(Oc2ncccc2C(=O)NCc2ccccc2Cl)cc1,0.8450379371643066,0.32558139534883723,0.3434849717680324,19,275.735
C=CC=C1N=CC=CCC(N=CC)N(C)C1=O,[C][C][=C][C][=N][C][Branch1][#C][C][=Branch1][C][=O][N][Branch1][C][C][C][Ring1][=N][N][=C][C][=C][C][=C][Ring1][=Branch1],0.8,0.3579147160053253,CC1(c2ccccc2)CC(=O)NC(N)=N1,0.8639428615570068,0.16417910447761194,0.5290120280701198,17,231.299
CN1CN2C(=CSC3=CCNOC3)C=CN=CC=C1C=C2CCO,[C][O][N][C][C][=C][Branch2][Ring1][#Branch2][S][C][=C][C][=C][N][=C][C][=C][C][=C][Branch1][=Branch2][N][Ring1][#Branch2][C][N][Ring1][=Branch1][C][=C][C][Branch1][C][O][Ring1][S][Ring2][Ring1][#Branch1][Cl],1.2,0.3565174341201782,CN1CCN(CCOc2n[nH]c3ncnc(Nc4ccc(OCc5ccccn5)c(Cl)c4)c23)CC1,0.8279090523719788,0.14444444444444443,0.8111830552613963,24,346.4560000000002
C=CN=CCN1OCN=CC2=C3C(=CC1=NO)C3=C2,[O][N][=C][C][=C][C][=C][Branch1][=N][C][=N][C][O][N][Ring1][#Branch2][C][C][=N][C][=C][C][=C][Ring1][#C][Ring1][=C][Branch1][C][Cl][S][=Branch1],1.2,0.3549748957157135,Nc1nc(N)c2nc(CO)cnc2n1,0.8505913615226746,0.15,0.4716480853903804,19,256.265
CC(O)CNCC1=C=C1CN=Cc1ccccc1NC=O,[C][C][Branch1][C][O][C][N][C][C][=C][=C][Branch1][#C][C][N][=C][C][=C][C][=C][C][=C][Ring1][=Branch1][N][Branch2][C][=Branch1][C][=O][N][C][Ring1][Branch2][Ring1][Ring1][Ring1][C][Branch1][C][C][C][C][C][Ring1][Ring1][N],1.0,0.3548951745033264,CCOC(=O)c1ccc(CCN2CCN(c3ccc(C)nn3)CC2)cc1,0.8420783281326294,0.2597402597402597,0.36136753394388843,21,285.34700000000004
COC=CC=C(CC=O)C(=O)CNC(=O)C=C1C=CC=C(Cl)C1,[C][O][C][=C][C][=C][Branch2][Ring1][#Branch1][C][=Branch1][C][=O][C][N][C][=Branch1][C][=O][C][=C][C][=C][C][=C][Branch1][C][Cl][C][Branch1][Ring2][Ring1][#Branch1][C][C][Branch1][C][=Branch1][C][=O][N][C][N][Ring1][Ring2][Ring1][S][N][C][=C][Ring2][Ring1][#Branch2][N][=C][Ring2][Ring1][C],0.8,0.35458680987358093,CCOC(=O)c1ncn2c1CN(C)C(=O)c1cc(F)ccc1-2,0.8490777015686035,0.17721518987341772,0.31972251870832546,23,335.78700000000015
ClC1=CC=CC=CC=C2C3=CC=CC=CN3CC=CN2CNCCN1,[C][C][N][C][N][C][=C][C][Branch2][Ring1][#Branch1][N][C][=C][C][=C][C][=C][Ring1][#Branch1][C][Ring1][N][=C][C][=C][Branch1][S][C][=C][C][=C][Branch1][C][Cl][=N][Ring2][Ring1][=N],0.8,0.3544040024280548,NC1(Cc2ccc(Cl)cc2)CCN(c2ncnc3[nH]ccc23)CC1,0.8400387763977051,0.18181818181818182,0.6533096253646985,25,354.885
CC=CC=NC1C=CC=CC2=CC=CN1C2,[C][C][=C][C][=N][C][Branch1][=Branch2][N][C][C][=C][C][=C][Ring1][=Branch1][C][=C][C][=C][Ring1][Branch2][Ring1][Branch2][C][Branch1],0.8,0.3539244532585144,CN1Cc2c(N)cccc2[C@H](c2ccccc2)C1,0.8283151388168335,0.14285714285714285,0.6425754408894302,16,212.29600000000005
C=CC=CNC=CNCC=CC=CC=COC,[C][O][C][=C][C][=C][C][=C][C][N][C][=C][N][C][=C][C][=C][Branch2][Ring1][P],1.0,0.35361212491989136,CC(CCc1ccccc1)NCC(O)c1ccc(O)c(C(N)=O)c1,0.7068191170692444,0.16326530612244897,0.36406103396763084,17,232.32700000000003
NNC1=CC=CCC1c1cc(O)ccc1CC(N)=O,[O][=C][Branch1][C][N][C][C][=C][C][=C][Branch1][C][O][C][=C][Ring1][#Branch1][C][C][C][=C][C][=C][Ring1][=Branch1][=N][Ring1][P][N],1.2,0.3502357602119446,O=C(NCC1CCOCC1)c1ncccc1NC(=O)c1cccc2ccccc12,0.8014370203018188,0.24489795918367346,0.4744886116912544,19,259.309
CS12=C3CCC=NC=CC=C(CC=C1)S=21=NN1CNO3,[C][C][=C][S][Branch1][C][C][=C][Branch1][N][=C][C][C][=N][C][=C][C][=C][Ring2][C][=C][Branch1][=Branch2][O][N][C][N][S][Ring1][=Branch1][=Ring1][S][=N][Ring1][Ring1][S][C][=Ring1][=Branch1][NH1][Branch1][C],1.2,0.347356379032135,C[C@@H]1CN(c2noc(C3CC3)n2)CCN1c1ncc(OCc2ccncc2C#N)cn1,0.8739357590675354,0.136986301369863,0.6960189281198096,20,310.44800000000004
N=CC1=CCNCC(C=CC=NN)NC=CC=C1,[C][N][C][C][=C][Branch1][Ring1][C][=N][C][=C][C][=C][N][C][=Branch1][C][Ring1][#C][C][=C][C][=Branch1][Ring1][=N][N],1.0,0.3458314836025238,N#Cc1nc(Nc2ccccc2)c(N)c(N2CCOCC2)n1,0.787206768989563,0.15384615384615385,0.33515125489530084,18,245.33000000000004
CC=CC1=CC=CCCNC(=O)C1=CNC(=O)C1=COC1,[C][O][C][=C][Branch2][Ring1][Branch2][C][=Branch1][C][=O][N][C][=C][C][=Branch1][C][=O][N][C][C][C][=C][C][=C][Ring1][#Branch2][C][=C][C][Ring1][=C][C][N][C][=C][C][Ring1][Branch2][C][C][=C][Ring2][Ring1][O][C][C][=C][C][C][=C][C][C][Branch1][C][Ring1][=Branch1][C][=Branch1],1.0,0.3457442820072174,CCOC(=O)C(CCc1ccccc1)NC1CCc2ccccc2N(CC(=O)O)C1=O,0.8643956780433655,0.16216216216216217,0.7722314311125115,21,286.331
C=Cc1ccccc1C=CNC(=O)OC,[C][O][C][=Branch1][C][=O][N][C][=C][C][=C][Branch1][=Branch2][C][=C][C][=C][Ring1][=Branch1][C][=C][Ring1][=Branch1][C][=O][O][C][=C][C][=C][N][C][=C][C][=C][Ring1][=Branch1][C][=C][Ring2][Ring1][=C][C][=C][C][Branch1][C][F][C][=C][Ring1][=Branch1][C][=C][Ring2][Ring1][#Branch1],0.8,0.3454522490501404,Cc1oc(-c2ccccc2)cc1C(=O)Nc1cccc(C(=O)O)c1,0.8608243465423584,0.3157894736842105,0.8196842891997121,15,203.24099999999999
O=C[SH]1NC(CNCN=CC=CC2=CC=CNC(=O)C2)CC1CF,[O][=C][Branch1][C][C][=N][C][=C][C][=C][Ring1][=Branch1][C][=C][C][=N][C][N][C][C][=Branch1][C][N][C][C][Branch1][Branch1][C][F][C][Ring1][S][Ring1][=Branch1][C][=O][C][Ring2][Ring2][Ring1][P],1.2,0.34224939346313477,N#CCNC(=O)[C@@H]1CCCC[C@H]1C(=O)N1CCN(c2ccc(F)cc2)CC1,0.9047743678092957,0.14634146341463414,0.22616950060460428,24,354.451
Nc1ccccc1N=C1CC=CC=C(C=O)CCC1,[C][C][=C][C][=C][Branch2][C][=Branch1][C][=O][N][C][Branch1][C][C][C][C][Ring1][O][=N][C][=C][C][=C][C][=C][Branch1][C][=N][Ring1][=Branch1][C][=O][N][Ring1][#Branch1][C][C][C][Ring1][#Branch1],1.0,0.3380776345729828,Cc1c(CN(C)C(=O)/C=C/c2cnc3c(c2)CCC(=O)N3)oc2ccccc12,0.8804521560668945,0.20408163265306123,0.6472825644232927,19,254.333
C=CN(CC=CC=C1N=CC=CCN1)C(N)=O,[N][C][=Branch1][C][=O][N][Branch2][Ring1][Ring2][=C][C][=C][C][=C][Branch1][#Branch1][N][C][C][=C][Branch1][=N][C][=N][Ring1][#Branch1][C][=C][C][=C][Ring1][=Branch1][C][=C][C][=C][Ring1][=Branch2],0.8,0.3369007706642151,NC(=O)c1cc2ccccc2nc1N,0.8945147395133972,0.1694915254237288,0.7626120902522903,17,232.28699999999998
C=CCCN(C)CCCCNC(=O)C1C(=CCCCCC)C(=O)N1C=CC=CCl,[C][C][C][C][C][C][=C][Branch1][O][C][=Branch1][C][=O][N][C][=C][C][=C][Branch1][C][Cl][=C][Ring1][Branch2][Ring1][#Branch1][C][=Branch1][C][=O][N][C][C][C][C][Ring1][#C][N][Branch1][C][C][C][C][C][Ring2][Ring1][Ring1][#C],0.8,0.33683300018310547,CCN(CC)CCNC(=O)c1cc(Cl)c(N)cc1OC,0.8527941107749939,0.22077922077922077,0.14028762093858424,29,422.0130000000003
CCCNN=CC1=C(C)C=CC2C3C1CN23,[C][C][C][N][Branch2][Ring1][Ring1][Ring2][C][=C][C][=C][Branch1][=C][C][=C][C][=C][Ring1][=Branch1][C][=N][C][=C][C][=C][Ring1][Branch2][C][=C][C][Branch1][N][=C][Ring1][Branch2][Ring1][C][C][=N][N][C][C][C][C][Ring1][=Branch1],0.8,0.33655276894569397,CN(C)CCCn1c2c(c3ccccc31)CCCCCC2,0.834187388420105,0.19298245614035087,0.33463642308957714,16,217.31599999999995
CC=CC=C1CCC=CN=CC1=O,[C][C][=C][C][=C][Branch1][=Branch1][C][=O][N][Ring1][N][C][C][C][=C][N][=C][Ring1][Branch2],1.2,0.33459803462028503,Cn1c(N)nc(CCc2ccccc2)cc1=O,0.758945882320404,0.14545454545454545,0.5626590831610547,13,175.23100000000002
COCCCC[SH](C=O)NCCOC=CC=CCC=O,[C][O][Branch1][C][C][C][C][S][Branch1][#C][N][C][C][O][C][=C][C][=C][C][Branch2][Ring1][#Branch1][C][=O][N][C][=Branch1][C][=C][C][=C][Branch1][#Branch1][=Branch1][C][=O][=O][N][C][O][C][Ring2][C][=Branch1][C][=O][N][C][C][C][=C][N][C][=C][Ring1][=N][=C][Ring1][=Branch1][C][C][Ring1][=Branch1][C][F][Cl][C][C][C][Ring2][Ring1][#Branch1][C],1.2,0.33219555020332336,CCOC(=O)c1ccc(OC(=O)CCCCCN=C(N)N)cc1,0.8703762888908386,0.16901408450704225,0.16833692890202093,20,303.42400000000004
CC=CC=CC=CC=C(N=NC=CC=CC)ONCC=CC1(N)C=CC=C1,[C][C][=C][C][=C][C][=C][C][=C][Branch1][#Branch2][N][=N][C][=C][C][=C][Ring1][=Branch1][C][=O][N][C][C][=C][C][Branch1][C][=N][C][=C][C][=C][Ring1][=Branch1],0.8,0.33129408955574036,CC(=N)NCc1ccccc1,0.8823299407958984,0.13157894736842105,0.13589305805592458,27,364.4930000000001
CC=CC=NCC=C(C=CC1=CN=CC2C=CC=NC1=C2)CC1C=CNNC1,[C][C][=C][C][=N][C][Branch2][Ring2][=N][C][=C][Branch1][#Branch2][C][C][C][N][N][C][=C][Ring1][=Branch1][C][=C][C][=C][N][=C][C][C][=C][Ring1][#Branch1][N][=C][C][=C][Ring1][#Branch1],1.0,0.3307011127471924,CC(=N)NCc1ccccc1,0.8145644068717957,0.12121212121212122,0.5258803520619518,28,373.5040000000001
COC=CC=CC=C1C(=O)N(C)NCN1C=C1C=CCC(F)=C1,[C][O][C][=C][C][=C][C][=C][C][=Branch1][C][=O][N][Branch1][C][C][N][C][N][Ring1][Branch2][C][=C][C][=C][Branch1][C][F][C][C][=C][Ring1][#Branch1],0.8,0.32880842685699463,CCN(CC)CCNC(=O)c1c(C)[nH]c(/C=C2\C(=O)Nc3ccc(Cl)cc32)c1C,0.7900776863098145,0.15294117647058825,0.4915462249541547,23,317.36400000000003
Cc1ccccc1CCCC=C1CN=CC=C1N=CC=O,[C][C][=C][C][=C][C][=C][Ring1][=Branch1][C][C][C][C][=C][Ring1][=Branch1][C][N][=C][C][=C][Ring1][=Branch1][N][=C][C][=O][C][=C][C][=C][C][C][Branch2][Ring1][=Branch1][C][=O][N][Ring1][=Branch1],1.0,0.3286270499229431,Cc1[nH]c2ccccc2c1CCNCc1ccc(/C=C/C(=O)NO)cc1,0.8575171232223511,0.24096385542168675,0.4466313270585508,21,280.37100000000004
COOOC=C1C=CNOSC=NCNCC=CC=C[SH](C=O)C=CC=C1C1C=C1,[C][O][O][O][C][=C][C][=C][Branch2][Ring2][=N][N][O][S][C][=N][C][N][C][C][=C][C][=C][S][Branch1][=Branch1][C][=O][S][C][=C][C][=C][C][=C][Ring2][Ring1][=Branch1][C][C][=C][Ring2][Ring1][N][Ring2][C][Ring1][N][C][Ring1][=Branch2][N][C][C][Ring1][Branch2],1.2,0.3254311978816986,COc1cc(NC(=O)Nc2cccc(CNC(=O)O[C@H]3CCOC3)c2)ccc1-c1cnco1,0.8357061743736267,0.13095238095238096,0.0854837382289448,30,451.57000000000005
COC12N=COC=C(C=CCCC(F)=CC=CC(=O)N1)CO2,[C][O][C][=N][C][Branch1][Ring1][O][C][N][C][=Branch1][C][=O][C][=C][C][=C][Branch2][Ring1][#Branch1][F][C][=C][Branch1][=Branch2][C][O][C][=N][Ring1][Branch2][C][=C][Ring1][#C][=N][Ring1][C][Branch1][C][C][N][C][C][C][=C][Ring1][O][C][Ring2][Ring1][#Branch1][Ring2][Ring2][Branch1][C][O][Ring2][Ring1][C][=O][N][=C][Ring2],1.0,0.3234610855579376,COc1ncc2ncc(=O)n(CCN3CCC(NCc4cc5c(cn4)OCCO5)CC3)c2n1,0.803094208240509,0.17475728155339806,0.8050002034756397,22,308.309
O=CCOOCC=CN=CC(O)=CC=CS,[S][C][=C][C][=C][Branch1][Ring1][#Branch1][O][C][=N][C][=C][Branch1][C][=Branch1][=C][O][O][C][C][=O][=Branch1][O][C][=C][Branch2][Ring1][=Branch1][C][=C][C][=O][N][Branch1][=Branch2][C][C][=C][Ring2][Ring1][#C][N][C][N][Branch1][=C][Branch1][Branch1][=C][Ring2][Ring1][P],1.2,0.3212101459503174,O=[N+]([O-])c1ccc(C=NO)o1,0.8685029149055481,0.1044776119402985,0.09926949880418834,16,243.28399999999996
CNC1CCOC2CCN(C)NC1NC(=O)C=CCOCCCC=CNONC2,[C][O][C][C][=C][C][=Branch1][C][=O][N][Branch2][Ring2][C][=C][Branch2][Ring1][Ring1][N][N][Branch1][C][C][=C][C][Branch2][Ring1][Branch1][C][Branch1][=Branch2][O][C][C][C][Ring1][O][N][C][Branch1][=N][C][N][Branch1][=Branch2][O][N][C][=C][C][C][Ring2][=Branch2],1.2,0.3200707733631134,CC1(C)CNC(=O)c2sc(N3CCOCC3)nc2C1,0.9032604694366455,0.17045454545454544,0.3908853436375276,29,412.5350000000001
CC(C=NC1=CC(N)CC=C1[SH]=C(Cl)CF)CC(=O)N=CCC=O,[C][C][Branch1][N][C][C][=Branch1][C][=O][N][=C][Branch1][=Branch1][C][C][=O][C][=C][C][=N][C][=C][Ring1][#Branch2][C][Branch1][C][=N][C][C][=C][Ring1][#Branch1][S][C][Ring1][C][Branch1][C][Cl][C][F],1.0,0.31966713070869446,CNc1cnc(-c2ccc(F)cc2)n(CC(=O)NC(C(=O)C(F)(F)F)C(C)C)c1=O,0.9390556812286377,0.1724137931034483,0.22530455691176624,24,373.88100000000003
CNC(=O)CC(C=O)=CCC1=CC2=CCC(=NC=CC=C2CCN)C(Cl)=C1,[C][C][=C][C][=C][Branch2][Ring1][C][=C][C][=C][Branch1][=Branch1][C][=O][N][C][C][C][C][=Branch1][C][=O][N][C][C][=C][Branch1][C][Cl][=C][Ring2][Ring1][Ring1][=N][C][=C][C][=C][Ring2][Ring1][=Branch1][C][C][Ring2][Ring1][Branch2][N],0.8,0.31963011622428894,CCN(CC)CCNC(=O)c1c(C)[nH]c(/C=C2\C(=O)Nc3ccc(Cl)cc32)c1C,0.7870450615882874,0.17391304347826086,0.5207047310496926,27,385.89500000000015
C=CCC(Cl)=CNC(C=C)C=NC=CC(C)=O,[O][=C][Branch1][C][C][C][=C][N][=C][C][Branch1][#Branch2][N][C][=C][Branch1][C][Cl][=C][C][=C][C][=C][Ring1][#Branch1],0.8,0.31929415464401245,NC(=O)c1ccc(Br)cc1,0.7401198744773865,0.16901408450704225,0.40997401888643853,17,252.74499999999998
CCCC(=O)NNC=C(N)C=CC=NC=NC,[O][=C][Branch1][#C][N][N][C][=C][Branch1][C][=N][C][=C][C][=N][C][=N][C][=C][C][Branch1][C][=C][Ring1][=Branch1],1.2,0.3182816505432129,NNC(=O)c1ccncc1,0.7848531007766724,0.22413793103448276,0.2603221846579951,17,237.307
FC[SH]1NC=COC12OCCC=CS2,[S][C][=C][Branch1][C][Branch1][Branch1][C][C][O][C][Ring1][#Branch1][O][C][=C][N][S][Ring1][=Branch1][C][F][Branch2][C][Branch2][Ring1][=Branch2][C][=Branch1][C][C][=O][=O][C][=C][C][=C][C][=N][Ring1][#Branch1][N][S][C][Branch1][=C][O][C][O][C][=C][C][C][=C][Ring1][=Branch1],1.2,0.317268967628479,O=C(Nc1ncc(F)s1)[C@H](CC1CCOCC1)c1ccc(S(=O)(=O)C2CC2)cc1,0.8445999026298523,0.11666666666666667,0.684457056877824,14,237.32100000000003
N=S1C=CC=CCCC(=O)NCNC=C1,[C][C][=Branch1][C][=O][N][Branch1][=Branch2][C][N][Branch2][Ring1][O][C][=C][S][=Branch1][C][=N][C][=C][Branch1][=C][C][=C][C][Branch2][Ring1][=Branch1][Ring2][=N],1.2,0.31584709882736206,NC(=O)c1sc(-c2ccsc2)cc1N,0.8681551814079285,0.21951219512195122,0.5826434498555776,15,225.317
CC=CC1=CC=CNSC(Cl)(C=CC=COC(C)=O)C1C=O,[C][C][=Branch1][C][=O][O][C][=C][C][=C][C][Branch1][#Branch2][S][N][C][=C][C][=C][C][=C][C][Branch1][C][Cl][=C][Ring1][=Branch1][C][=O][O][C][C][Branch1][C][O][N][C][Ring1][=Branch2],1.0,0.3157786428928375,Cn1cc(C(=O)CCCCOc2ccc(C(=O)O)cc2)cc1C=O,0.8361791968345642,0.15942028985507245,0.20687209780220556,22,339.84400000000005
CNC(=O)SC=CC=COCNCCCc1ccccc1C=NNCF,[C][N][C][=Branch1][C][=O][S][C][=C][C][=C][Branch2][Ring1][Branch1][#Branch2][O][C][N][C][Branch1][S][C][C][C][=C][C][=C][C][=C][Ring1][=Branch1][C][=N][N][Branch1][=C][C][F][=C][C][=C][Ring2][Ring1][=Branch1],1.0,0.31526726484298706,CC(C)N(C(=O)C(c1cccnc1)C(CNC(=O)NCc1ccccc1F)c1ccccc1)C(C)C,0.7142782211303711,0.1875,0.09880346106418877,26,380.48900000000003
C=C1C2CCCCCC(=CNC(=O)C=COC)C=CC(CC=O)N1CCN(C)CN2,[C][O][C][=C][C][=Branch1][C][=O][N][C][=C][Branch2][Ring1][N][C][C][C][C][C][C][N][C][N][Branch1][C][C][C][C][N][C][Branch1][=Branch2][Ring1][=Branch2][S][C][=C][C][=C][C][=C][C][=C][C][=Branch1][=C][Branch1][C][Ring1][=Branch1][C][Ring1][=Branch1][C][=O][C][=O][C][Ring1][#Branch1],0.8,0.3142741322517395,CCN(CC)C(=O)c1ccc([C@H](c2cccc(NC(=O)C3CC3)c2)N2CCN(CCOC)CC2)cc1,0.851108193397522,0.2127659574468085,0.40704035527583465,30,416.5660000000002
CC=NC=C1C(N=CC=CNCC=O)C1(S)Cl,[C][=Branch1][C][=O][C][N][C][=C][C][=N][C][Branch1][=Branch1][C][=C][N][=C][C][C][Branch1][C][Cl][Branch1][C][S][Ring1][=Branch1],1.2,0.314182847738266,CC(C)C(NC(=O)Cn1c(-c2cccs2)ncc(N)c1=O)C(=O)C(F)(F)F,0.8094366192817688,0.12903225806451613,0.25338331467431274,17,271.77299999999997
CC1=CCC=CC=COC(=O)CNCC=C2CC3CCC2C=C3CCN1,[O][=C][Branch2][Ring1][S][O][C][=C][C][=C][Branch1][N][C][C][=C][Branch1][C][=C][N][C][C][C][=C][Ring1][=Branch1][C][=O][O][C][=C][Branch1][C][Cl][C][N][C][=C][Ring1][P][N][C][C][=C][C][Ring1][#Branch1][C][C][C][Ring1][O][C][Ring1][=Branch1],1.0,0.3131239712238312,O=C(c1scc2c1CCCC2)N1CCCCC1,0.8537086248397827,0.15789473684210525,0.5136661457802381,26,354.49400000000014
CCC(C)OC=CNNC=CN=C(CF)OC=CC=CCCCl,[C][C][C][Branch1][C][C][O][C][=C][N][N][C][=C][N][=C][Branch1][=Branch2][O][C][=C][C][=C][C][Branch1][=Branch1][C][Cl][=O][C][Branch1][C][F][C][=C][Ring1][#C][N][=O][C][Branch1][C][=C][Ring1][=C][C][Branch1][C][=C][C][F][=C][Ring1][C][Cl],1.2,0.3128907084465027,CC(C)C(NC(=O)Cn1c(-c2cc(F)cc(F)c2)ncc(N)c1=O)C(=O)C(F)(F)F,0.8186676502227783,0.12727272727272726,0.10700458545950886,23,345.8460000000002
N=CC=CC=CC=NC=CC=CC=CN=Cc1ccc[nH]1,[N][C][=C][C][=C][Branch2][Ring1][Ring2][C][=N][C][=C][C][=C][C][=C][Branch1][O][N][=C][C][=C][C][=C][Ring1][=Branch1][C][=N][Ring1][=Branch1],0.8,0.31200847029685974,Nc1ncccc1NCc1cccc(-c2cccnc2)c1,0.8125911951065063,0.1774193548387097,0.5356893087729487,21,278.35900000000004
CC=CC1=CC=CC=CN1C1C=CCCOCC=C1,[C][O][Branch1][C][C][C][=C][C][Branch1][=N][N][C][=C][C][=C][C][=C][Ring1][#Branch1][C][=C][C][Branch2][Ring1][Ring2][C][=C][Ring2][Ring1][Ring1],1.0,0.3115532398223877,CN1CC=CCC(c2cc3ccccc3o2)C1,0.8808026909828186,0.13793103448275862,0.6970341255085335,19,255.36100000000002
OC1C=CC=CC=CCC2C=CC=CC(F)=C3C(CCN31)C2,[C][C][=C][C][=C][Branch2][Ring1][=N][C][=C][C][Branch1][C][O][N][C][C][C][C][C][Ring1][#C][C][=C][C][=C][C][Branch1][C][F][=C][Ring1][#Branch2][Ring1][=N],0.8,0.31153035163879395,OCCOCCN1CCN(C(c2ccccc2)c2ccc(Cl)cc2)CC1,0.8508338928222656,0.15625,0.730246361369484,22,299.38899999999995
C=CC=CC1=CC=C(C)C2=CCNC3=CC2=CC(=O)CNC(=O)C=CC(C)=C3C(=O)CCC1,[C][C][C][C][=Branch1][C][=O][C][=C][Branch1][C][=C][C][=C][Ring1][=Branch1][C][=Branch1][C][=O][N][C][C][=Branch1][C][=O][C][=C][C][=C][Ring1][#C][N][C][C][=C][Ring1][#Branch1][C][Branch1][C][C][=C][C][=C][Ring2][Ring1][P][C][=C][C][=C][Ring2][Ring1][#Branch1],0.8,0.31129762530326843,Cc1c[nH]c(/C=C2\C(=O)Nc3ccccc32)c1CCC(=O)O,0.8342164754867554,0.14814814814814814,0.6266812077711383,33,442.5590000000002
C=CC=CC=CCCC1(C=N)CCC(C=N)=CC1=CC=O,[O][=C][Branch2][Ring1][O][C][=C][C][=C][Branch2][Ring1][C][C][C][C][Branch1][=Branch2][C][C][C][=C][C][=C][C][=C][Ring1][=Branch1][C][=N][C][=N][Ring2][Ring1][N],0.8,0.31092533469200134,O=C(CCc1ccccc1O)Nc1ccccc1,0.7940665483474731,0.1388888888888889,0.2978790591700951,21,282.387
O=C1CC(NC=C(Cl)N=Cc2ccccn2)=CC=CN=CC=CN1,[C][C][=Branch1][C][=O][N][C][=C][C][=N][C][=C][C][=C][Ring1][#C][NH1][C][=C][Branch1][C][Cl][N][=C][C][Ring2][Ring1][C][=C][C][=C][C][=N][Ring1][=Branch1],1.0,0.31086015701293945,NCc1ccc(NC(=O)c2cc(Nc3ncccn3)c3cc(/C(N)=N/O)ccc3c2)cc1,0.8789005279541016,0.22058823529411764,0.6523886627704357,24,341.8020000000001
FC(=CC=CC=CN=C1CCN=[SH]1)OCCl,[S][=N][Branch1][C][C][C][Ring1][=Branch1][=N][C][=C][C][=C][C][=C][Branch1][=C][Branch1][O][C][Cl][Cl][=C][Ring1][=Branch1][Ring1][P][=C][C][C][F][O][N],1.2,0.3106079697608948,O=C(NO)C1COC(c2ccc(F)c(C(F)(F)F)c2)=N1,0.9022313356399536,0.13924050632911392,0.3515191062975876,16,262.737
C=CC=CCC(C=O)N=C1CCN(C)C1,[C][N][Branch1][C][C][C][C][C][Branch1][O][Branch1][Ring1][S][Ring1][=Branch1][C][N][C][C][C][=N][C][Branch1][=Branch1][C][=O][=Branch1][=C][Ring1][#Branch1][N][C][C][=C][C][=C][Ring1][=Branch1],1.0,0.3091835081577301,CCCN(C)c1nc(N2CCC[C@@H](CC(=O)O)C2)ccc1C(=O)NC1CCCCC1,0.8860065340995789,0.18055555555555555,0.5037373202233356,15,206.289
CC1=C(n2c3ccc(cnc(=O)[nH]c2=O)C2CCC2C=CC=CN3)C2=CCC=C21,[C][C][=C][C][=C][N][C][=C][C][=C][Branch2][Ring1][=Branch1][C][=N][C][=Branch1][C][=O][N][C][=Branch1][C][=O][N][Ring1][N][C][C][=C][Branch1][O][C][C][=C][Ring2][C][Branch1][C][=Ring1][#Branch1][C][=C][Ring2][Ring1][S][C][C][Ring2][Ring1][#C],1.0,0.3089061379432678,Cc1ccc(NC(=O)c2ccoc2)cc1-n1cnc2ccc(N3CCN(C)CC3)cc2c1=O,0.9048571586608887,0.2073170731707317,0.7736225904334699,29,386.4550000000002
CC=CC=COC1=CC=CC=CC=CCNCC=CC=CNO1,[C][N][Branch2][Ring2][P][C][C][=C][C][=C][C][=C][C][=C][Branch1][=Branch2][O][C][=C][C][=C][Ring1][=Branch1][C][=O][N][Ring1][=Branch2][C][=C][C][=C][Ring2][Ring1][#Branch1],0.8,0.3082231283187866,C[C@H](NC(=O)c1cccnc1Oc1ccccc1)c1ccccc1,0.8549456596374512,0.16176470588235295,0.6143521794016142,23,312.41299999999995
CC=C1C(C)=CC2C=CNC(=O)CC=CC=CC(O)NCCC3CCCC=C2NC=C13,[O][=C][Branch2][Ring2][Ring2][C][C][=C][C][=C][C][Branch2][Ring1][#Branch2][N][C][C][C][C][C][C][C][=C][Branch1][=Branch2][N][C][=C][Ring1][=Branch2][C][=C][C][=C][C][=C][Ring1][=Branch1][C][=Branch1][C][=O][N][C][=C][Ring1][Branch2][Ring1][=Branch1],0.8,0.3069263994693756,NC(=O)c1cccc(OC2CCN(Cc3ccccc3)CC2)c1,0.8801997303962708,0.14814814814814814,0.47494866637620464,31,421.5850000000001
CC1=CC=C2N(C)N3OC3C3=CN4C(=O)C(=C1OCC=C3)C24O,[N][Branch1][C][=C][C][=C][C][=C][Branch1][C][=C][C][=C][Branch2][Ring1][#C][C][=Branch1][C][=O][N][C][=C][Branch1][=Branch2][C][=C][C][O][Ring1][O][Ring1][N][C][O][=N][Ring2][Ring1][=Branch2][Ring1][Ring1][S][C][=Branch1][C][C][=C][Ring2][Ring1][Ring2][Ring1][O][O],1.0,0.30687493085861206,COc1ccc2c(c1)N(CCN1CCC(NCc3ccc4c(n3)NC(=O)CO4)CC1)C(=O)OC2,0.7882787585258484,0.16326530612244897,0.5193347287306604,23,313.31300000000005
NC1CC(C=O)(CC(Cl)C=O)C1,[C][C][Branch1][C][N][C][C][Branch2][Ring1][Ring1][=Branch1][C][=O][N][C][=Branch1][C][=Branch1][C][=O][C][=C][C][=C][C][=C][C][=C][Ring1][=Branch1][C][Branch1][C][Branch1][C][Branch1][C][Cl][C][=O][C][C][F][C][=C][Ring1][#Branch1][O][C][=Branch1][C][=O][C][=C][Ring2][Ring1][Ring1][#Branch2],1.0,0.3064154386520386,CCN(C(=O)Cc1ccc(S(C)(=O)=O)cc1)C1CCN(CC[C@@H](c2cc(Cl)cc(Cl)c2)C2CCN(S(C)(=O)=O)CC2)CC1,0.8943756222724915,0.15151515151515152,0.5173746973974862,12,189.64199999999997
CC=CCC(F)=CC=CN(N)CCNC=CCCC1=CCC(C)(OC=O)C=Cc2c1ccnc2OCC,[C][C][O][C][=N][C][=C][C][=C][Ring1][=Branch1][C][=C][C][Branch1][C][C][=Branch1][O][O][=C][Ring1][#Branch1][=O][N][C][=C][C][C][=C][C][=C][Ring1][N][C][C][C][=C][N][C][C][N][Branch1][C][N][C][=C][C][=C][Branch1][C][F][=Branch1][C][C][=C][C][Ring2][Ring1][Branch2],1.0,0.30613183975219727,C=CCc1cc(NC(C)=O)ccc1OCCCNC(C)C,0.7749963402748108,0.17307692307692307,0.07921298132333195,37,510.6540000000003
CC1C2CCC(NC(C=O)C=NOC=CCC=O)C12,[O][=C][C][Branch2][Ring1][#Branch1][C][=N][O][=Branch1][=Branch1][C][=C][C][Branch1][O][C][=O][S][C][C][Branch1][C][C][C][=C][Ring1][=Branch2][N][C][C][C][C][C][Branch1][C][Ring1][Branch1][C][Ring2][C][Ring1][#Branch1][C][=C][Ring2][Ring1][S][Ring2][Ring1][Branch1],1.2,0.30600765347480774,CCCOc1nc(N2CCC[C@@H](CC(=O)O)C2)ccc1C(=O)NC1CCCCC1,0.9225179553031921,0.14864864864864866,0.3103546053983021,19,264.325
C1=CC=CC2=CC(COC=C1)NC=N2,[C][O][C][=C][C][=C][C][=C][C][=C][C][Branch1][=N][Ring1][=C][C][O][Ring1][O][N][C][C][=C][Ring1][=Branch2][N][C][=N][Ring1][=Branch1][=C][Ring2][Ring1][Branch1][Ring1][O][C][C][C][C][Ring1][O],0.8,0.3054022490978241,COc1cnc(-c2ccccn2)nc1N1CCOCC1,0.8595165610313416,0.14285714285714285,0.6250655018631147,14,188.23000000000002
C=C1C=CCCCNCC2=CCNC(=O)C=COCC=C(Cl)CC12,[C][O][C][=C][C][=Branch1][C][=O][N][C][C][=C][Branch1][#Branch2][C][N][C][C][C][C][=C][C][=C][C][Branch1][=Branch2][C][C][Branch1][C][Cl][=C][Ring2][Ring1][P][Ring1][Ring1][#Branch1],0.8,0.3050553500652313,O=C(O)c1cccc(N2CCC(CN3CCC(Oc4ccc(Cl)c(Cl)c4)CC3)CC2)c1,0.853869616985321,0.14285714285714285,0.6608834898712107,24,348.874
O=CC1c2cccc1c2C=CCC1=CN=CC=CN1,[N][=C][C][=C][N][C][Branch2][Ring1][=N][C][C][=C][C][=C][C][=C][C][=C][Ring1][=Branch1][C][Ring1][=Branch1][C][=O][NH1][C][=C][C][=Ring1][Ring1][O][C][=C][Ring1][=Branch2][C][=C][Ring2][Ring2][Ring1][=Branch1],1.0,0.30481600761413574,Nc1nc2ccccc2n1C(=O)c1ccccc1,0.7661306262016296,0.1267605633802817,0.7790821512313206,19,250.301
COC=CC=CC=CC=CNCCC=CC1=CCNC=C1C=O,[C][O][C][=C][C][=C][C][=C][C][=C][Branch2][Ring2][Ring1][=Branch2][N][C][C][C][=C][C][=C][C][Branch1][#C][N][C][=C][Ring1][=Branch1][C][=O][N][C][=C][Ring2][Ring1][=Branch1],0.8,0.30470409989356995,CC(=O)Nc1ccc(O)cc1,0.7899519205093384,0.1774193548387097,0.2817843668127959,23,312.413
C=C1C(=O)OC2=CC=CCC3=CCCC1(C=CC=CC)C2=C(C)CC(F)=C3,[C][C][=C][C][=C][C][Branch2][Ring1][=N][C][Branch1][O][C][=Branch1][C][=O][O][C][=C][C][=C][C][=C][Branch1][N][Ring1][#Branch2][C][C][C][C][=Branch1][C][=O][C][N][Branch1][C][C][C][=C][Ring1][=Branch1][C][=C][Branch1][C][F][=C][C][Branch1][C][C][=C][Ring1][P][Ring2][Ring1][=Branch1],0.8,0.3045588731765747,CCN(CC)C(=O)c1ccc(C(=C2CCN(Cc3ccc(F)cc3)CC2)c2ccc(NC(=O)OC)cc2)cc1,0.8375515937805176,0.136986301369863,0.32446445028590554,27,364.4600000000001
CC(F)=CN[SH](O)CC#CC=CN,[N][C][=C][C][=C][Branch2][Ring1][Branch1][C][S][=Branch1][=O][=Branch1][C][=O][N][C][=C][Branch1][C][C][F][F][=C][N][#Branch1][C][=C][Ring1][C][C][O],1.2,0.30256709456443787,C[C@@](O)(C(=O)Nc1ccc(S(=O)(=O)NCCCO)cc1Cl)C(F)(F)F,0.8315008282661438,0.15555555555555556,0.41347064781635084,13,204.27
CC(C)NC=NC=C(C=O)CF,[C][C][Branch1][C][C][N][C][=N][C][=C][Branch2][Ring1][=Branch1][C][=O][C][=Branch1][C][=O][C][C][=C][Branch1][C][F][C][Cl][O][C][=C][Ring1][P][C][=C][Branch1][C][F][C][Branch1][C][Cl][=C][Ring2][Ring1][=Branch2][C][Branch1][C][Cl][=C][Ring2][Ring1][#Branch1][C][Branch1][=Branch2][S][Ring1][C][C][Cl][C][=O][C][=O][=O],1.0,0.30221083760261536,CC(C)C(=O)Nc1ccc([N+](=O)[O-])c(C(F)(F)F)c1,0.9251180291175842,0.16363636363636364,0.29145651897810787,12,172.20299999999995
CC=CC=C(CC)NCCNC=CC=CC=CC=CC(F)NC,[C][C][=C][C][=C][Branch2][Ring1][#Branch1][N][C][C][N][C][=C][C][=C][C][=C][C][=C][C][Branch1][Ring1][=N][C][F][Branch1][=C][Ring1][=Branch2][C][C][Branch1],0.8,0.30182838439941406,C#CCN(C)C(C)Cc1ccccc1,0.7927493453025818,0.14754098360655737,0.2913249937139362,23,319.46800000000013
O=C1CC=CCNCOCOCC(CCF)C(CCl)=CO1,[C][O][Branch1][C][O][C][N][C][C][=C][C][C][=Branch1][C][=O][O][C][=C][Branch1][Branch1][C][Cl][C][Cl][=C][Ring2][Ring1][Branch1][C][C][F][Branch1][C][C][F][C][C][O][Ring1][S][N][=C][N][=C][Ring2][S][C][=C][Ring2][Ring1][N][Ring2][=Branch2],1.0,0.2992398738861084,O=C(NCC1CCCCN1)c1cc(OCC(F)(F)F)ccc1OCC(F)(F)F,0.8284090757369995,0.19736842105263158,0.4900795519201639,21,321.77600000000007
CC(=O)C1CC=CC=NCC2C=CNC=C(NNCC1)C(CF)=CC2Cl,[O][=C][Branch2][Ring2][=Branch1][C][Branch2][Ring1][C][=C][C][N][N][C][=C][Branch2][Ring1][#Branch2][N][C][=C][C][Branch1][O][=C][Branch1][C][Cl][C][=C][Ring1][#Branch2][C][F][C][N][=C][C][=C][C][Ring2][Ring1][#Branch1][C][Ring2][Ring1][#C],1.0,0.29709097743034363,O=C(Nc1ccc(Cl)c(Cl)c1)N1CCN(C[C@@H]2CCCN(Cc3ccccc3)C2)CC1,0.8448259830474854,0.16037735849056603,0.6443994415508875,26,380.8950000000002
CC1C=CC2C3=C4C=C(C=C=COC=C4CN4CO4)C(=C2N3)O1,[C][C][O][C][=C][Branch2][Ring2][=N][N][C][=C][C][=C][Ring1][#Branch1][C][=C][C][Ring2][C][C][O][C][=C][Ring1][=Branch2][C][N][C][Branch1][=N][Ring1][=Branch1][N][C][Branch1][=Branch2][=C][C][=Branch1][C][=O][=O][O][Ring1][Ring1][#Branch2][C][C][Ring2][Ring1][O][C][Branch1][C][Ring1][#C][C][=C][Ring2][Ring1][=Branch1],1.2,0.29633647203445435,COc1ccc2c(c1)N(CCN1CCC(NCc3cc4c(cn3)OCCO4)CC1)C(=O)CO2,0.8871619701385498,0.14772727272727273,0.4819811161096638,23,308.337
C=CN=CCC(C=O)=CC=CC,[C][C][=C][C][=C][Branch1][#Branch1][C][C][=N][C][=C][Ring1][=Branch1][C][=Branch1][C][=O],0.8,0.2942824959754944,C=CC(=O)Nc1ccc(C)cc1,0.8893585801124573,0.13333333333333333,0.2644597239467942,12,163.22
CN(C=N)OC=CC=CC(F)Cl,[=N][=C][N][Branch1][Ring1][Branch1][C][O][C][=C][C][=C][C][Branch1][C][F][Cl][=C][Ring1][#C][C][Branch1][=C][Ring1][#Branch1][=O][=O][O][N][C][=C][C][Branch1][C][Cl][C][Cl][=C][NH1][Ring1][#Branch2][O][Ring1][=Branch1],1.2,0.2930460572242737,C[C@@](O)(C(=O)Nc1ccc(S(=O)(=O)NCCCO)cc1Cl)C(F)(F)F,0.8588460683822632,0.1346153846153846,0.18081916372938164,12,192.62099999999995
CC(CC=C(F)C=N)C(C=O)=CC=CC=O,[O][=C][C][=C][C][=C][Branch2][Ring1][=Branch1][C][=O][C][C][C][C][C][Branch1][=Branch2][C][Branch1][C][O][N][C][C][C][Ring1][#C][S][=Branch1][C][Branch1][C][C][C][C][=C][Branch1][C][F][=C][Ring2][Ring1][Branch2][=N],0.8,0.29293081164360046,O=C(O)CCCc1ccc(N(CCCl)CCCl)cc1,0.7896854281425476,0.14035087719298245,0.31161385330476177,16,223.24699999999999
C1=CC2=CC(NC=C2)C2=CCCOC(C=NC1)CN2,[C][O][C][Branch2][Ring1][Branch2][C][=N][C][C][=C][C][=C][Branch1][=Branch2][C][N][C][=C][Branch1][=C][Ring1][=Branch1][C][C][N][C][N][=C][C][=C][C][=C][C][Branch1][C][Branch1][C][N][C][Ring1][#Branch1][=C][Ring1][#Branch2][=C][Ring2][Ring1][=Branch1][=Ring1][Ring1][=Branch1],1.0,0.29273101687431335,c1ccc2c(OCC3=NCCN3)cccc2c1,0.8658628463745117,0.171875,0.6873989879691815,19,257.33700000000005
CC=CC=C1CC(C)OC(C)CNC1C=CC=NC=CC=O,[C][C][=C][C][=C][Branch2][Ring1][C][=C][Branch1][#Branch2][C][=C][C][=N][C][=C][C][=Branch1][C][=O][N][C][C][C][=C][C][Branch1][C][C][O][Ring1][=Branch1][=C][C][=C],1.0,0.2923433780670166,C=CCc1cc(NC(C)=O)ccc1OCCCNC(C)C,0.868858814239502,0.12643678160919541,0.48239287873005343,22,302.41800000000006
CC12CC=CC=C3C(N)=CC(=CN=NN=CC1)COC[SH]32,[C][C][Branch1][C][C][C][C][=N][N][=N][C][=C][Branch1][#Branch1][C][O][C][Branch1][=Branch2][S][Ring1][=N][C][=C][C][=C][Ring2][Ring1][S][C][=C][Ring1][=Branch1][=N],1.0,0.29213985800743103,Cc1nc(N2CCN(c3ncc(OCc4ccncc4C#N)cn3)[C@H](C)C2)no1,0.8445146083831787,0.14634146341463414,0.6747652519429735,21,304.41900000000004
CCC=CCNCC(F)CCl,[C][C][C][=C][C][NH1][Branch1][C][C][Branch1][C][F][C][Cl][C][C][Branch1][C][=Branch1][C][=O][=C][Ring1][=Branch1][N][=O][N][C][C][C][C][Ring1][C][Branch1][=Branch2][Ring1][Ring2][Branch2][=C][C][=C],1.2,0.29190438985824585,CC(=O)NC1CC2CCCC(C1)N2C(=O)Nc1ccc(Cl)c(C(F)(F)F)c1,0.8838288187980652,0.1509433962264151,0.37432455729776176,11,179.666
COC=CC=CC=CCNCNCCC(CCF)C1CCC1C,[C][O][C][=C][C][=C][C][=C][Branch2][Ring2][Ring1][Branch1][C][N][C][N][C][C][C][Branch1][=Branch2][C][C][Branch1][C][C][C][C][Ring1][Branch1][C][C][F][=C][C][Cl][=C][Ring1][=C][Ring2][Ring1][#Branch1],0.8,0.29045847058296204,CC(C)CC(N(C)C)C1(c2ccc(Cl)cc2)CCC1,0.8877254128456116,0.14705882352941177,0.2338824016628565,23,324.48400000000015
COC=CC1=CC=C(N)N=CC=CCCN(C)C1CCl,[C][O][C][=C][C][=C][C][=C][Branch1][C][=N][N][=C][C][=C][Ring1][=Branch1][C][C][N][Branch1][C][C][C][Ring1][=C][C][Cl][S],1.0,0.28956687450408936,CCN(CC)CCCNCc1cc(Cl)c2cccnc2c1O,0.7543180584907532,0.17721518987341772,0.6425788992262198,20,295.8140000000001
C=C1N=CNCNOCC=C=C1CC,[N][C][NH1][C][=N][C][=Branch1][C][=C][C][Branch1][Ring1][#C][C][=C][=C][C][O][=Ring1][P][=C][C][=C][C][=Branch1][N][C][C][Branch1][C][O][Ring2][Ring1][=Branch2],1.2,0.2864910364151001,Nc1n[nH]c(N)c1Cc1ccc2c(c1)OCO2,0.8543901443481445,0.14545454545454545,0.6129477807735801,14,193.24999999999997
C=CC1C=CCCC(OCCNCC)=CCNCC=CCC=CCC1,[C][C][C][=C][C][Branch1][=N][C][C][C][=C][Branch2][Ring1][C][=C][C][=C][C][N][C][C][=C][Ring2][Ring1][Branch2][=O][C][C][N][C][C][C][=Branch1][C][=C][Ring1][#Branch1][C][=C][C][=C][C][=C][Ring1][=Branch1],1.2,0.2859917879104614,CC(C)COCC(CN(Cc1ccccc1)c1ccccc1)N1CCCC1,0.8877292275428772,0.1686746987951807,0.5488512258878653,25,344.5430000000002
CCOC(=O)OC=C1C=CC(=O)NCCC=CC2C=CC=CC=C1C(C)C(Cl)=CCCC=C2,[C][C][O][C][=Branch1][C][=O][O][C][=C][C][=C][Ring1][Branch2][Branch1][C][=Branch1][C][=O][N][C][C][C][=C][C][Branch1][=Branch2][C][=C][C][=C][C][=C][Ring1][P][C][=C][Ring2][Ring1][#Branch1][C][C][C][=C][Branch1][C][Cl][C][Ring1][=Branch2][C][Ring2][Ring1][#Branch2],1.0,0.28574830293655396,COc1ccc(/C=C2/CCc3ccccc3C2=O)cc1CN1CCOCC1,0.8271843194961548,0.18556701030927836,0.28689378834951695,33,470.0090000000002
N=NC=CC=C1C2=Cc3ccccc3C(=O)NC12,[C][N][C][=Branch1][C][=O][C][=C][C][=C][C][=C][Ring1][=Branch1][C][=C][Ring1][=C][Branch1][=C][Ring1][P][=C][C][=C][N][=N][Ring1][S],1.2,0.28569352626800537,Nc1ccccc1NC(=O)c1ccc(-c2nccs2)cc1,0.9060129523277283,0.2830188679245283,0.762861963202485,18,237.262
C=CC=CC=CC=CC=CC=CC=COC,[C][O][C][=C][C][=C][Branch1][O][C][=C][C][=C][C][=C][C][=C][C][=C][Ring1][Branch1][=Branch2][C][C][=C][Ring1][#C],0.8,0.28530168533325195,CC/C(=C(\c1ccccc1)c1ccc(/C=C/C(=O)O)cc1)c1ccccc1,0.8241381645202637,0.16216216216216217,0.45744238142673366,16,214.308
C=CC12CC=C(N)C1=CC=CCCNC(=O)NC=CCC(=NN=CC=CC=CC)C2,[C][C][=C][C][=C][C][=N][N][=C][Branch1][C][C][=C][C][=C][Ring1][=Branch1][N][C][=Branch1][C][=O][N][C][C][C][=C][C][=C][Ring1][Branch2][C][Branch1][C][N][=C][C][C][Ring1][=Branch1][Ring2][Ring1][Ring1][Branch1][C][C][Ring1],0.8,0.28370511531829834,CC(=O)NCc1ccc(CN2CCN(c3ccccc3)CC2)cc1,0.8336960077285767,0.1375,0.2791122312723317,30,405.5460000000002
CC=CC=CC(N)C(=O)NC1=C2C=NC=CC=C21,[C][C][=C][C][=C][Branch2][Ring2][=N][C][Branch1][C][N][C][=Branch1][C][=O][N][C][=C][C][=N][C][=C][C][=C][Ring1][Branch2][Ring1][#Branch1][C][=C][Ring2][Ring1][P][N][C][C][C][=C][Ring2][Ring1][#C],0.8,0.28340280055999756,CCNCc1cnc(-c2ccc(C(=O)Nc3ccccc3N)cc2)s1,0.8463696241378784,0.24528301886792453,0.7295512380080523,18,241.294
Cc1ccnc(CC=CC=CN=O)c1,[N][=Branch1][C][=O][C][=C][Ring1][#Branch2][C][=C][C][C][=C][C][Branch1][C][C][=C][C][=N][Ring1][#Branch1],1.0,0.28178077936172485,COc1ccc(C(=O)NCc2cccnc2)cc1C(=O)NCc1cccnc1,0.8998337984085083,0.2916666666666667,0.5382119408822182,14,188.23
C1=CN2C=CCN3OCC(N=CN=C1)C23,[N][C][=C][C][=N][C][=N][=C][Branch1][=Branch2][C][Ring1][=N][N][C][C][=C][Ring1][S][C][O][Ring1][=Branch1][S][C][Branch1][C][F][Cl][=Ring1][#Branch2][Ring2][Ring1][#C],1.2,0.28038740158081055,Clc1ccc2nsnc2c1NC1=NCCN1,0.9024124145507812,0.11904761904761904,0.572603099361882,15,204.23299999999995
C=CC=CC=CN=CC=CN(N)C=CC=CC=CN,[N][C][=C][C][=C][C][=C][Branch2][Ring2][=N][N][Branch1][Ring1][=Branch1][N][C][=C][C][=N][C][=C][C][=C][C][=C][Ring1][#Branch1],0.8,0.28035736083984375,CC(=N)NCc1ccccc1,0.769221842288971,0.08196721311475409,0.3033760001409116,19,256.35300000000007
O=CC1COCOC1C(=O)NC=CC=CC=C(S)C=C1C=CC=C1,[O][=C][Branch2][Ring1][Ring2][Branch2][N][C][=C][C][=C][C][=C][Branch1][=Branch2][C][=C][C][=C][C][=C][Ring1][Branch1][S][Branch1][C][O][C][O][C][C][Ring1][=Branch1][C][=O][C][C][=C][C][=C][Ring1][=C][C][=C][C][=C][Ring1][=C][Ring2][Ring1][=Branch1][O],0.8,0.2769162356853485,O=C(O)CCC(=O)c1ccc(-c2ccccc2)cc1,0.8675685524940491,0.15476190476190477,0.44015169426533163,24,345.4200000000002
CC=CC=NC=CC=C1CC=CC=C(NC2C=CC=CC2)N1,[C][C][=C][C][=N][C][=C][C][=C][Branch1][C][N][C][C][=C][C][=C][Ring1][=Branch1][N][C][C][=C][C][=C][Ring1][#Branch1][C][Ring1][=Branch1],0.8,0.27682623267173767,CN1Cc2c(N)cccc2[C@@H](c2ccccc2)C1,0.8473383188247681,0.12359550561797752,0.754336402461799,22,293.41400000000004
CCCNCCCOC=CC=CC(C)=CC=CC=CNC=O,[O][=C][Branch2][Ring1][=Branch2][N][C][=C][C][=C][C][=C][Branch1][C][=C][C][=C][C][=C][Ring1][=Branch1][O][C][C][C][N][C][C][C][Ring1][=Branch1],0.8,0.27614182233810425,CCCNC[C@H](O)COc1ccccc1C(=O)CCc1ccccc1,0.8145357966423035,0.1780821917808219,0.23764981687986497,22,304.434
CCOC=CC1=CNC=CC=NC=C(O)NC=NC=NC2=CC3=CC=C2C3C1,[C][C][O][C][=C][C][=C][Branch2][Ring1][P][N][C][=C][C][=N][C][=C][Branch1][C][O][N][C][=N][Branch1][C][=N][C][=C][C][=C][C][=C][Ring1][=Branch1][C][=Branch1][=C][Ring1][Branch1][=C][Ring2][Ring1][#Branch1],1.0,0.27284181118011475,CCOc1ccc2nc(N)sc2c1,0.8137091398239136,0.13,0.6578006559969294,28,377.44800000000015
NNC(F)C1C(Cl)=CC=CSC=CCSOC1(O)C=CC=CC=CC(=O)O,[O][=C][Branch1][C][O][C][=C][C][=C][C][=C][Ring1][Branch2][C][Branch1][C][O][O][S][C][C][=C][S][C][=C][C][=C][Branch1][C][Cl][=C][Ring1][=C][C][=Branch1][C][Branch1][Ring1][=N][N][F][=N][Ring2][Ring1][#Branch1],1.2,0.27041131258010864,O=C(NO)C1COC(c2ccc(F)c(C(F)(F)F)c2)=N1,0.7745079398155212,0.15384615384615385,0.12587446079708753,27,434.94200000000006
CNN1C=CC(=CCNC2=CC=CNNOCC2)CC=C(C=O)O1,[C][C][O][Branch1][=N][N][C][=C][C][=C][Branch2][Ring1][=N][N][C][C][=C][Branch1][=Branch2][C][=C][N][=Branch1][C][=O][N][C][=C][C][=C][Ring1][=Branch1][C][=O][N][C][C][Ring1][#Branch1][C][C][Ring1][P][C][C][C][C][Branch1][C][Branch1][C][C][Ring1][=Branch2],1.0,0.2701417803764343,CN1CCN(C(=O)c2cc(-c3ccccc3)sc2NC(N)=O)CC1,0.8585983514785767,0.13541666666666666,0.5471189040627965,24,333.3920000000001
CC=NC=C(Cl)C=CC1=C(C=CNSC(C)COCCCF)NC=NC=C1F,[C][C][=N][C][=C][Branch2][Ring1][P][C][=C][C][=C][Branch1][=Branch2][N][C][=N][C][=C][Ring1][#Branch1][F][C][=C][Ring1][#C][N][S][C][=Branch1][N][Branch1][C][C][Branch1][C][O][Branch1][C][C][C][F][Cl][=C][Ring1][P],1.0,0.2700856924057007,COCCCCC(=NOCCN)c1ccc(C(F)(F)F)cc1,0.8363863825798035,0.14678899082568808,0.19942009426858356,28,430.9520000000002
C1=CCC2=Cc3cncc2c3COC(C=CC=C2C=CN=CO2)=C1,[C][C][=C][C][=C][Branch1][=Branch2][C][=C][C][=C][Branch1][=Branch2][O][C][=N][C][=C][Branch1][=C][Ring1][=Branch1][O][N][=C][C][=Branch1][C][=O][O][Ring1][Branch1][C][O][C][C][=C][C][=N][C][=C][Ring1][=Branch1][C][=C][Ring2][Ring1][Branch2][Ring1][#Branch1][=C][C][=C][Ring2][C][N][O][C][Branch1][C][O][O][Ring1][C][=O][O][C][C][Branch1],1.0,0.2698972225189209,Cn1cc(-c2ccc(O)cc2)c(=O)c2c(O)cc(O)cc21,0.8453829288482666,0.13253012048192772,0.8164233841580761,24,316.36
CCC=CC(C=O)=CCC=Cc1cnncc1C=N,[C][C][C][=C][C][Branch1][=Branch1][C][=O][N][=C][C][=C][C][Branch2][Ring1][#C][C][=C][C][=C][N][=N][C][=C][Ring1][=Branch1][C][=N][Ring1][=N][C][=C][N][Ring1][=Branch1],1.0,0.2684209644794464,CC(=O)Nc1ccc(CNc2[nH]nc3ccnc(Oc4ccccc4)c23)cc1,0.7912148833274841,0.16666666666666666,0.3523265541834668,19,255.32100000000003
CC1C=C(C=O)C(NC(=O)CF)=C1,[O][=C][Branch2][Ring1][S][C][=C][C][Branch1][C][=C][C][=C][Ring1][=Branch1][N][C][Branch1][=Branch2][C][F][C][C][C][Ring1][=Branch1][C][=O][C][C][C][Ring1][=Branch1],0.8,0.2683778703212738,O=C(O)CCCS(=O)(=O)c1cccc(C(=O)N2CCC(N3CCC(Oc4ccc(Cl)c(Cl)c4)CC3)CC2)c1,0.8112786412239075,0.2222222222222222,0.6554814050244834,13,183.18199999999996
CC=NC=C1C=C(N)C2=C1N=CC=NC=C2,[C][C][=N][C][=C][C][=C][Branch1][C][=N][C][=C][Ring1][=Branch1][N][=C][C][=N][C][=C][Ring1][Branch2][Ring1][Ring1][P][=C][C][C][N][C][C][=C][C][=C][C][=C][Ring1][#C],0.8,0.26827919483184814,Cn1cnc(-c2ccccc2)c1/C=C/c1ccnc(N)n1,0.875080943107605,0.13793103448275862,0.6609733066810796,16,212.25600000000003
COC=CC=C1C2=CCC=C1C(=O)C=C2,[C][O][C][=C][C][=C][C][=C][C][C][=C][Ring1][=Branch1][C][=C][C][=Branch1][C][=O][Ring1][Branch2][C][Branch1][#Branch2][N][C][=C][N][=C][C][=C][N][=C][C][=C][C][=C][Ring1][=N][Ring2][Ring1][=Branch1][C][C][Ring2][Ring1][=Branch2][N][C][C][Branch1][C][=Branch1][C][=O],1.0,0.2672286331653595,Cc1c[nH]c(/C=C2\C(=O)Nc3ccccc32)c1CCC(=O)O,0.8934825658798218,0.17073170731707318,0.6399224748400143,15,200.237
C=CC=CCC=C=CC=CN=COC,[C][O][C][=N][C][=C][C][=C][C][=Ring1][C][=C][C][=C][C][=C][Branch2][Ring2][Ring1][#Branch1],1.2,0.2662363648414612,Nc1ccc(OCc2ccccc2)cc1,0.735083281993866,0.16,0.27223693179592123,14,189.25799999999995
CNC(Cl)C=CCN1C=C(NCCC=CC2CC=CNCC2)CC=N1,[C][C][=N][N][Branch1][#Branch2][C][C][=C][C][Branch1][C][Cl][N][C][=C][Ring1][=Branch2][=C][Ring2][Ring1][#Branch1][N][C][C][C][=C][C][C][C][N][Ring1][=C][C][=C][C][Ring1][#Branch1],1.0,0.2641533315181732,NCCCCN(Cc1nc2ccccc2[nH]1)C1CCCc2cccnc21,0.7758240103721619,0.14432989690721648,0.25502964849079846,25,363.9370000000001
ClC1C=CC=C2C=CC=CCOC=C(C2)OC=C1,[C][O][C][=C][Branch2][Ring1][O][O][C][=C][C][Branch1][C][Cl][C][=C][C][=C][C][=C][C][=C][Ring1][=N][Ring2][Ring1][N][C][N][C][C][=C][C][=C][Ring1][=Branch1],1.0,0.26334673166275024,O=C(NCc1ccncc1)c1ccc(Oc2ccc(C#CC3(O)CN4CCC3CC4)cc2)cc1,0.7590279579162598,0.11864406779661017,0.6146659083316426,18,262.73600000000005
CNC1=C(F)C(C)C=C1NC(C)=O,[C][C][=Branch1][C][=O][N][C][=C][C][Branch1][C][=C][C][Branch1][C][F][=C][Ring1][#Branch1][N][Branch1][C][C][Ring1][C][Branch1][C][Cl][=C][Ring1][#Branch1][C][=C][N][=C][Ring1][=Branch2],0.8,0.2619107663631439,Cn1c(C#N)ccc1-c1cc(F)c2c(c1)C(C)(C)C(=O)N2,0.8718028664588928,0.2894736842105263,0.6733003296816825,13,184.21399999999997
CC=CN=CC[C@@H]1C=CNN=CCN(CCl)CNCC1,[C][C][N][C][N][Branch2][Ring1][C][C][C][=N][=N][C][=C][C@H1][Ring1][#C][=C][C][=N][C][=C][Branch1][C][=C][C][Cl][F][=Branch1][S][Branch1][C][=O][N][=C][Ring1][=Branch2][Ring1][N][C][=C][Ring2][Ring1][Branch2][=C][N][S][F],1.2,0.2613300085067749,OC[C@H]1C[C@@H](n2nnc3c(N[C@@H]4C[C@H]4c4ccc(F)c(F)c4)nc(SCCC(F)(F)F)nc32)[C@H](O)[C@@H]1O,0.8274847865104675,0.1511627906976744,0.47477467789271904,20,297.83400000000006
CC(F)=CC=Cc1ccccc1CCNCNC(=O)CC1=CC=COC1,[C][O][C][=C][C][=C][Branch2][Ring1][O][C][C][=Branch1][C][=O][N][C][N][C][C][C][=C][C][=C][C][=C][Ring1][=Branch1][C][=C][C][=C][Branch1][C][F][=C][Ring1][=Branch1][C][Ring1][#Branch1][=C][Ring2][Ring1][#C][C][O],0.8,0.26100659370422363,CNc1cccc(CCOc2ccc(C[C@H](NC(=O)c3ccccc3Cl)C(=O)O)cc2)n1,0.8352271318435669,0.21518987341772153,0.4034671472011466,26,356.44100000000003
CC=C1C=CNC(=CC=CC=COOC)CC=N1,[O][Branch1][C][C][O][C][=C][C][=C][C][=C][Branch1][=Branch2][N][C][=C][C][=C][Ring1][=Branch1][C][=C][C][=N][Ring1][=Branch1],0.8,0.25969308614730835,N=C(N)c1cc2c(OCc3ccccc3)cccc2s1,0.7672263383865356,0.14516129032258066,0.35870807565491053,18,246.30999999999997
CC1=C(Cl)CNC2C=NC=C(F)C=C2C(S)C2NC(=O)C=CN=CC3=C(F)C=C3NC=C2NC1,[C][N][C][=Branch1][C][=O][C][=C][N][=C][C][=C][Branch1][C][F][C][=C][Ring1][Branch1][=N][C][=C][Ring2][Ring1][=Branch2][N][C][C][Branch1][C][C][=C][Branch1][C][Cl][=C][Ring1][#C][N][C][C][=N][C][=C][Branch1][C][F][C][=C][Ring1][Branch2][C][Ring2][Ring2][Ring1][S],1.0,0.2571329176425934,Nc1nnc(-c2cccc(Cl)c2Cl)c(N)n1,0.8683376312255859,0.13861386138613863,0.3281844822485759,34,504.9940000000001
C=C(C=CC=COC(=O)C(=O)CF)CCCl,[O][=C][Branch2][Ring1][#Branch2][C][=Branch1][C][=O][O][C][=C][C][=C][C][=Branch1][C][=C][Branch1][C][Branch1][=C][Branch1][C][Cl][=C][Ring1][#Branch2][N][C][C][Ring1][=Branch1][C][Branch1][C][F][=C][C][Ring2][Ring1][Ring1][Ring2][Ring1][C][=N],1.0,0.25706982612609863,O=C(Nc1ccc(F)cc1)c1ccc(Cl)[n+]([O-])c1,0.8453764319419861,0.14545454545454545,0.22765872627378392,16,246.6649999999999
COCNC=NC1=CC=CN=S(O)NC2=CC=C1OCOC2,[C][O][C][O][C][=C][C][=C][Branch2][Ring1][=N][N][S][=Branch1][C][=Branch1][C][=O][=N][C][=C][C][=C][Branch1][Branch2][Ring1][N][C][F][=C][C][=C][Branch1][N][=C][N][C][O][C][Ring1][S][C][N][C][C][=C][Ring1][O][C][C][=C][Ring2][Ring1][=Branch1][C][C][Ring2][Ring1][#Branch1][Ring2][Ring1][#C][N][=C][Ring2][Ring1][P][Ring2][Ring2],1.2,0.256736695766449,COc1cccc(Nc2nnc(C(=O)Nc3ccc(N4CCOCC4)nc3)o2)c1,0.8972280621528625,0.1724137931034483,0.3105367021138142,22,326.3780000000001
CCCNCN(O)C(=COCC(=CC=CS(N)(=O)=O)NNCC=C1CNOC=CC1CC1=CC=CCN=CC=C1)CC,[N][S][=Branch1][C][=O][=Branch1][C][=O][C][=C][C][=C][Branch2][Ring1][C][C][O][C][=C][Branch1][#Branch2][N][Branch1][C][O][C][N][C][C][C][=C][C][Branch1][=Branch2][N][N][C][C][=C][C][N][Branch2][Ring1][#Branch2][O][C][=C][C][Ring1][#Branch1][C][C][=C][C][=C][C][N][=C][C][=C][Ring1][=Branch2],1.0,0.2565716505050659,CN(CCNC[C@H](O)c1ccc(O)c2[nH]c(=O)sc12)C(=O)CCOCCc1ccccc1,0.8692412972450256,0.15625,0.03640371222154902,42,603.7900000000003
CCCN(C)CN=CC=CNCCl,[C][C][C][N][Branch1][C][C][C][N][=C][C][=C][Branch1][C][Branch1][=N][C][Cl][C][=C][Ring1][S][C][=C][C][=C][C][=C][Ring1][#Branch1],0.8,0.2565389573574066,CCN(CC)CCCNCc1cc(Cl)c2cccnc2c1O,0.8107626438140869,0.1724137931034483,0.3873010604192452,13,203.71699999999998
O=C(C=CCNC=NC1=COC1)C(=O)CCCC=CC(CF)CCl,[C][O][C][=C][Branch2][Ring1][N][N][=C][N][C][C][=C][C][=Branch1][C][=O][C][=Branch1][C][=O][C][C][Branch1][=C][C][C][=C][Branch1][N][=C][Branch1][=Branch1][C][Cl][C][=Ring1][#Branch2][C][F][=C][Ring2][Ring1][=N],1.2,0.2564407289028168,CC(C)C(=O)Nc1ccc([N+](=O)[O-])c(C(F)(F)F)c1,0.8002017736434937,0.1643835616438356,0.10474034550678187,24,356.825
CC1=NC=NC2=C3CC=CC=C(N1)N3CC2,[N][=C][N][=C][Branch1][C][C][=N][C][=C][C][=C][C][C][=C][Ring1][#C][=C][C][N][Ring1][#Branch2][Ring1][Branch1][#C][=Ring1][C][C][C][N][C][=C][C][=C][C][=Ring1][Ring1][Branch2][Ring2][Ring1][#C][N][=O],1.0,0.2561229467391968,Nc1nc2cc3c(cc2s1)CCN(Cc1cnc[nH]1)CC3,0.8756063580513,0.14705882352941177,0.6670605607925769,16,214.27199999999993
CNC(=O)C=CC=C1N=C(C=C(C)C)C1C=O,[C][N][C][=Branch1][C][=O][C][=C][C][=C][Branch1][=Branch2][N][=C][C][=C][Branch1][C][=C][C][=C][Ring1][=Branch1][C][=O][O][C][=C][Ring1][=Branch1][C][C][=Branch1][C][=O][C][C][=C][C][=C][Ring1][=Branch1][C][=C][Ring1][=Branch1],1.0,0.2552555203437805,C=CC(=O)Nc1ccc(C)cc1,0.896203339099884,0.1774193548387097,0.5881889047588928,17,232.283
CC=NCC(N=CC=CC=CNC)S(=O)(=O)NCC=O,[C][N][C][=C][C][=C][C][=N][C][Branch1][Branch1][C][N][=C][C][S][=Branch1][C][=O][=Branch1][C][=O][=Branch1][N][C][C][=O][Branch2][Ring1][=Branch2][N][C][C][=C][=C][=C][Ring1][=N][N][=C][Ring1][Branch2][Ring1][C][C][=C][Ring2][Ring1][O][C][=C][Ring2][Ring1][#Branch2][C][N][N][N][C],1.2,0.25499022006988525,CNC(=O)c1[nH]cnc1C(=O)Nc1ccc(OC)cc1,0.8715225458145142,0.13636363636363635,0.3336244265362747,20,300.384
COC(=O)c1ncccc1N=C(F)C=CNC=C1C=CC(CF)C=C1C=O,[C][O][C][=Branch1][C][=O][C][=N][C][=C][C][=C][Ring1][=Branch1][N][=C][Branch1][C][F][C][=C][Ring1][#Branch2][N][C][=C][C][=C][C][Branch1][=N][C][=C][Ring1][=Branch1][C][=O][C][C][=C][Ring2][Ring1][=C][C][F][F][=C][C][=C][C][C][=C][Ring1][S][Ring1][=Branch1][O][C][Ring2][Ring1][P][=O][=O][C],1.0,0.2545276880264282,O=C(O)COc1ccc(C(=O)c2cccs2)c(Cl)c1Cl,0.857158362865448,0.20212765957446807,0.45118926390273556,27,373.3590000000001
COC1C(CCl)CN1C#SNC=CCNC1(O)CN1C=O,[C][N][Branch2][C][=Branch1][C][=O][N][C][=C][C][Branch2][Ring1][#Branch2][N][C][Branch1][=C][C][=C][N][Branch2][Ring1][=Branch2][S][#C][=N][C][C][Branch1][=N][C][Cl][C][=C][Ring2][Ring1][=Branch1][Ring2][Ring1][#Branch1][C][N][C][Ring1][=Branch1][O][C][Ring2][Ring2][Ring1][O],1.2,0.25398197770118713,CC(=O)N1CCN(CCOc2ccc(C3(O)CCN(c4ccc5nnc(C(F)(F)F)n5n4)CC3)cc2)CC1,0.8195672035217285,0.1414141414141414,0.1916332994645377,21,334.82900000000006
CCC=CNC(=CC=CC=CC1=CN=CCC1)C1=CNCC=C1,[C][C][=N][C][=C][Branch2][Ring1][Branch2][C][=C][C][=C][C][=C][Branch1][=Branch2][C][=C][N][C][C][=C][Ring1][=Branch1][N][C][=C][Ring1][#Branch2][C][C][=C][Ring2][Ring1][#Branch2],0.8,0.25374841690063477,CC(=N)NCc1ccccc1,0.8398393988609314,0.12658227848101267,0.6884646096104714,23,307.4410000000001
O=CC=CNN1CC2=C=CC(Cl)C21,[=C][C][Branch1][C][Cl][C][=C][=C][Ring1][#Branch2][C][N][Ring1][#C][N][C][=C][Branch1][S][C][=Branch1][C][=O],1.2,0.25192663073539734,O=C(N1CCN(c2ccncc2Cl)CC1)N1CCN(S(=O)(=O)c2ccc(C(F)(F)F)cc2)CC1,0.8457246422767639,0.15254237288135594,0.31047918384911866,13,196.637
C=C1OCC(C)(C=CC)C1NNCCNC,[=C][=C][Branch1][=Branch2][O][C][Branch1][=Branch2][C][=Branch1][C][C][=Branch1][C][=C][C][=C][Ring1][=Branch1][N][N][C][C][N][Branch2][Ring2][C][=C],1.2,0.24782726168632507,CN[C@@H](C)C(=O)N[C@H](C(=O)N[C@H]1CCCN(CCCc2ccccc2)C1)C1CCCCC1,0.7957291603088379,0.18333333333333332,0.35528303224428714,16,225.336
NC1CC2=CC(Cl)=CC=CC=C(SC1=O)C(CCCl)=C(C=O)C=CC2,[C][C][Branch1][C][N][C][=Branch1][C][=O][S][C][=C][C][=C][C][=C][Branch1][C][Cl][C][=C][Ring1][#C][=C][C][=C][C][Branch1][#Branch1][C][=O][C][F][=C][C][=C][Ring1][S][C][C][Cl][C][=C][Ring1][#C][=N][Ring1][O],1.0,0.24583500623703003,O=C(O)Cc1ccccc1Nc1c(Cl)cccc1Cl,0.8962494134902954,0.14942528735632185,0.5617105827462334,25,396.33900000000017
CS(C=CC=CN=[SH](=O)NC=CC=CC=CN=O)=CCCl,[N][=Branch1][C][=O][C][=C][C][=C][Ring1][=Branch1][C][=C][Branch2][Ring1][P][N][S][=Branch1][C][=O][=N][C][=C][C][=C][S][Branch1][C][=C][Ring2][Ring1][Ring1][=C][C][Cl][C][Branch1][C][F][C][=C][Ring1][#C],1.2,0.24503912031650543,NC(=O)c1sc(-c2ccsc2)cc1NS(=O)(=O)c1ccc(C(F)(F)F)cc1,0.8468815088272095,0.1038961038961039,0.2202659172044039,21,347.89300000000003
CC=CCC(O)C=CNS(=O)C=O,[C][C][=C][C][C][Branch1][C][O][C][=C][N][S][Branch1][=Branch1][C][=O][=O][=Branch1][C][=O][C][C][C][C][Branch1][C][C][C][C][Cl][C][=C][Ring1][#Branch1][C][C][=N][Ring1][#Branch1],1.0,0.2418919801712036,CCCN(CCC)S(=O)(=O)c1ccc(C(=O)O)cc1,0.8950771689414978,0.14925373134328357,0.4808029418389366,13,203.26299999999998
COC1=CC=C2CC(C=N)=CC=CC21C(C)=CCC=CC(N)CCF,[C][O][C][=C][C][=C][Branch1][C][C][C][Branch1][=Branch2][C][=C][C][=C][Ring1][=Branch1][C][=N][Ring1][=Branch1][C][Branch1][C][C][=C][C][C][=C][C][Branch1][C][N][C][C][F][Ring1][Branch1][C][C][C][=O],0.8,0.24130326509475708,CCC(CCNC)Oc1cc(Cl)ccc1C#N,0.8397392630577087,0.16470588235294117,0.5017265850784886,25,342.4580000000001
C=C1OC2=NCN3C=CC12C(C)=CC=CC=CC=CC3,[C][C][=C][N][Branch2][Ring1][C][=C][C][=C][C][=C][C][=C][Branch1][O][C][=C][Branch1][C][=C][Ring1][#C][=N][Ring1][=N][C][N][=C][Ring2][Ring1][C][O][C][=Branch1][C][=C][Ring2][Ring1][P][Ring2][Ring1][C][Ring2],0.8,0.23727233707904816,c1ccc2nc(C3=NCCN3)ccc2c1,0.8503679633140564,0.13636363636363635,0.6715527952576247,20,266.344
CCC(=O)C=CC=CC=C1CC2CC2CNCC(=O)NCCC=CC=CC=CC(C)C2=C(CCl)CC2=CN1,[C][C][C][=Branch1][C][=O][C][=C][C][=C][C][=C][Branch2][Ring1][#Branch1][C][C][C][C][Ring1][Ring1][=Branch1][N][C][N][C][C][=Branch1][C][=O][N][Branch2][Ring1][Ring2][C][C][C][=C][C][=C][C][=C][C][Branch1][C][=C][C][=C][C][Cl][C][=C][Ring1][=Branch2][N][C][=C][Ring1][#Branch1][C][Ring1][#Branch1],0.8,0.23568162322044373,CCCN(CCC)CCc1cccc2c1CC(=O)N2,0.8324190974235535,0.15315315315315314,0.23573875184328477,38,536.1600000000001
N=CC=NNNNC1=CC(CCF)=CC=CN=CCCC1,[C][C][Branch2][Ring2][C][=C][C][=N][C][=C][C][=C][Branch1][Branch1][C][C][F][Cl][C][=C][Ring1][#C][N][N][N][N][=C][C][Ring1][#Branch1][=N][Ring1][Branch2][N][=C][Ring1][C][C],1.0,0.23452162742614746,Nc1nc(Cl)nc(NCc2ccccc2)n1,0.8571611642837524,0.11904761904761904,0.32944210654210604,21,292.36199999999997
CC=CN=CC=CN=CC1=CC=COC1,[C][O][C][=C][C][=C][Branch1][#Branch2][C][=N][C][=C][C][=N][C][=C][C][Branch2][Ring1][O][O][C][=C][Branch1][C][O][C][=C][Ring2][Ring1][=Branch1][C][=N][Ring1][#Branch2][C][Branch1][C][O][C][Branch1][C][C][Branch1][C][=O][O][C][N][Ring1][Branch2][N][Ring1][Branch1][C][=O][=C][Ring2][Ring1][=Branch1],0.8,0.23416176438331604,COc1ccccc1OCC(O)COC(N)=O,0.8191472887992859,0.13114754098360656,0.6450950514750624,15,202.257
C=C1OC2C(O)=CCCCCN=CNCC3=CNC(C=C2CCNCC1C=O)OC=COC3,[C][O][C][=C][O][C][Branch2][Ring1][#Branch1][N][C][=C][Ring1][N][C][Branch1][P][N][C][=N][C][C][C][C][C][=C][Branch1][C][O][C][O][C][=C][C][=C][Ring1][=Branch1][=C][Ring2][C][=Branch1][C][N][C][C][Ring1][=Branch2][C][=O][C][=C][Ring2][Ring1][#Branch1][=C][Branch1][N][C][=N][O][C][=C][Ring2][Ring1][=C][C][=Branch1],1.0,0.23312139511108398,O=C1COc2ccc(CNC3CCN(CCN4C(=O)COc5ccc(-c6ccco6)cc54)CC3)nc2N1,0.8731438517570496,0.14606741573033707,0.3493737550106372,33,458.55900000000025
OC1=NC=CC(Cl)=CC=CC=NC=CC=CC=C1,[N][=C][Branch1][C][O][C][=C][C][=C][Ring1][=Branch1][C][=C][N][=C][C][=C][C][=C][Branch1][C][Cl][C][=C][Ring2][Ring1][Branch2][Ring1][=Branch2],1.0,0.23275332152843475,O=C1NC(c2ccc(Br)cc2)Nc2ccccc21,0.8072158098220825,0.14285714285714285,0.7064862327076994,18,260.724
O=C1N=CNCC2=CC(Cl)=CCNC=C1NC#CC=CN2,[C][N][C][=N][C][=Branch1][C][=O][C][=C][Branch2][Ring1][#C][N][C][C][=C][Branch1][C][Cl][C][=C][Ring1][#C][N][C][=C][C][=C][Ring1][C][=N][Ring1][#C],1.0,0.23273050785064697,Nc1nc(N)c2cc(Br)ccc2n1,0.8720777630805969,0.13157894736842105,0.4826736249615877,21,303.75300000000004
CC(=O)NC1=CC=CC=C(C=O)C1,[O][=C][Branch1][C][C][N][C][Branch1][C][C][=C][C][=C][C][=C][Ring1][=Branch1][C][=O][N][C][=C][C][=C][Branch1][C][Cl][=C][C][=C][Ring1][=Branch1][C][=C][Ring1][P],0.8,0.23027527332305908,CCCC(=O)Nc1ccc2c(c1)C(=O)C(=O)c1ccccc1-2,0.821397066116333,0.2972972972972973,0.6416395008785051,13,177.20299999999997
CC=NC=c1occ2c1=CNC=C2,[C][C][=N][C][=C][Branch1][#C][O][C][=C][C][=C][Branch1][=N][N][C][=C][Ring1][=Branch1][Ring1][=Branch2][Cl],1.2,0.22926610708236694,Cc1nc2c(C#N)cnn2c(O)c1Cc1ccccc1,0.8633967041969299,0.10204081632653061,0.6264303587895015,13,174.203
C=CC=CC(=O)CNC=CC1=CC=C(O)COOC1CN=CCCC,[O][=C][Branch2][Ring1][N][=C][N][C][=C][C][=C][C][=C][Branch1][C][O][C][O][O][C][Ring1][=Branch2][C][N][=C][C][C][Branch1][C][=C][Ring2][Ring1][=N][C][=C][Ring2][Ring1][#Branch2][C][=C],1.0,0.2288379967212677,NC(=O)COc1ccc(OCCNCC(O)COc2ccccc2)cc1,0.8098723888397217,0.19753086419753085,0.2750747238607003,25,346.42700000000013
C=C1C=C(C(C)=O)C(C=CNC(C)N(C)CCCNCF)C=CC1,[C][N][Branch2][Ring1][=Branch2][C][Branch1][C][C][N][C][=C][C][C][=C][C][=Branch1][=C][C][Branch1][#Branch2][C][=C][Ring1][#Branch1][C][=Branch1][C][=O][C][=C][C][Branch1][C][Branch1][C][C][N][Ring1][=Branch2][C][F][=C][N][Ring1][#Branch2],1.0,0.2278662919998169,CN(C)C(=O)C1(N2CCCCC2=O)CCN(CC[C@H](CN(C)C(=O)c2cc(C#N)cc3ccccc23)c2ccc(Cl)c(Cl)c2)CC1,0.8428934216499329,0.17894736842105263,0.27882321062879445,24,335.4670000000001
CCC1=CC=CC2OC=C3N=CCOCC4C=CC=C(NC5=CC(N3)C(=C52)OC1)C(=O)O4,[C][O][C][=C][C][Branch1][=Branch2][C][=C][C][=C][Ring1][#C][C][Branch1][C][C][O][C][=C][Branch1][C][=N][N][=C][C][O][C][C][Branch1][=Branch1][O][C][=O][N][=C][C][=C][C][=C][Ring1][=Branch1][N][C][Ring2][Ring1][O][=C][C][Ring2][Ring1][=C][Ring2][Ring1][C][Ring2][Ring1][Branch1][C][=C][Ring2][=O],1.0,0.2263970971107483,COC(=O)N1CCOc2cc(COc3ccccc3)cnc21,0.8482578992843628,0.1836734693877551,0.610917389189595,32,435.48000000000013
O=CCC1=CCC2=CC(=C1)CC1CCCCN(COC1)C2,[C][C][=C][Branch1][Ring2][C][C][=Branch1][C][=O][C][=C][Branch1][C][=C][C][=C][Ring1][=N][C][N][Ring1][=Branch1][C][C][Branch1][N][C][C][C][Ring1][#Branch2][C][O][=C][Ring1][=Branch2],1.2,0.22612695395946503,Cc1ccc(OC(=O)N2CCN3CCC2CC3)cc1,0.8978131413459778,0.19117647058823528,0.7302619702841094,21,287.403
COC1=CC(N)COC=CC=C1OF,[C][O][C][=C][C][Branch1][C][N][C][O][C][=C][C][=C][Branch1][=N][Ring1][#Branch2][C][=C][Branch1][S][O][O][O][C][=C][Branch1][O][F][F][=C][Branch1][=C][Ring1][#Branch1][C][Branch1][C][=O][S][Ring1][Branch1][=C][C][Branch1][C][Cl][F][Cl][C][=O][=O][N][F][Branch1][#Branch2][Cl][S][Branch1][C][F],1.0,0.22575271129608154,COc1ccnc(C[S+]([O-])c2nc3cc(OC(F)F)ccc3[nH]2)c1OC,0.7258176803588867,0.16393442622950818,0.7282713649233253,14,201.197
CC=CC=C1N=CCC=C1CC(Cl)C=CN,[C][C][=C][C][=C][N][=C][C][Branch1][=C][C][=C][Ring1][=Branch1][C][C][Branch1][C][Cl][C][=C][Branch2][Ring1][S][Branch1][N],1.0,0.22506113350391388,CN(C)CC/C=C1\c2ccccc2Sc2ccc(Cl)cc21,0.7698149681091309,0.14285714285714285,0.7475960096264143,16,236.746
C=Cc1ccccc1CNC(=CCCC)CNCSC(=O)C=O,[C][C][C][C][=C][Branch2][Ring1][Ring1][C][N][C][S][C][=Branch1][C][=O][=Branch1][C][=O][=Branch1][C][=O][C][C][=C][C][N][C][C][=C][Branch1][=Branch2][C][=C][C][=C][Ring1][=Branch1][C][=C][Ring1][#Branch1][NH1][N][=C][Ring2][Ring1][P][Cl][C][=O][C][C][C][=C][Ring2][Ring1][N],1.0,0.22147710621356964,CC(C)C(NC(=O)Cn1c(-c2ccccc2)ccc(NC(=O)NCc2cc[n+]([O-])cc2)c1=O)C(=O)C(F)(F)F,0.8183669447898865,0.23636363636363636,0.28216161177738214,23,332.46900000000005
CC(=O)NCCCCCCNCNCSC=CC=CNC=CCC=O,[O][=C][Branch1][C][C][N][C][C][C][C][C][Branch2][Ring1][#Branch2][C][=Branch1][N][N][C][N][C][S][C][=C][C][=C][N][Branch2][Ring1][=Branch1][C][=C][C][C][=O][=Branch1][C][=C][C][=C][Ring1][#C][=C][NH1][C][Ring1][#C][Ring2][Ring1][=Branch1],1.2,0.2189946323633194,N#CCNC(=O)[C@@H]1CCCC[C@H]1C(=O)N1CCN(c2ccccc2)CC1,0.808479368686676,0.189873417721519,0.13640546616005897,25,368.5470000000001
CC#COC(C=CC=CNC(OC)C1=CNCC1)CNC(=O)C=O,[C][C][N][C][=C][Ring1][=Branch2][C][Branch1][Ring1][O][C][N][C][=C][C][=C][C][Branch1][=Branch2][=C][N][C][=Branch1][C][=O][C][=O][O][C][=C][Ring1][C][=C][Ring1][Branch2],1.2,0.21861866116523743,CCOC(=O)c1ccc(OC(=O)CCCCCN=C(N)N)cc1,0.878741979598999,0.1724137931034483,0.17372054955260194,24,333.38800000000015
COC(CC(C=CNCCC=O)CCl)C(C=O)N=C(CF)CCl,[C][O][C][Branch1][=N][C][C][=Branch1][Branch1][C][Cl][=O][C][C][=C][N][Branch2][Ring1][=Branch1][C][C][C][=O][C][=C][=C][Branch2][Ring1][Branch2][C][=C][Branch2][Ring1][Ring2][C][C][C][N][C][=C][C][Branch1][P][=N][=C][Branch1][#Branch1][C][Cl][=C][Ring2][Ring1][O][C][Branch1][C][F][=Branch1][C][=Branch1][C][=O][=C][Ring2][Ring1][Ring1][O][C][F],1.2,0.21629895269870758,CN(C)CCOc1cc(NS(=O)(=O)c2c(Cl)cc(C(F)(F)F)cc2Cl)ccc1Cl,0.8889915347099304,0.1643835616438356,0.22055833317671075,23,369.2640000000002
C=C=CC=CCOCNCCC,[C][C][C][N][Branch2][Ring1][C][C][O][C][C][=C][C][=C][C][Branch2][Ring2][Ring1][Ring2][C][C][=C][C][=C][Branch1][=N][N][=C][C][=C][C][=C][Ring1][N][C][=Branch1][C][=C][Ring1][=Branch1][O][Ring1][S][C][=Branch1],0.8,0.21474958956241608,CCCN(CCCOCCOCCc1ccccc1)CCc1ccc(O)c2nc(O)sc12,0.8667873740196228,0.15625,0.2703126645430113,12,167.25199999999998
C=CCC=CC1N(CC(N)=CC=CC=CC=CC(=O)C(=O)CC)OCC1(F)CNC,[C][C][C][=Branch1][C][=O][C][=Branch1][C][=O][C][=C][C][=C][Ring1][#Branch1][C][=C][C][=C][Branch1][Ring1][=Branch1][N][C][N][Branch1][#Branch2][O][C][C][Branch1][C][F][C][N][C][C][Ring1][=Branch1][C][=C][C][C][=C][Branch1][S],1.0,0.21320654451847076,CCN(CC)CCNC(=O)c1cc(Br)c(N)cc1OC,0.861055850982666,0.15841584158415842,0.20747278218614312,30,417.5250000000002
COC=CC=COC(=O)[C@@H](O)CN,[C][O][C][=C][C][=C][O][C][=Branch1][C][=O][C@@H1][Branch1][C][O][C][N][Ring1][N][Ring1][=Branch1][C][=C][C][=C][C][=C][C][=C][C][Branch1][C][O][C][=C][C][Branch2][C][=C][Ring2][Ring1][C][C][N][Branch2][C][=Branch1][=N][Ring2][Ring1][C][C][N][C][C][=Branch1][=O][C][C][C][Ring1][Branch1],1.2,0.2132011353969574,Cc1ccc(CCCOCCS(=O)(=O)CCCNCCc2ccc(O)c3nc(O)sc23)s1,0.8467102646827698,0.23404255319148937,0.34500424968162524,13,187.195
CC1CC2=C(C[C@H]1N)C(C=C=CC=CC=CC=O)CCCC(=O)CCNO2,[C][C][Branch1][C][C][C@H1][Branch1][C][N][C][C][=C][Ring1][Branch2][=O][N][C][C][Branch2][Ring1][=Branch1][C][=Branch1][C][=O][C][Branch2][Ring1][=Branch2][C][C][C][Ring1][N][C][=C][=C][C][=C][Branch2][=C][C][=Branch1][C][=C][C][=O][C][Branch1][=Branch2][=C][C][=C][Ring2][Ring1][#Branch1],1.2,0.2129051685333252,CN[C@@H](C)C(=O)N[C@H](C(=O)N[C@H]1CCCN(C(=O)Cc2ccccc2)C1)C1CCCCC1,0.8803727626800537,0.14516129032258066,0.34340065181043194,27,370.493
C=CNC1=CNC2=NC=CC(C2=CC=CCC)C(=CCC)C(NC)O1,[C][C][C][=C][C][=C][C][Branch1][=N][C][Branch1][#Branch1][C][Branch1][C][=O][N][C][=C][C][C][C][=C][N][=C][Ring1][=C][N][Ring1][Ring1][C][=C][Ring2][C][=N][N][C][=C][Ring1][#Branch1],1.0,0.21250522136688232,Cc1cc(C)nc(N)c1,0.8375348448753357,0.13186813186813187,0.6483103299205573,25,340.47100000000006
COCC(N=O)OC=C1OC=CC=C1C,[C][O][Branch1][C][C][Branch2][Ring1][Ring1][O][C][=C][O][C][=C][C][=C][=Branch1][C][=C][Ring1][=Branch1][C][Branch1][S][Ring1][=Branch1][N][=O][#Branch2][O][C][=O][N][C][=C][Branch1][=Branch2][C][Branch1][C][C][F][Branch1][C][F][C][C][F][Branch1][C][C][Branch1][N][Branch1][C][N][C][C][=Branch1][C][C][C][=C][Ring1][#Branch1][C][C][=O][C][=C][Branch1][=N][Ring1][#C][C][C][Ring1][S][C][=C][Ring2][Ring1][#Branch2][C][=Branch1],1.2,0.21242770552635193,COC1/C=C/OC2(C)Oc3c(C)c(O)c4c(c3C2=O)C(=O)C=C(NC(=O)/C(C)=C\C=C\C(C)C(O)C(C)C(O)C(C)C(OC(C)=O)C1C)C4=O,0.8346301913261414,0.18666666666666668,0.515648943941687,15,211.21699999999998
CNCC=Cc1ccccn1,[C][N][C][C][=C][Branch1][=C][C][=N][C][=C][C][=C][Branch1][S][Ring1][=Branch1][C][=C][Ring1][=Branch1][C][N][=C][Ring1][Branch2][C][Ring1][Ring1][Ring1],0.8,0.2117803543806076,CN(C)CCNCc1ccc(Nc2ncc3cc(-c4ccncc4)ccc3n2)cc1,0.9417644143104553,0.3157894736842105,0.6987951279250092,11,148.209
CC=CC=C1C=C(C=CC(O)CC=O)C2=CC(=O)C3=CC=C(C=CC13)C(CC=CC)=C2,[C][C][=C][C][=C][Branch2][Ring1][Branch2][C][C][=C][C][=C][C][=C][Ring1][#Branch1][C][=Branch1][C][=O][C][=C][C][=C][Ring1][#Branch2][=C][C][=C][C][=Branch1][C][=C][Ring1][=Branch2][C][=C][C][=Branch1][C][=Branch1][C][=O][C][C][=O][N][C][C][Branch1][C][Cl][C][=Branch1][N][Ring1][Ring1][C][C][Ring2][Ring1][Branch2],0.8,0.2110004425048828,Cc1ccc(C(=O)N2CCC(C(=O)c3ccc(Cl)cc3)CC2)cc1,0.7674400210380554,0.14814814814814814,0.45140384522973215,31,412.5290000000001
CC12C=C(CC=O)C(=CCN1)CC=C2CC=CCC1COC=C(C=CC2C=CC=C2)C=C1N,[C][O][C][=C][Branch1][O][C][=C][C][C][=C][Ring1][=Branch1][C][=C][Ring1][Branch1][C][=C][Branch1][C][N][=C][Ring2][Ring1][N][C][C][=C][C][C][=C][C][C][=C][C][N][Branch1][C][=Branch1][=C][Ring1][Branch2][Branch1][C][C][C][=C][Ring1][Branch2][C][C][=O],1.0,0.2108433097600937,CCN(CC)C(=O)c1ccc(C2=CC3(CCNCC3)Oc3ccccc32)c(O)c1,0.8319005966186523,0.14285714285714285,0.404123182858217,33,442.60300000000024
C=COC=CC1=CCC=NC2=CC=C(C)C(=O)NCC3CCC(=COC3)NCC1(N)COC2,[C][O][Branch2][C][=C][Branch1][#Branch2][N][C][C][Branch1][C][N][C][O][C][Branch1][C][C][C][Ring1][#C][C][N][C][=Branch1][C][=O][C][Branch1][C][=C][=C][C][=C][Ring1][=N][N][=C][C][C][=C][Ring2][Ring1][=Branch1][C][=C][O][C][=C][Ring2][Ring1][Branch2],1.2,0.20586740970611572,CCOC(=O)c1ccc(OCCC2CCN(c3ccc(C)nn3)CC2)cc1,0.8663304448127747,0.14782608695652175,0.5661105055565713,33,454.5710000000002
CCCCCCNC(=CC=CC(=O)NC)CF,[C][N][C][=Branch1][C][=O][C][=C][Branch2][Ring2][C][C][=C][Branch1][#C][N][Branch1][#Branch1][C][C][C][C][C][C][Ring1][=Branch1][C][=C][Branch1][C][F][=N][Ring1][Branch2][Ring2][Ring1][#Branch2],1.0,0.20568948984146118,CCN(CC)CCNC(=O)c1cc(Cl)c(N)cc1OC,0.849613606929779,0.25925925925925924,0.3699373811512832,17,242.33799999999988
CCCCCOC(=O)C=CC=C1C=CC=C(C=O)C1=O,[C][C][C][C][C][O][C][=Branch1][C][=O][C][=C][C][=C][Branch2][Ring1][=Branch1][C][=O][N][C][C][=C][N][C][=C][Branch1][=C][C][=C][C][=C][Branch1][C][=C][Ring1][#C][S][C][=C][C][=C][Ring1][=Branch1][C][=O][N][Ring1][#Branch1][=N][N][Branch1][C][C][Branch1][C][C][C][F][=O][C][Ring1][=Branch1][C][=C][Ring2][Ring1][#Branch2],0.8,0.20472075045108795,CCc1c(C(=O)C(N)=O)c2c(OCC(N)=O)cccc2n1Cc1ccccc1,0.9162351489067078,0.2459016393442623,0.23513379007126958,20,274.31600000000003
CC(O)COC(=O)NC=CCCl,[C][C][Branch1][C][O][C][O][C][=Branch1][C][=O][Branch1][Branch1][N][C][=C][C][Cl][=C][Ring1][#Branch1][=C][Ring2][=C][C][=N],1.2,0.20410510897636414,C#CC(C)(C)NC(=O)c1sccc1Oc1ccc(F)cc1[N+](=O)[O-],0.805790901184082,0.21212121212121213,0.6511228872384724,12,193.63
CC1CCCC2(C)C(=O)N=C=C3C=CC=CC312,[C][C][=C][C][=C][C][Branch2][Ring1][Branch2][Ring2][=C][C][=C][C][=Branch1][C][=O][N][Branch1][C][O][C][=C][C][C][=C][Ring1][Branch2][N][Branch1][C][C][C][Branch1][C][C][C][C][C][C][Branch1][C][C][Ring1][#Branch1][C][=Branch1][C][=O][N][=C][Ring2][Ring1][=C][Ring2][Ring1][=Branch1][C][Ring1][=C][Ring2][Ring2][Ring2],0.8,0.20375987887382507,CCOC(=O)C1(c2ccccc2)CCN(C)CC1,0.8761501908302307,0.21212121212121213,0.6250598382791334,17,227.30699999999996
CCOC=CC=C(Cl)NN=O,[C][C][O][C][=C][C][=C][Branch1][C][Cl][N][Branch2][Ring1][#C][N][=O][N][Branch1][C][C][O][S][C][C][Branch2][Ring1][Branch2][=N][C][Branch1][=Branch1][C][=C][C][=C][Ring2][Ring1][S][C][=C][Ring2][Ring1][Branch1][N],1.2,0.20363323390483856,Cc1ncc([N+](=O)[O-])n1CCO,0.7931621670722961,0.18181818181818182,0.22886439804877082,11,176.603
COC=CC=Nc1ncccc1CCC=O,[C][O][C][=C][C][=N][C][=N][C][=C][C][=C][Ring1][=Branch1][=C][C][Branch1][C][=Branch1][C][=O][N][C][C][Branch1][C][C][=O][N][=C][C][=C][Ring1][#C][C][=C][Branch1][C][=C][Ring2][Ring1][Branch1][C][F][C][Branch1][C][C][N][=C][Ring2][Ring1][S],0.8,0.20277100801467896,COc1cncc(NC(=O)c2cc(NC(=O)c3cccc(C(C)(C)C#N)c3)ccc2C)c1,0.8718048930168152,0.2537313432835821,0.4170223690356802,16,218.256
C=C1CCNCC2(C)C=CCC=C2CCNCNC(=CC=CC=CC=COC)CC=CCC=C2CNC1OC2C=O,[C][O][C][=C][C][=C][C][=C][C][=C][Branch1][#Branch2][C][C][=C][C][Branch1][=C][C][=C][Ring1][#Branch1][C][N][C][O][=C][Ring1][=Branch1][C][=O][N][C][N][C][C][C][=C][C][C][=C][C][Branch1][C][=C][Ring1][=Branch1][C][N][C][C][C][Ring2][Ring1][=Branch1][=C][Ring2][Ring1][=Branch1],0.8,0.20172198116779327,COc1ccccc1N1CCN(CCN(C(=O)C2CCCCC2)c2ccccn2)CC1,0.8150980472564697,0.14018691588785046,0.16500426874898694,41,560.783
CCC(C=CNC(Cl)CF)OCC(C=O)OC(O)SC1C=CC=C1,[C][C][C][Branch2][Ring1][Branch1][O][C][C][=Branch1][O][C][=O][=C][C][=C][Branch2][Ring1][#Branch2][Ring1][C][O][C][=Branch1][N][Branch1][C][=O][S][C][C][=C][C][=C][Ring1][Branch1][C][=C][N][C][Branch1][C][Cl][C][F][F][=N][Ring1][#Branch1][C][=C][Ring2][C][Ring1][#C],1.2,0.201691672205925,O=C(NCC1CCCCN1)c1cc(OCC(F)(F)F)ccc1OCC(F)(F)F,0.895490825176239,0.17582417582417584,0.22169436113053057,24,379.88100000000003
O=C1CCC=C2C=CCC=CNCC=CC=CCOC(=O)NC=CC2N1,[C][C][=C][N][C][=Branch1][C][=O][O][C][C][=C][C][=C][C][Branch2][Ring1][#Branch1][N][C][=C][C][Branch2][Ring1][#Branch1][C][=C][Ring1][#C][C][Ring2][Ring1][#Branch1][=C][C][C][C][=Branch1][C][=O][=N][Ring2][Ring1][O],1.2,0.20140022039413452,O=C(NCC1CCOCC1)c1ncccc1NC(=O)c1cccc2ccccc12,0.7961314916610718,0.14473684210526316,0.6240139728125507,26,355.43800000000016
CNC=CC(CCC=CC=C1CC=CC=C1C=O)NC,[C][N][C][=C][C][Branch1][Ring1][N][C][C][C][C][=C][C][=C][C][Branch2][Ring1][#Branch1][C][=C][C][=C][Ring1][=Branch1][C][=O][C][=C][Branch1][C][Cl][=C][Ring1][#Branch1],0.8,0.20048396289348602,CN(C/C=C/C#CC(C)(C)C)Cc1cccc2ccccc12,0.7591031789779663,0.16666666666666666,0.6674725410057828,20,272.39200000000005
CC1=CCOC(OCC=O)C1F,[O][=C][C][O][C][O][=C][C][=C][Branch1][C][C][=C][Ring1][#Branch1][F][F][Ring1][#C][C][Ring1][=Branch2][N][C][=Branch1][C][C][=O][N][Ring2][C][C][=C][Ring2][Ring1][Ring1][N][C@@H1][Branch1][C][C][=C][C][=C][O][Ring2][Ring1][O],1.2,0.1997583955526352,O=C1COc2ccc(CNC3CCN(CCN4C(=O)COc5ccc(OC(F)(F)F)cc54)CC3)nc2N1,0.810325562953949,0.18309859154929578,0.46955875882395737,12,174.17099999999996
CCNC(C=O)CCNC=CNC=CC=CC=CC=C(F)CCl,[C][C][N][C][Branch1][Branch2][C][C][N][C][=C][Branch2][Ring2][#C][N][C][=C][C][=C][C][=C][C][=C][Branch1][C][F][Branch1][C][Cl][=C][C][=Branch1][O][=C][Ring1][#Branch1][N][Branch1][C][C][=O][N][=C][Ring2][Ring1][#C][C][C][C][Ring2][Ring1][N][Ring2][=C][Ring2][Ring1][Branch1][C][C][C][C][=O],1.0,0.19876010715961456,CCc1cc(C(=O)N[C@@H](Cc2cccc(Cl)c2)C(=O)NCC#N)n(C)n1,0.8754154443740845,0.2,0.2085770879690978,23,341.85800000000006
COC=CC(C=NC(=O)C=O)SN,[C][O][C][=C][C][Branch1][Ring1][S][N][C][=N][C][=Branch1][C][=O][=Branch1][C][=O][Branch1][C][=C][C][=C][C][=C][Ring1][O][C][=C][Ring2][Ring1][S][N][=C][N][Branch1][C][C][C][Branch1][C][F][=C][C][=C][Ring1][#Branch1][O][C][Ring2][Ring1][#C],0.8,0.19522850215435028,COc1ncnc(NS(=O)(=O)c2ccc(N)cc2)c1OC,0.851233959197998,0.15254237288135594,0.22153141235294496,13,202.23500000000004
O=CC1=CC=C2C=C2CC=CCOC(=O)COC=CC(=O)C=C1,[C][O][C][=C][C][=Branch1][C][=O][C][=C][C][Branch1][=Branch1][C][=O][N][=C][C][=C][C][=C][C][=C][Branch2][Ring1][C][Ring1][Ring1][C][=C][C][Branch1][C][O][N][C][Ring1][S][Branch1][C][C][C][C][C][C][=C][Ring1][=Branch2][C][O][C][Ring2][Ring1][#C][=O][C][Branch1][C][=Branch1],1.0,0.1950596421957016,COc1ccc(C(=O)C2CCN(C(=O)c3ccco3)CC2)cc1,0.9105864763259888,0.14864864864864866,0.4213451319775739,23,312.3210000000001
COC(C)CC=CCN=CC(O)C=C1C=NC=C(C=O)C1=O,[C][O][C][=Branch1][C][C][=C][Branch2][Ring2][Ring2][C][=C][C][N][=C][C][Branch1][C][O][C][=C][Branch1][=Branch1][C][=O][N][C][O][C][=N][C][=C][Ring1][=Branch1][C][=O][C][=C][C][=C][Ring1][N][=N][Ring2][Ring1][Branch2][Ring1][O],1.0,0.19331282377243042,COc1ccccc1OCC(O)COC(N)=O,0.8945521116256714,0.18181818181818182,0.23869100480343156,22,304.34600000000006
CCn1cc2c3c(c1=O)CC=NC=CC=CC=C(CO2)C(C)=C3,[C][C][N][Branch2][Ring1][N][C][=Branch1][C][=O][C][Branch1][=N][C][C][=N][C][=C][Ring1][=Branch1][C][=C][C][=C][C][=C][Ring1][=C][C][=C][Ring1][Branch1][=C][C][=C][Ring1][=Branch1][O][Ring1][Branch2],0.8,0.19207338988780975,CCOc1ccc(-n2c(CC)nc3ccccc3c2=O)cc1,0.824114203453064,0.1744186046511628,0.7988108355671504,23,308.3810000000001
CC=CC(=O)CCCN(C)CC=O,[C][N][Branch1][O][C][C][C][C][=Branch1][C][=O][C][=C][C][=C][Ring1][=Branch1][C][=O][N][C][=C][C][=C][C][=C][Ring1][#Branch1][C][Ring1][#Branch1],0.8,0.1898481547832489,COC(=O)CCCCCCC(=O)Nc1ccc2c(c1)-c1ccccc1C(=O)C2=O,0.8329030275344849,0.19642857142857142,0.43698160024132904,13,183.25099999999998
C=CC(C=O)C=C1NC(F)(F)C1CCCCCCC,[C][C][C][C][C][C][C][C][Branch2][Ring1][=C][C][=C][C][Branch2][Ring1][=Branch1][C][=O][N][C][Branch1][#Branch2][N][C][C][=C][C][C][=C][C][=N][C][=C][Ring1][=Branch1][C][=C][C][=C][C][Branch1][C][F][Branch1][C][F][=N][Ring1][O][Ring1][C][=N][Ring2][Ring1][=Branch2],0.8,0.18910446763038635,CCC(CCNC)Oc1cc(Cl)ccc1C#N,0.9122083783149719,0.21568627450980393,0.29659683368039397,19,271.351
O=C1C=CC=C2C=CC=C(Cl)CN=CC(=C1)C2,[C][C][=C][C][=Branch1][C][=O][C][=C][C][=C][Ring1][#C][C][=C][C][=C][Branch1][C][Cl][Branch1][C][N][=C][Ring1][S],1.0,0.1882261484861374,O=C(O)c1[nH]c2cc(Cl)cc(Cl)c2c1/C=C1\CCN(c2ccccc2)C1=O,0.8039985299110413,0.14754098360655737,0.6447772936978492,17,245.70899999999997
CC(=CC=CN(C)C=O)C(C)O,[C][N][Branch1][=C][C][=C][C][=C][Branch1][=Branch1][C][Branch1][C][O][C][=Branch1][C][C][=O][N][C][=C][C][Ring1][=C][NH1][Ring2][Ring1][P][N][C][=N],1.2,0.18728365004062653,CCc1cc(C(N)=S)ccn1,0.8251078724861145,0.15384615384615385,0.5018080815582034,12,169.224
CN=C(F)C=C1C=NCC2=C1C2=CSC,[C][S][C][=C][C][Branch1][N][C][N][=C][C][=C][C][Branch1][C][F][=N][C][=C][Ring1][#Branch1][Ring1][N][=O][=Branch1][C][=O][C][C][=C][Branch1][C][F][F][=C][Ring2][Ring1][S][C][C][C][C][C][=Ring1][Branch1][C][=O][C][Ring1][Branch2],1.0,0.186509907245636,CNc1cnc(-c2ccc(F)cc2)n(CC(=O)NC(C(=O)C(F)(F)F)C(C)C)c1=O,0.8439779281616211,0.1506849315068493,0.658911697705563,15,222.28799999999998
C=CC=CC=CC=CC=CCC(=O)NCCC1=CCCC1,[C][C][C][C][=C][Branch2][Ring1][Branch1][C][C][N][C][=Branch1][C][=O][C][C][=C][C][=C][C][=C][Ring1][=Branch2][C][=C][C][=C][Ring1][Branch2][Ring1][C][C][=C][C][C][C][N][C][Branch1][C][C][=C][C][=C][Ring1][=Branch1][C][=C][Ring2][Ring1][Branch2][Ring2][Ring1][=Branch1],0.8,0.18644940853118896,CCN(C(=O)Cc1ccc(C#N)cc1)C1CCN(CCC(c2ccccc2)c2ccccc2)CC1,0.863958477973938,0.19718309859154928,0.49284404629111495,21,283.4150000000001
C=CC1CCCOC=CC=CC=C(N=C(Br)CCCl)CS(=O)(=O)N1,[C][S][=Branch1][C][=O][=Branch1][C][=O][N][C][=Branch1][N][C][C][C][Branch2][Ring1][C][O][C][=C][C][=C][C][=C][Ring1][S][N][=C][Branch1][C][Br][=C][Branch1][=Branch2][C][Cl][C][Cl][=C][C][=C][Ring1][=Branch1][C][=C][Ring1][#Branch1],1.0,0.1861565262079239,O=C(Nc1ccc(Cl)c(S(=O)(=O)N2CCNCC2)c1O)Nc1cccc(F)c1Cl,0.8846042156219482,0.16049382716049382,0.41458035288146944,24,437.78700000000015
COC=CN(C)CC=C(N)CC=CC=CC=NC=CCNCCCS,[C][O][C][=C][N][Branch1][C][C][=C][C][=C][Branch1][C][N][=C][Branch2][Ring1][=N][C][=C][C][=C][C][=N][C][=C][C][Branch2][Ring1][P][N][C][C][C][Branch1][Ring1][S],1.0,0.18477416038513184,Cc1cnc(Nc2ccc(OCC(O)CN(C)C)cc2)nc1Nc1ccccc1,0.7695091962814331,0.125,0.1457954851639654,25,364.55900000000014
CC1=C2CCNC(=O)C=CC=CNN=CC(=CC=CNCC1)CC2,[C][N][C][=C][C][=C][Branch2][Ring1][#Branch1][C][=N][N][C][=C][C][=C][C][=Branch1][C][=O][N][C][C][C][=C][Branch1][Ring1][#Branch2][C][=C][Ring2][Ring1][O][C][C][Ring1][=Branch1],0.8,0.18474122881889343,COc1ccnc(NC2CCN(C(=O)c3ccccc3)CC2)c1,0.8237135410308838,0.19117647058823528,0.5997211963490782,24,326.4440000000002
O=C1NC2CC(C3C=CC=C[SH]=C3Cl)C3C=C1C=CC=CC2C(=O)NN=CN=CNC3,[N][C][=Branch1][Ring2][=O][O][C][=C][C][=C][C][=C][C][Branch2][Ring1][=Branch1][C][=Branch1][C][=O][N][C][Ring1][#Branch2][C][C][C][C][=C][C][=C][S][=C][Ring1][#Branch1][Cl][C][=C][C][Branch1][Ring2][Ring1][O][NH1][C][N][C][=N][C][=N][Ring2][Ring1][#C][=C],1.2,0.1846729964017868,N[C@@H]1CCCN(c2c(/C=C3\SC(=O)NC3=O)cccc2-c2ccncc2)C1,0.8829213976860046,0.15053763440860216,0.27537783251206366,31,457.9870000000001
O=CC1=CCCNCC=Cc2ccccc2C=CNC(=O)N1,[C][N][C][C][C][=C][Branch2][Ring1][Ring2][=N][C][=Branch1][C][=O][N][C][=C][C][=C][C][=C][C][=C][Ring1][=Branch1][C][=C][Ring2][Ring1][=Branch1][C][=O][N][C][C][C][C][Branch1][C][C][C][C][=C][Ring2][Ring1][=C][Ring2][Ring1][#Branch2],0.8,0.1843905746936798,CNC(=O)c1ccc(CN2CCC(c3ccc(C(=O)Nc4ccccc4N)cc3)CC2)cc1,0.9246692657470703,0.1864406779661017,0.6948069348560822,22,297.35800000000006
CC(C)C=C1C=CC2=C(NN)C2[SH]1ONC=CN=CN,[N][N][C][=C][Branch1][#Branch2][C][=C][C][=C][C][Branch1][C][=C][C][=C][Ring1][#Branch2][S][Ring1][#Branch1][O][N][C][=C][N][=C][Ring1][=Branch1][N],1.2,0.1837451159954071,N#CN=C(N)c1sc(Nc2ccccc2)nc1N,0.842273473739624,0.13580246913580246,0.16610424081641473,20,295.41200000000003
CNC=CC1=C(C)C2C=C1CC=C2C=CNC=CN,[C][N][C][=C][C][=C][Branch1][C][C][=C][C][=C][Ring1][=Branch1][=C][C][=C][Ring1][=Branch1][C][=C][N][C][=C][Branch1][Ring1][=N],1.0,0.18330273032188416,CCc1cccc(N(C)C(=N)Nc2cccc3ccccc23)c1,0.8695250153541565,0.12857142857142856,0.7070438751992234,19,255.365
CCCC1NCCCC1NCC1=CCC#CC1CCN(C)C,[C][N][Branch1][C][C][C][C][C][C][=C][Branch2][Ring2][Branch2][Ring1][C][N][C][=Branch1][C][=O][C][Branch1][C][C][C][Ring1][S][C][=C][C][Branch1][=Branch1][C][=O][=Branch1][C][=O][N][Branch1][C][=C][C][=C][Ring1][N][=C][C][=C][Ring2][Ring1][N][C][C][C][=C][Ring1][=Branch1][C][N][C][C][C][C][N][C][Ring1][=Branch1][C][C][C],0.8,0.18224802613258362,CCCSc1ncccc1C(=O)N(C)C1CCCCC1,0.9184939861297607,0.23170731707317074,0.5324950527658989,22,303.4940000000001
O=C1NC2COCCC(=CC=CCCl)NC=CC=C(CCl)NC=NC=CC=CC=CC12,[N][C][=C][C][=C][Branch2][Ring1][=N][N][C][=N][C][=C][C][=C][Ring1][Branch2][C][=C][C][=Branch1][O][C][=Branch1][C][=O][N][Branch2][Ring1][#Branch1][C][Ring1][Branch1][C][O][C][C][C][Ring2][Ring1][#C][=C][C][=C][C][Cl][=C][C][=C][C][=C][C][Branch1][C][Cl][Cl][C][N][=C][Ring1][Branch2][Ring1][Ring1][Ring2][Ring1][P],1.0,0.18044039607048035,O=C(COCc1ccncc1)N1CCN(c2ccc(Cl)cc2Cl)CC1,0.8011141419410706,0.1568627450980392,0.44126351593670304,31,463.40900000000033
CC=COCCNNCCCC1=CC(=O)C=CC=COC1,[C][O][C][=C][C][=C][C][=Branch1][C][=O][C][=C][Branch1][N][C][C][C][N][N][C][C][O][C][=C][C][Branch1][Ring1][#C][C][O][NH1][N][=C][Branch2][N][Branch2][Ring1][=C][C][=C][Ring2][Ring1][Branch1][=Branch2][S][C][C][Ring1][P][Ring2][Ring1][=Branch2],1.2,0.18040841817855835,CCOC(=O)c1ccc(OCCC2CCN(c3ccc(C)nn3)CC2)nc1,0.8035366535186768,0.1411764705882353,0.3866123892469819,21,292.37899999999996
CCCN(CC=CC=O)CN=C(N)CO,[C][C][C][N][Branch1][#Branch2][C][N][=C][Branch1][C][N][=C][Branch1][C][O][C][C][=C][Branch1][C][=Branch1][C][=O][C][=C][Ring1][=Branch1][C][C][=C][C][=C][C][=C][C][=C][Ring1][=Branch1],0.8,0.1802373230457306,CCN(CC)CCOC(=O)c1ccc(N)cc1,0.903052568435669,0.1724137931034483,0.2523301989604753,15,213.281
CN1C=CC=NC(C)(Cl)C1=O,[C][N][Branch2][C][=Branch1][C][=O][C][=C][Branch1][C][=C][C][=N][C][Branch1][C][=C][Ring1][#Branch1][Cl][C][Branch1][C][F][C][=C][Ring1][#Branch2][N][=N][C][Branch1][Ring2][Ring1][S][C][C][C][C][=C][C][Ring1][#Branch1],1.0,0.1801251769065857,CCn1cc(C(=O)O)c(=O)c2cc(F)c(N3CCNC(C)C3)c(F)c21,0.820835292339325,0.2127659574468085,0.3964474930349628,11,172.61499999999998
CCCCC(N)C=CCC(=CC=CNC)OC=O,[C][N][C][=C][C][=C][Branch1][=Branch1][O][C][=O][O][C][=C][C][=C][C][=Branch1][Ring1][Branch2][C][C][N][C][C][Ring1][O][C][C][Branch2],1.2,0.17915566265583038,CCOC(=O)c1ccc(OC(=O)CCCCCN=C(N)N)cc1,0.8263192772865295,0.22580645161290322,0.2707611179245718,18,252.35799999999995
CC=C1C=CC=CNCC=CCC(CC2C=CC=C(CC=O)C2=O)=C1,[C][C][=C][C][=C][Branch2][Ring1][N][C][C][Branch1][=Branch1][C][=O][N][C][=C][C][=C][C][=C][Ring1][=Branch1][C][=Branch1][=C][C][=O][N][=C][C][C][=C][Ring1][#Branch1][=C][C][Branch1][Ring1][=Branch1][=C][C][=C][C][N][C][=C][C][=C][Ring2][Ring1][#Branch1],0.8,0.17845813930034637,CC(c1ccccc1)N1Cc2ccccc2C1=O,0.8091387152671814,0.13157894736842105,0.6202789801621537,25,335.447
CCC(=CC=CN=COC)C(=O)OCC=C(C)F,[C][O][C][=N][C][=C][C][=C][Branch2][Ring2][Branch1][C][=Branch1][C][=O][O][C][C][=C][Branch1][C][C][F][=C][Ring1][#Branch1][=C][C][=Branch1][C][=O][N][=C][C][=C][C][=C][Ring1][O][C][=C][Ring1][#C][C][=C][Ring2][Ring1][#Branch1][C][Branch1][C][C][=Branch1],0.8,0.1780877262353897,CCCc1c(OCc2ccc(C(=O)O)c(Br)c2)ccc(C(C)=O)c1O,0.8278306126594543,0.15384615384615385,0.23091314301479096,18,255.28899999999993
CC(=O)CCC=CC=CC=NC=NC(N=O)OO,[O][O][=C][Branch2][Ring1][S][=Branch1][N][=O][C][Branch2][Ring1][C][N][C][N][C][Branch1][=Branch2][N][N][C][C][C][=C][C][Branch1][=C][C][=C][Ring2][C][=N][Ring1][O][C][=C][N][=C][N][=C][C][=C][Ring1][=Branch1][C][=C][Ring1][=Branch1][=C][C][C][Branch1][C][C][=O],1.2,0.177946537733078,CCCSc1nc2ccc(NC(=O)CCC(=O)O)cc2s1,0.7664710283279419,0.17543859649122806,0.16966404357327,18,253.25799999999998
C=CC=CNC=CCC1=CNC(=CCC)CC=CC=C2C=CC1=C(C=O)C(=O)N2,[C][C][C][=C][Branch2][Ring1][#Branch1][C][C][=C][C][=C][Branch1][=Branch1][N][C][=O][C][=C][C][=C][C][=C][Ring1][=Branch1][C][=Branch1][C][=O][N][C][=C][Ring1][#Branch1][C][C][=C][Ring1][#Branch1][=N][C][=C][C][=C],0.8,0.17764152586460114,C=CC(=O)Nc1ccc(C)cc1,0.9174942970275879,0.13636363636363635,0.3500233509869731,29,389.4990000000001
C=COCCC=COC=CC=CC(=O)S,[S][C][=Branch1][C][=O][C][=C][C][=C][Branch1][=Branch2][O][C][=C][C][C][O][C][=C][Ring1][=Branch1][C][=C][Ring1][=Branch1][Ring1][N][Branch2][=Branch1][N][C][=O][C][Branch1][=Branch2][C][C][Branch1][C][C][C][Ring1][#Branch2],1.2,0.17761245369911194,COc1cc(OC)c(S(=O)(=O)NCc2ccccc2N2CCCCC2)cc1NC(=O)CCC(=O)O,0.8772458434104919,0.14754098360655737,0.22706572545395512,15,226.29699999999994
C=CC1=CCC(=O)C1=C=NCCCCC1=CC=CC1,[C][C][=C][C][=C][Ring1][Branch1][C][C][C][C][N][C][Ring1][C][=C][C][=Branch1][C][=O][=C][C][=C][Ring1][=Branch1][C][=C][Ring1][=Branch1],0.8,0.17644861340522766,CCC(=O)NCC[C@@H]1CCc2ccc3c(c21)CCO3,0.7608914971351624,0.1388888888888889,0.4027563484659091,19,253.34499999999997
CN1NC2=CNC3=CCOC4(Cl)C=CC=C(C2)C(=CC31)C(O)SOC=C4,[N][C][=C][Branch1][Ring2][=N][N][C][=C][C][=C][C][=C][C][Branch1][C][Cl][O][C][C][=C][Ring2][Ring2][Ring1][Branch2][C][Ring1][=C][C][=C][Ring1][=N][C][Branch1][C][O][S][O][C][=C][Ring1][#C],1.0,0.17412279546260834,Clc1cc(Nc2ncnc3[nH]nc(OCCN4CCCC4)c23)ccc1OCc1ccccn1,0.751818835735321,0.12941176470588237,0.43111887143622685,26,393.8960000000001
FCC=CC1C#CNCNC1,[C][N][Branch2][Ring2][=N][C][N][C][=C][Branch2][Ring1][Branch2][Ring1][C][Branch1][C][N][C][C][C][C][C][C][C][Ring1][Branch1][Branch1][C][C][=C][C][=C][Branch1][=N][C][=C][Ring1][#Branch1][C][=C][C][F][=C][Ring2][Ring1][#Branch1],1.0,0.17406649887561798,OCCN1CCN(CCCN2c3ccccc3Sc3ccc(C(F)(F)F)cc32)CC1,0.7920284271240234,0.13725490196078433,0.43953873472325233,11,154.18799999999996
C=C1SC2=CNC1=CC2=CC=CC1=C(NC(=O)C=CN)C=CC1,[C][C][=C][C][Branch1][=Branch2][N][C][=Branch1][C][=O][C][=C][N][=C][Ring1][=N][C][=C][C][=C][C][=C][N][C][=C][Ring1][=Branch1][S][C][Ring1][=Branch1][=C],1.0,0.17386113107204437,NC(=O)c1cc2ccccc2nc1N,0.8515390753746033,0.1686746987951807,0.6960695499807191,23,323.42100000000005
CC(Cl)=CCNC(C=O)C=CC=O,[O][=C][C][=C][C][Branch1][=Branch2][N][C][C][=C][Branch1][C][Cl][=C][Ring1][=Branch1][C][=O][N][C][C][C][N][C][C][Ring1][Branch1][#Branch2],0.8,0.17283909022808075,CC(C)C(NC(=O)Cn1c(-c2ccccc2)ccc(NC(=O)CN2C(=O)CCC2=O)c1=O)C(=O)C(F)(F)F,0.7708353996276855,0.18181818181818182,0.5161430379503594,13,201.653
O=CNC1=CC=CN=CC=CCCC2=CC3=CC=CC4C(CCC34)CN1CC=C2,[C][C][C][=C][Branch2][Ring2][Branch2][C][=N][C][=C][C][=C][Branch1][=Branch1][N][C][=O][N][C][N][Branch1][C][C][C][C][C][C][C][C][Ring1][Branch1][C][=C][C][=C][Ring1][=Branch1][C][=C][Ring2][Ring1][=C][C][=C][Ring1][#C],1.0,0.167074054479599,CC(=O)NCc1ccc(CN2CCN(c3ccccc3)CC2)cc1,0.8467371463775635,0.13402061855670103,0.7118911809961265,29,387.5270000000001
CCC1C=CC2=C(C1)CC(CCl)C(C)=CC2F,[C][C][=C][C][Branch1][C][F][C][=C][Branch2][Ring1][=Branch2][C][C][=Branch1][N][C][=C][Branch1][N][Ring1][=Branch1][C][=O][=Branch1][C][=O][NH1][C][Branch1][C][Branch1][C][Branch1][C][C][=C][C][Ring1][=C][C][Cl][C][=C][Ring2][#Branch1][=N][Ring1][#C][C][=C][C][Cl],1.2,0.16665472090244293,CN1CC=CCC(c2ccc(Cl)c(Cl)c2)C1,0.8313348293304443,0.1694915254237288,0.4899530434425107,17,254.77599999999998
COC1=CC=CC=C2C=CCC=CCN(C=NN)C(C2)C(O)CC=N1,[C][O][C][=C][C][=C][C][=C][Branch1][=N][C][=C][C][C][=C][Ring1][=Branch1][C][N][C][=N][N][=C][C][Branch1][=N][Ring1][=Branch1][O][N][=O][O][Ring2][Ring1][C][N][C][C][C][Branch1][C][O][C][C][=N][Ring2][Ring1][#Branch1],1.0,0.16621583700180054,COc1cc2nc(N3CCN(C(=O)c4ccco4)CC3)nc(N)c2cc1OC,0.8171964287757874,0.17045454545454544,0.26506844775360267,25,342.4430000000001
FC=CC=C1C2=CC=COCC1=CC2,[C][O][C][=C][C][=C][Branch1][#Branch1][C][=C][C][=C][Branch1][C][F][=C][C][=C][Ring1][Branch2][Ring1][S][C][N][C][C][C][=N][Ring1][=Branch2][N][C][C][C][Ring1][Branch2],1.0,0.1658954918384552,Oc1ccc2[nH]c(CN3CCC(Cc4ccc(F)cc4)CC3)nc2c1,0.7790006995201111,0.11666666666666667,0.6165881392999955,14,190.21699999999996
C=CC1C2=CC=CNC(=O)C(O)=CC=C=CC=CCCC1=CC=C2,[C][C][C][=C][C][=C][=C][C][=C][Branch1][Ring1][=Branch1][O][C][=Branch1][C][=O][N][C][=C][C][=C][C][=C][C][=C][Ring2][Ring1][#Branch1][C][Ring1][=Branch1][C][=C],1.0,0.1658085137605667,O=C(O)CCn1c2ccccc2c2ccccc21,0.8162451982498169,0.15584415584415584,0.5576314177366057,24,319.4040000000001
CCCc1ccccc1C=O,[C][C][C][C][=C][C][=C][C][=C][Ring1][=Branch1][C][=O][C][N][Branch2][Ring1][Ring1][S][=Branch1][C][=O][O][C][=C][C][=C][Branch1][=Branch2][C@H1][C][C][=Branch1][C][=O][=Branch1][C][=O][C][Ring1][Branch1][C][=C][C][Branch1][C][Cl][=C][C][Cl][C][C][F][Branch1][C][=C][Ring1][Branch2][Ring2][Ring1][O][N][C][C][Ring1][S][C][F][Cl],1.0,0.1645927131175995,CCN(C(=O)Cc1ccc(S(C)(=O)=O)cc1)C1CCN(CCC(c2ccc(NC(C)=O)cc2)c2cccc(F)c2)CC1,0.8777797818183899,0.43333333333333335,0.6015863925197977,11,148.20499999999996
CNC=CC=CC=C(C=O)C1N=CC=CC1Cl,[C][N][C][=C][C][=C][C][=C][Branch2][Ring1][C][=C][C][Branch1][C][Cl][C][=C][C][=N][Ring1][#Branch1][N][=C][C][Branch1][C][C][=Branch1][C][=O],0.8,0.16351120173931122,Cc1ccc(/C=C(\C#N)C(N)=O)cc1,0.7054697275161743,0.13157894736842105,0.3510748636876333,17,250.729
CNC=Cc1cc2ccc1cc2C=O,[N][Branch1][C][C][C][=C][C][=C][C][=C][C][=C][Ring1][=Branch1][C][=C][Ring1][=Branch1][C][=O][N][C][C][C][Ring1][Ring1][Ring1][Ring2][Ring1],0.8,0.1620585024356842,CNC(=O)c1ccc(CN2CCC(c3ccc(C(=O)Nc4ccccc4N)cc3)CC2)cc1,0.8639912009239197,0.2857142857142857,0.7431115527491563,14,185.22599999999997
CC1=CC2C3=CC=CCC4(C)NC(=O)OOC2=C4C1NCOCC(C)C=COC3,[C][O][C][=C][C][Branch1][C][C][C][O][C][N][C][C][=C][Branch1][#Branch1][C][C][=C][Ring1][=Branch1][C][=O][O][C][=Branch1][C][=O][N][C][Branch1][C][C][Ring1][N][=C][C][=C][C][=C][Ring2][Ring1][=C][Ring1][S],0.8,0.15923887491226196,COc1cc2c(c(OC)c1OC)-c1ccc(OC)c(=O)cc1[C@@H](NC(C)=O)CC2,0.8445598483085632,0.17073170731707318,0.48014972870068756,29,400.4750000000002
C=CSC=CCC=CC1=CN2C(=O)NOC2CCC=CCOC(=CC=CN)OCCNNC=C1,[O][=C][NH1][O][=C][Branch2][Ring2][=Branch2][#Branch2][=Branch1][=N][Ring1][Branch1][C][=C][Branch1][O][C][=C][C][C][=C][Ring1][#Branch2][S][C][=C][C][=C][Branch1][#Branch2][N][Branch1][O][N][C][C][O][C][=C][C][=C][Branch1][Ring1][=Branch1][=N][Ring2][Ring1][#Branch1][C][C][C][=C][C][O][Ring1][O],1.2,0.15672984719276428,COc1cc(NC(=O)Nc2cccc(CNC(=O)O[C@H]3CCOC3)c2)ccc1-c1cnco1,0.8216476440429688,0.14432989690721648,0.419061321766328,34,487.6260000000003
CCC1CCCN(C=O)CC2COC=C(COOC=O)N=C12,[C][C][C][C][C][C][N][Branch1][=Branch1][C][=O][C][Branch1][C][C][C][C][O][C][=C][Branch1][=Branch1][C][O][O][C][=O][N][=C][Ring2][Ring1][Ring2][Ring1][N][N][Branch1][C][C][C][=C][N][=C][C][Branch1][C][=C][Ring1][C][C][=C][C][C][C][=C][Ring2][Ring1][#C],1.0,0.15523752570152283,CCCSc1c(C(=O)N(C)C2CCCCC2)cnn1-c1ccc(C(=O)O)cc1,0.8632097244262695,0.19318181818181818,0.31971821157999303,22,310.35
CC=CC(=O)C=CC1=CC2=CC2=CC=C1,[C][C][=C][C][=Branch1][C][=O][C][=C][C][=Branch1][C][=C][C][=C][C][=C][Ring1][=Branch1][C][=C][Ring1][#Branch1][Ring1][Ring1][=Branch1][N][C][O][Ring2][Ring1],0.8,0.15517845749855042,Cn1c(C(=O)O)c(CCCOc2cccc3ccccc23)c2ccccc21,0.8054554462432861,0.16363636363636364,0.6339078388211105,15,196.249
CC=CC=CC=CNC=CC(=O)NCN(CF)CCC,[C][C][C][N][Branch2][Ring1][C][C][N][C][=Branch1][C][=O][C][=C][Branch1][=Branch2][N][C][=C][C][=C][C][=C][C][Branch1][C][F][Branch1][C][=C][Ring1][#Branch1][C][C][C][=Branch1][=C][C][=C][Ring1][=Branch1][=N][Ring1][Branch2],0.8,0.15502196550369263,CC(C)N(C(=O)C(c1cccnc1)C(CNC(=O)NCc1ccccc1F)c1ccccc1)C(C)C,0.8517435193061829,0.1896551724137931,0.27970635182326287,20,281.37500000000006
C=CNC=NC(O)(CNCOC=C(C)CCC=C=CCN=N)NCC(C)=O,[O][=C][Branch1][C][C][=C][N][C][Branch1][O][C][N][Branch2][Ring1][C][C][O][C][=C][Branch1][O][C][C][C][=C][C][Ring1][C][C][N][=N][C][=Branch1][C][=O][N][=C][N][C][=C][Ring2][Ring1][=Branch1][Ring2][=N][C][C][=Branch1][C][=N][S][Branch1][N][Ring2][C][=C][Ring1][#Branch2],1.2,0.1547304391860962,CC(C)[C@H](N)C(=O)OCCOCn1cnc2c(=O)nc(N)[nH]c21,0.822667121887207,0.14634146341463414,0.05267718754107149,27,378.47700000000003
CC=CC=CC=C(N)NCNC=CC(C)=NC=C(O)C=N,[C][C][=C][C][=C][C][=C][Branch2][Ring1][Ring2][=N][C][N][C][=C][C][Branch1][C][C][=N][C][=C][Branch1][C][O][C][=N][Ring1][=Branch1][=N],0.8,0.15368318557739258,CC(=N)NCc1ccccc1,0.7706146240234375,0.16071428571428573,0.14720117173868077,21,289.38300000000004
O=CC(=O)C1=CCC=NCO1,[O][=C][Branch2][Ring2][=Branch1][C][=O][C@@H1][Branch2][Ring1][N][C][Branch2][N][C][=C][C][=C][C][Branch1][=Branch1][C][F][C][=C][Ring1][S][N][C][=N][N][C][C][=C][Branch1][C][=N][C][=C][C][Ring1][=Branch1][C][=C][C][C][Ring2][Ring2][Ring1][=N][C][O][Ring1][#Branch1],1.2,0.1513707935810089,O=C(Nc1nnc(C(=O)Nc2ccc(N3CCOCC3)cc2)o1)c1ccc(Cl)cc1,0.855538547039032,0.17073170731707318,0.41688580294837974,11,153.13699999999997
CC=Cc1ccccc1C=CNNCCC,[C][C][=C][C][=C][C][=C][C][=C][Ring1][=Branch1][C][=C][Branch2][Ring2][Ring1][=N][N][C][C][=Branch1][N][C][Branch1][Ring1][=Branch2],0.8,0.14994029700756073,CCc1cccc(N(C)C(=N)Nc2cccc3ccccc23)c1,0.9211224317550659,0.23333333333333334,0.5634349708967071,16,216.32799999999997
CC=CC=C(CC=CC(=O)NC(O)(C=CN)C=C(Cl)CF)CNC,[C][C][=C][C][=C][Branch1][Ring2][C][N][C][=C][C][=C][C][=Branch1][C][=O][N][C][Branch1][#Branch2][C][=C][Branch1][C][Cl][C][F][=C][Ring1][#Branch1][C][O][C][=C][N][Ring1][#Branch1],1.0,0.14824751019477844,CCN(CC)CCN1C(=O)[C@@](O)(c2ccccc2Cl)c2c1cc(C(N)=O)cc2C(F)(F)F,0.8597617149353027,0.1511627906976744,0.2735404769153208,24,357.8570000000001
CC(O)C=CC=C1C=C(N)C=C1C=O,[C][C][Branch1][C][O][C][=C][C][=C][C][=C][Branch1][C][=N][C][=C][Ring1][=Branch1][C][=O][N][C][=C][C][=C][C][=C][Ring1][#Branch1][N][C][C][C][=C][Ring1][#Branch1],0.8,0.14790122210979462,CCOC(=O)c1ccc(N)cc1,0.8142735958099365,0.23076923076923078,0.6493656063128324,14,191.22999999999996
NC1=C2CCN=C3C=CC(C=C3)C2CCNC(=O)C=C[SH]2OC=CC=C2O1,[C][C][Branch2][N][Branch1][#Branch2][C][N][C][=Branch1][C][=O][C][=C][S][O][C][=C][C][=C][Ring1][=Branch1][O][=C][Branch1][C][N][=C][Ring2][Ring1][C][=C][C][N][=C][C][=C][C][Ring2][Ring1][=N][C][=C][Ring1][=Branch1],1.2,0.14711542427539825,O=C(Nc1ccc(N2CCOCC2)cc1)c1nnc(Nc2ccccc2)o1,0.8004001379013062,0.14606741573033707,0.5598312311793401,27,385.48900000000015
CCC1(C)C(=O)CC2(SC)CCC(=O)C=CC=CC(=O)C1(C)N2,[C][S][C][Branch1][S][=Branch1][C][C][C][=Branch1][C][=O][C][=C][C][=C][Ring1][=Branch1][C][=O][=Branch1][N][Branch2][C][C][=O][C][=C][N][C][=C][Branch1][C][NH1][C][Branch1][=Branch2][C][=Branch1][Ring2][Ring1][Branch1][C][=C][C][Branch1][C][C][=Ring1][#Branch1][C][C][C][Ring1][#Branch2],1.2,0.14469574391841888,Cc1nn(C2CCOCC2)c(NS(=O)(=O)c2ccc(C3CC3)cc2)c1C(=O)N[C@@H](C)C(C)(C)C,0.9113627672195435,0.23333333333333334,0.8405620360366217,23,335.46900000000016
CC(C)NC(=O)CC=CC1=CCC=C=C1C=O,[C][C][Branch1][C][C][N][C][=Branch1][C][=O][=C][C][=C][C][=C][C][C][=C][=C][=Branch1][O][Ring1][=Branch1][C][=C][Ring1][=Branch1][=C][Branch1][C][Cl][C][=O][Branch1][C][C][C][Cl][Cl][=C][Ring1][#Branch1],1.2,0.14351582527160645,C=CC(=O)Nc1ccc(C)cc1,0.7436373233795166,0.19753086419753085,0.5812785191598009,17,231.29499999999996
CC1C=CNNC2CN(O)C3=CC=CN2C3C(=O)N=CC=CC1,[C][C][=C][C][=N][C][=Branch1][C][=O][C][N][C][=C][C][=C][Ring1][=Branch1][=N][Branch1][C][O][C][C][Ring1][=Branch2][N][N][C][=C][C][Ring1][=C][Branch1][C][=C][Ring2][Ring1][=C][Ring2][Ring1][S],1.0,0.13997362554073334,CC1CN(C(=O)c2nnc3c(-c4ncccn4)cccc3c2N)C1,0.8160479664802551,0.16666666666666666,0.6162418430588128,23,315.377
O=C1C2=NC=NC3=CC=NC=CC=NC1(C=COC2)C3,[C][O][C][=C][C][Branch1][C][C][=Branch1][N][C][=O][C][=C][Branch1][Branch2][Ring1][C][=N][C][Branch1][N][=C][C][=C][N][=C][C][=C][Ring1][O][N][=C][N][=C][Ring2][C][=C][Ring2][Ring1][=Branch1][C][Branch1][C][Ring1][S][Ring2][Ring1][#Branch1],1.0,0.13784199953079224,COc1cccc(Nc2nnc(C(=O)Nc3ccc(N4CCOCC4)nc3)o2)c1,0.8770619630813599,0.14285714285714285,0.6629326217930679,20,268.27600000000007
C=NN=CC(C=CC=CC=CC(=O)NC)=NC=NC=O,[O][=C][N][=C][N][=C][Branch1][Branch1][C][=N][N][=C][C][=C][C][Ring1][=Branch1][=C][C][=C][Ring2][Ring1][=Branch1][C][Branch1][Ring1][NH1][C][=O][Ring2][Ring1][=Branch2][=N][C][=Branch1][C][F],1.0,0.1351556032896042,Nc1[nH]ncc1S(=O)(=O)c1ccccc1,0.8267130255699158,0.1509433962264151,0.17596627817571867,20,273.29600000000005
CC1=C[SH]2(=O)C=CCC(=CNC(C)C)C2=CCCCOOCC1,[C][C][Branch1][C][C][N][C][=C][C][C][=C][S][=Branch1][C][=O][C][=C][Branch1][C][=C][Branch1][C][C][O][O][=C][Ring1][#Branch1][C][C][C][=C][Ring2][Ring1][C][Ring1][=C][Ring1][#Branch1][C],1.0,0.1338634490966797,CC1CC(OC(=O)C(O)c2ccccc2)CC(C)(C)C1,0.846392035484314,0.14492753623188406,0.5944863872110894,23,339.50100000000015
CC=C(C)N(C=O)NC1C=CC=CNC2(C=C1)CCC2,[C][C][C][C][Branch1][=C][N][Branch1][=N][C][=C][C][=C][C][Branch1][C][C][N][Branch1][P][N][Branch1][=Branch1][C][=O][C][C][N][C][Branch1][C][C][=C][Ring1][Ring1][=C][Ring1][=C][C][=Ring1][#Branch2],1.2,0.1321050226688385,CCn1c2ccccc2c2cc(NC(=O)CN(C)C)ccc21,0.8371687531471252,0.16,0.4694805421353881,20,273.38
CONCNC(C)=CC=CCCl,[O][Branch1][C][=C][N][C][N][Branch2][Ring1][P][C][Branch1][C][C][=C][C][=C][C][Cl][C][=C][C][=C][C][=C][C][=N][Ring1][#Branch1][=C],1.2,0.13192309439182281,O=C(O)CCCc1ccc(N(CCCl)CCCl)cc1,0.7107147574424744,0.16279069767441862,0.2183934358644472,12,190.67399999999998
C=NC(=CN=CC=COCOC(F)=CC=CC)CCl,[C][C][=C][C][=C][Branch2][Ring1][Branch1][O][C][O][C][=C][C][=N][C][=C][Branch1][Ring1][N][=C][Branch1][C][Cl][=C][Ring1][#C][C][F][N][C][=Branch1][N][C][Branch1][C][Branch1][C][C][=O][C][Ring1][=N][Ring2][Ring1][O][C][Ring2][Ring1],0.8,0.13053151965141296,COc1cc2c(Nc3ccc(F)c(Cl)c3)c(C(N)=O)cnc2cc1OCCN(C)CCO,0.805325448513031,0.11594202898550725,0.1618311464917963,19,286.734
CC=CC(=O)NC(Cl)CNCC=C(C)CC,[C][C][=C][C][=Branch1][C][=O][N][C][Branch1][O][C][N][C][C][=C][Branch1][C][C][=C][C][Cl][Ring1][#Branch2][C][=Branch1][C][=O][C][C][=C][Ring1][=Branch2],1.0,0.1286475956439972,CCN(CC)CCNC(=O)c1cc(Cl)c(N)cc1OC,0.85172438621521,0.2033898305084746,0.23703536322584945,16,244.76599999999996
O=c1c2cc3c(n1C1C=CC=C3CC=CCC=N1)CC2,[C][C][=C][C][=C][Branch2][Ring2][=C][C][=Branch1][C][=O][N][Branch1][Branch2][Ring1][#Branch1][C][C][C][=C][C][=C][C][=C][C][=C][Ring1][O][C][C][=C][C][C][=N][Ring1][O][C][=C][C][Branch1][Ring1][P][=C][C][=N][O][=C][Ring2][Ring1][=Branch1][=C][C][=C][Ring2][Ring1][#Branch2],1.0,0.12733587622642517,O=C1CCCc2nc(C#Cc3ccccc3)ccc21,0.8645121455192566,0.15730337078651685,0.6634271951083683,20,264.32800000000003
CC(C=CC=CC=O)=CCC(=O)C1=CC=CCC(C)=CC=C1,[C][C][=C][C][=C][Branch2][Ring1][N][C][=Branch1][C][=O][C][C][=C][Branch1][C][=C][C][=C][C][=C][Ring1][=Branch1][C][=O][C][=C][C][=C][Ring1][=N][Ring1][=Branch2][N][C][=C][C][=C][Branch1][C][=C][Ring2][Ring1][O][O][Ring1][P],0.8,0.12707695364952087,C=CC(=O)Nc1ccc(OC)cc1,0.8623579740524292,0.16216216216216217,0.4076517589600959,22,294.39400000000006
CC=CC=CC=NNC=CC=CC=C(F)C1=C(Cl)C2(C=CN=CC2)CCN1,[C][C][=C][C][=C][Branch2][Ring2][=C][C][=N][N][C][=C][C][=C][C][=C][Branch1][C][F][C][Branch1][O][N][C][C][C][C][C][=N][C][=C][Ring1][=Branch1][=C][Ring1][#Branch1][Cl][C][=O][N][C][Ring1][#Branch1],0.8,0.12456667423248291,CCN(CC)CCN1C(=O)CN=C(c2ccccc2F)c2cc(Cl)ccc21,0.7680919766426086,0.14583333333333334,0.36574801991961053,27,386.90200000000016
CC=CCC=CC1=C(C=CC)C=CC(C=CC=N)=CNC(CCC=C(C)CF)=CCOC1,[C][C][=C][C][=C][Branch2][Ring2][Branch1][C][O][C][C][=C][Branch1][N][C][C][C][=C][Branch1][C][C][C][F][=N][Ring1][#Branch2][=N][C][=C][Branch1][=Branch2][C][=C][C][=N][Ring1][O][S][C][C][=C][Ring2][Ring1][#Branch1][C][=C][C][C][=C][Ring2][Ring1][=Branch1][C][Branch1],1.0,0.11993271112442017,CC(C)CCOc1ccc(N)cc1,0.8101271986961365,0.12844036697247707,0.28024493459445415,32,436.61500000000007
CC1=CC(=CC2=CC=CC=CC(=O)C(C)C2)C(CF)=C1,[C][C][Branch1][C][C][C][=Branch1][C][=O][C][=C][C][=C][C][=C][Ring1][=C][C][=C][C][=C][Branch1][C][=C][C][=C][Ring1][=Branch1][C][F][Ring1][Branch1][N][N][C][=O][NH1][C][=C][Ring2][Ring2][Ring1][=Branch1][S][Ring2][Ring1][C][C][C][Ring2][Ring1][Ring1][Branch2],1.0,0.11899201571941376,CC1(C)Cc2c(-c3ccccc3)c(-c3ccc(Cl)cc3)c(CC(=O)O)n2C1,0.8307539820671082,0.16176470588235295,0.7257734134687052,20,270.347
C=C1C2=CC=CCOC3(F)CC(=CC(=O)N(F)C12N=CC)N=CN3,[N][C][=N][C][Branch2][Ring1][Ring2][C][C][Branch1][=Branch2][O][C][C][=C][C][=C][C][=C][Ring1][=Branch1][F][=C][C][=C][C][=C][C][=Branch1][C][=O][N][Branch1][C][F][=C][Ring1][#Branch2][Ring1][=Branch2][N][=C][C][Ring2][Ring1][=Branch1],1.0,0.11878462880849838,O=C1CN2Cc3c(ccc(Cl)c3Cl)N=C2N1,0.8469651341438293,0.14285714285714285,0.4536189357072376,24,334.326
COC=CCOC(C=O)CF,[C][O][C][=C][C][O][C][Branch2][Ring1][=C][Branch1][C][F][N][C][=C][N][C][Branch1][=Branch2][C][=C][Branch1][C][Cl][=C][Branch2][Ring1][C][=C][Ring1][=Branch2][N][Branch1][C][Branch1][S][C][O][C][=O][C][F][C][=Branch1][C][Branch1][Ring1][O][Ring1][Ring2][Ring1][#C][N][Ring2][Ring1][C][=C][Ring2][=Ring1][P][C][O],1.2,0.118712417781353,COc1ccnc(C[S+]([O-])c2nc3cc(OC(F)F)ccc3[nH]2)c1OC,0.7601998448371887,0.12727272727272726,0.4257239836866034,11,162.16
NCC=CC=CC=CCC=CNC(=O)CC1=CC=NCN=C1F,[C][N][=C][C][=C][Branch2][Ring1][Ring2][#C][C][=Branch1][C][=O][N][C][=C][C][C][=C][C][=C][C][=C][Ring1][O][=C][N][=C][Branch1][Ring1][#Branch1][F][=N][Ring2][N][C][C][C][C][=N][Ring1][=Branch1],1.0,0.11703517287969589,N=C(N)NC(=O)c1nc(Cl)c(NCc2ccncc2)nc1N,0.8457860350608826,0.18055555555555555,0.674161276960441,23,316.38000000000005
CC(SCC=O)C(C=O)NC=CCOC=O,[O][=C][O][=C][C][=C][N][C][Branch2][Ring1][=Branch1][C][=O][O][C][=C][Ring1][=Branch1][C][C][C][=C][Branch1][O][C][Cl][C][=C][C][=C][Ring1][=Branch1][C][Branch1][C][=C][Ring2][Ring1][=Branch1][S][C][C][=O][C][=N][C][=C][Ring2][Ring1][Branch2][C][Branch1][Ring2][Ring1][P][O],1.0,0.11494595557451248,O=[N+]([O-])c1ccc(O)cc1,0.9038645029067993,0.14754098360655737,0.43615959688988865,16,245.29999999999995
CN(C=O)C=NC=CC(Cl)=CC=CNC1NC=CC=CC=CCC=C(C=O)C=CN=CCNS1,[O][=C][N][Branch1][C][=C][C][=N][C][=C][Ring1][Branch2][C][Branch1][C][Cl][=C][C][=C][Ring1][Branch2][N][C][Branch1][=Branch2][S][N][C][C][=N][C][=C][Ring1][P][N][C][=C][C][=C][C][=C][C][Branch1][C][=Branch1][C][=C][Ring1][O][C][=O][N][C][C][=Branch1][F][C][C][N][C][Ring1][=Branch1],1.0,0.11019501090049744,O=C(NCCCNc1nc(Nc2cccc(NC(=O)N3CCCC3)c2)ncc1Br)c1cccs1,0.884590208530426,0.13333333333333333,0.15448617990206942,34,501.05600000000015
C=CN=CC1CC=CN(C2CSC(C)O2)C=CCO1,[C][S][C][=Branch1][C][C][=O][C][Ring1][#Branch1][N][C][=C][C][O][C][Branch1][Branch1][C][=N][C][=C][C][Branch1][C][=Branch1][C][=C][Ring1][=N],1.2,0.10893301665782928,CC(C)(C)OC(=O)N1CCC(OCc2nc(-c3ccncc3)no2)CC1,0.8506160378456116,0.11428571428571428,0.7444915694013281,19,280.393
C=NC=NCC=CC1NCCCCC=CC=C2C(C=C=CC=O)=COC21,[O][=C][C][=C][=C][C][=C][Ring1][#C][O][C][C][Branch2][Ring1][=Branch2][N][C][C][C][C][C][=C][C][=C][Ring1][O][Ring2][C][=C][C][=C][C][=N][Branch1][C][Cl][C][=C][Ring2][Ring1][#Branch2][C][=C][C][N][=C][N][=C][Ring1][Branch2],1.0,0.10693453252315521,O=c1[nH]c2c(O)ccc([C@@H](O)CNCCCOCCOCCc3cccc4ccccc34)c2s1,0.8094559907913208,0.13157894736842105,0.1997197962020886,26,351.4500000000001
C=CC=COC1=CCC=CC=CC=CN1CNC=O,[O][=C][Branch2][Ring1][Branch1][N][C][N][C][=C][Branch1][O][C][=C][C][=C][Branch1][O][=C][C][=C][Ring1][#Branch2][O][C][=C][C][=C][Ring1][P][O][C][C][=C][C][=C][C][=C][C][=C][Ring1][=Branch1][C][=C][Branch1][S][Ring1][=Branch1][C][F][=Branch1][O][C][=O][=Branch1][C][=O][C][=C],0.8,0.10254669934511185,NC(=O)c1ccccc1O,0.8586637377738953,0.13114754098360656,0.4521066384613626,19,258.321
CC=CC=CC=C(C)C(=O)N(C)C1C=NC=C1CCl,[C][C][=C][C][=C][C][=C][Branch1][Ring1][#Branch1][C][C][=Branch1][C][=O][N][Branch1][C][C][=C][C][=N][C][=C][Ring1][Branch1][C][Cl][F][=C][Ring1][#Branch1][C][C][=Branch1][C][=O][N][Ring1][=Branch1][N][C][Ring2][Ring1][C],0.8,0.10080384463071823,CCN(CC)CCNC(=O)c1cc(Cl)c(N)cc1OC,0.8209477663040161,0.17307692307692307,0.4320487919252401,19,278.783
CC=CC=CNN=CC=CC,[C][C][=C][C][=N][N][C][=C][C][=C][Branch1][C][=C][Ring1][=Branch1][N][=C][C][=C][Ring1][=Branch1][C][=C][C][=C][C][=C][C][=C][Ring1][#Branch2][Ring1][=Branch1],0.8,0.09551359713077545,CC(=N)NCc1ccccc1,0.8593642115592957,0.09090909090909091,0.37071755987386834,11,150.225
CC=CN1CC(=O)NCC=CCC=CC=CC2=C(PN=CC=C2)C1CCC,[C][C][C][C][N][Branch2][Ring1][N][C][C][=Branch1][C][=O][N][C][C][=C][C][C][=C][C][=C][C][=C][Ring1][S][Branch1][P][N][=C][Branch1][=N][C][=C][Ring2][Ring1][C][=Ring1][#Branch1][F][C][C][=Ring1][C][C][=C][Ring1][=Branch1][C][Branch1],1.2,0.09364397823810577,NCCCCN(Cc1nc2ccccc2[nH]1)C1CCCc2cccnc21,0.8435764908790588,0.1625,0.5686696385574509,27,383.47600000000006
CCSC=NC=CC(C=O)N=CN1CCOCCO1,[C][C][S][C][=N][C][=C][C][Branch2][Ring1][=Branch1][C][=O][C][C][=C][N][Branch1][C][F][S][=C][C][=C][Ring1][O][=C][C][=C][C][Branch1][=N][N][=C][N][C][Branch1][C][Branch1][C][O][C][C][O][Ring1][#Branch1][=O][O],1.0,0.0936390683054924,Cc1ncsc1CCOCCCS(=O)(=O)CCNCCc1ccc(O)c2nc(O)sc12,0.8756054043769836,0.20588235294117646,0.39862091973564423,19,285.369
COC=CC=C(C=CC=C(N)CCCC=O)NCc1ncccc1C=NC(=O)N(F)SC,[C][O][C][=C][C][=C][Branch2][Ring1][#Branch1][N][C][C][=N][C][=C][C][=C][Ring1][=Branch1][C][=N][C][=Branch1][C][=O][N][Branch1][Ring1][S][C][F][Branch1][C][=C][C][=C][Branch1][C][N][=C][Ring1][#Branch1][C][C][Branch1][C][=Branch1][C][=O][=O][C][=C][Ring1][=Branch1][C][Ring2][Ring1][=Branch2][C][=O][C][C][C][Cl][C][Ring1][=N][Ring2][Ring1][N],0.8,0.09154454618692398,Cc1cc(COC(=O)Nc2ccc(-c3ccccc3)n(CC(=O)NC(C(=O)C(F)(F)F)C(C)C)c2=O)cc(C)n1,0.8437800407409668,0.2111111111111111,0.08692496866317538,32,461.5630000000003
CC(C)CC(=O)C=CC1(C)C=CC2=C1C1C=CCCN=CNC3C(=O)N=C2C3C(=O)CC=C1O,[C][C][Branch1][C][C][C][C][=Branch1][C][=O][C][=C][C][Branch1][C][=C][C][=C][Ring1][#Branch1][C][=C][Ring1][=Branch1][=C][C][=C][C][Branch1][C][Branch1][C][N][=C][N][C][C][=Branch1][C][=O][N][=C][Ring1][#C][C][Ring1][=Branch1][C][=Branch1][C][=O][C][C][=C][Ring2][Ring1][Ring1][O],0.8,0.08922076225280762,CCOC(=O)C1=C(C)NC(C)=C(C(C)=O)[C@H]1c1cccc2c(=O)cc(C)oc12,0.8892360329627991,0.17094017094017094,0.4911997547264859,34,461.5620000000002
CCCC1=CC=CC=CC(=O)CC(CC2N=NCC=C2NC=O)=CC=CCCOC1CCC,[C][C][C][C][O][Branch1][C][C][C][=C][C][=C][Branch1][=Branch2][C][C][N][=N][C][Branch1][#Branch2][C][=C][Ring1][=Branch1][N][C][=Branch1][C][=O][C][C][=Branch1][C][=O][C][=C][C][=C][Ring1][=Branch1][C][=C][Ring2][Ring1][O][C][C][C][Ring2][Ring1][=N],0.8,0.08884742856025696,CCC(=O)NCC[C@@H]1CCc2ccc3c(c21)CCO3,0.8588482737541199,0.14814814814814814,0.48001089553491194,33,451.6110000000002
C=CC1=NCC(=CC=O)C(N=CC(F)Cl)C=CC=C1C=CNC=N,[O][=C][C][=C][Branch1][=Branch1][=C][N][=C][C][=C][C][Branch1][=Branch2][N][=C][C][Branch1][C][F][Cl][O][C][=C][C][=C][Ring1][=N][C][=C][Ring2][Ring1][O][N][C][=N][Ring2][Ring1][=N][C][C][=C][Ring2][Ring1][#Branch1],1.0,0.08683392405509949,O=C(/C=C/Sc1nc[nH]n1)c1ccc(Cl)cc1,0.8394565582275391,0.15384615384615385,0.24383194167293104,24,348.809
C=CC=CC=CC=CC=CC1=CC=CC1,[C][C][=C][C][=C][Branch1][O][C][=C][C][=C][C][=C][C][=C][C][=C][Ring1][=Branch1][C][=O][Ring1][P][N][C][C][C][C][C][N][Ring1][=Branch1],0.8,0.08600281924009323,C=CCN(C(=O)NCc1ccc(OC)cc1)C1CCN(CCC(c2ccccc2)c2ccccc2)CC1,0.8332630395889282,0.14285714285714285,0.5755055575832022,15,196.29299999999998
CCNOC(=NC=CCC(C)=O)OC1N=CCC=NC(C)=CC=C1CO,[O][=C][Branch1][C][C][=C][C][=C][Ring1][=Branch2][N][=C][Branch1][=Branch2][O][N][C][=Branch1][C][Branch1][C][C][O][C][N][=C][C][C][=N][C][Branch1][Ring1][=Branch1][C][=C][C][=C][Ring1][O][C][O][Ring2][N][Ring2][Ring1][Ring2][C][=C][C][Branch1][=N],1.2,0.08588428795337677,COc1ccc(COC(=O)N2CCC(CNc3ncccn3)CC2)cc1,0.8466801047325134,0.1724137931034483,0.4098086368383188,26,362.4300000000001
COC=C1C=COCN=C(SC=O)N=C1,[C][O][C][=C][C][=C][O][=Branch1][=C][N][=C][Branch2][Ring1][=Branch2][S][C][=O][Branch1][N][C][=Branch1][C][=O][=Branch1][C][=O][C][C][C][Branch1][=Branch1][C][=O][N][C][=C][Branch1][C][N][=C][Ring1][N][Ring1][C][N][Branch1][Branch1][C][C][C][F][=C][C][=C][C][Branch1][C][F][Branch1][N][O][C][Cl][C][Ring1][C][F][=C],1.2,0.08456271886825562,CC(=O)Nc1nnc(S(N)(=O)=O)s1,0.863202691078186,0.14285714285714285,0.5267252736891305,15,226.257
CC=CC(=O)NC=CC=C1C=C(Cl)C2CC3=C4C(CC=C32)C4NC(=O)C=N1,[C][C][=C][C][=Branch1][C][=O][N][C][=C][C][=C][Branch2][Ring1][#Branch2][N][=C][C][=Branch1][C][=O][N][C][C][C][C][=C][C][=C][Ring1][=Branch1][Ring1][#Branch1][N][C][Branch1][=Branch2][C][C][=C][C][=C][Branch1][C][Cl][=C][Ring1][#Branch1][C][Ring1][#Branch1],0.8,0.08111999928951263,CNC(=O)c1cccc(NC(=O)Nc2cccc(C#N)c2)c1CN1CCC(Cc2ccc(F)cc2)CC1,0.7537663578987122,0.1625,0.7374721054665234,27,381.86300000000017
Nc1ccccc1CC=CC(O)C=C1C#C1,[N][C][=C][C][=C][C][=C][Ring1][=Branch1][=C][C][=C][C][=Branch1][Ring1][#Branch1][C][=O][C][=C][C][=C][Ring1][Ring1][Ring1][C],0.8,0.08025950193405151,N#CCc1c[nH]c2ccc(OCc3ccccc3)cc12,0.8919351100921631,0.22448979591836735,0.45188107177719505,16,211.264
CC=CC1=CC=CC=CC=C2N3NCCNOCCC=CC=CC2(NC=NC=C1)O3,[C][C][=C][C][=C][Branch2][Ring2][Branch2][C][=C][C][=C][C][=C][N][=Branch1][C][=O][N][C][C][N][Branch2][Ring1][S][O][C][C][C][=C][C][=C][C][Ring1][=N][Ring1][#C][N][C][=N][C][=C][Branch1][=C][Ring2][Ring1][O],1.0,0.07919541746377945,Nc1nc(N)c(-c2ccc(NC(=O)C3CC3)cc2)c(COCc2ccccc2)n1,0.7549594044685364,0.12727272727272726,0.620561048174805,30,407.5180000000001
ClCC1=CN=C2C=CC=CCNC3OC4=CC=C(Cl)CC=CN(COC=C3N=CC12)C4,[C][O][C][=C][C][Branch2][Ring1][Branch2][N][C][C][=C][C][=C][C][=N][C][=C][Branch1][Branch1][C][Cl][C][F][=C][Ring1][#Branch1][C][=N][Ring1][P][O][C][=C][C][=C][Branch1][C][Cl][=C][C][=C][Ring1][#C][=N][Ring2][Ring2][Ring1][#Branch1][C][Ring2][Ring1][Ring2][Ring1][#Branch2],1.0,0.07829239219427109,COc1cc2c(Nc3ccc(Cl)cc3F)ncnc2cc1OCC1CCNCC1,0.8321277499198914,0.12280701754385964,0.592354704477899,31,459.3770000000001
CC=CNNC=CC=CC(N)=C=O,[O][=C][=C][Branch1][C][N][C][=C][C][=C][Ring1][=Branch1][NH1][=N][C][=C][C][Ring1][S],1.2,0.07301165163516998,Nc1ccccc1NC(=O)c1ccccn1,0.8319472074508667,0.14893617021276595,0.24656384480757165,13,179.22299999999998
ON1CC=CC(NF)C=C2CC21,[C][N][Branch1][C][O][=C][C][=C][C][Branch1][=Branch2][C][=C][Ring1][=C][C][Branch1][Ring1][Ring1][N][N][F][C][=C][Branch1][N][C][C][C][=C][C][=N][Ring1][=N],1.2,0.07193732261657715,NC1=NC(c2cccs2)Nc2cccc(F)c21,0.8489435315132141,0.14516129032258066,0.45083929684295937,12,170.18699999999995
C=CC=CC=COCCC1(C=O)C=CC1,[C][C][=C][C][Branch1][#Branch2][C][C][O][C][=C][C][=C][C][=C][Ring1][=Branch1][C][=O][C][=C][C][Branch2][C][=N][Ring1][#Branch2][N][C][=C][C][=C][C][C][=C][Ring1][=Branch1][C][=C][C][=C][Ring2][Ring1][=Branch1][=N][Ring1][=Branch1],0.8,0.07016326487064362,O=C(CCc1ccccc1O)Nc1ccccc1,0.8314647674560547,0.13114754098360656,0.20944533330747306,15,204.26899999999998
CC(C)N1C=CC=Nc2c(CC=CC=O)cncc2OC=CC(F)C=CC=NC=N1,[C][C][Branch1][C][C][N][C][=C][C][=N][C][=C][Branch1][=C][C][=N][C][=C][Ring1][=Branch1][=C][C][=C][Ring1][=Branch1][C][=O][O][C][=C][C][Branch1][C][F][C][=C][Ring1][#C][C][=N][C][=N][Ring2][Ring1][O][Ring2][Ring1][S][C][Branch1][=N],1.0,0.07001099735498428,COCC[C@H](Oc1ncnc2c1cnn2-c1ccccc1Cl)C(=O)Nc1ccc(C)cn1,0.8248844146728516,0.14953271028037382,0.553464443507883,30,409.46500000000003
CNC=CC=NCC=CC=C(C=CC=C1C=CCN=C1)C=CCF,[C][N][C][=C][C][=N][C][Branch2][Ring2][#Branch1][C][=C][C][=C][Branch1][N][C][=C][C][=C][C][=C][C][N][=C][Ring1][=Branch1][C][=C][Branch1][N][C][F][C][C][Ring1][=Branch1][C][Ring1][=Branch2],1.0,0.06879059970378876,N=C(NCc1ccc(Cl)cc1)SCCCc1c[nH]cn1,0.7246663570404053,0.12643678160919541,0.5061103485667472,24,325.43100000000004
CC(=CNCC1=CN=CC1)C(=O)NC1C=CC=C(Cl)C1,[C][C][=N][C][=C][Ring1][Branch2][C][N][C][=C][Branch1][C][=C][C][=Branch1][C][=O][N][C][C][=C][C][=C][Branch1][C][Cl][=C][Ring1][#Branch1],0.8,0.06651780009269714,CCOC(=O)Nc1ccc(NCc2ccc(F)cc2)nc1N,0.6805116534233093,0.2,0.764408859874237,20,291.78200000000004
CCNC1OC=CC[C@H]1C=O,[C][C][N][C][O][C][=C][C][C@H1][Ring1][=Branch1][C][=O][C][=N][C][Branch1][=Branch2][C][=C][C][=C][Ring1][O][N][=Ring1][C][Branch1][C][N][N][N][C][C][N][=C][Ring1][=N][C][=N][C][=C][C][C][Ring1][Branch1][Ring1][=Branch1][NH1][Ring2][C][=N][C][=N],1.2,0.06149652600288391,CC(C)c1ccc(NC(=O)NCCCSC[C@H]2O[C@@H](n3cnc4c(N)ncnc43)[C@H](O)[C@@H]2O)cc1,0.8576818704605103,0.1896551724137931,0.6086766125285288,11,155.19699999999997
CC=NC=CC1=CCC2=CC=C1NC2CN=CC=C(C)F,[C][C][=N][C][=C][C][=C][Branch2][Ring1][N][C][C][=C][C][=C][Ring1][#Branch1][=N][C][Ring1][=Branch1][C][N][=C][C][=C][Branch1][C][F][=C][Ring1][=Branch1],1.0,0.05753166973590851,CCc1nc(N)nc(N)c1-c1ccc(Cl)cc1,0.7329780459403992,0.14432989690721648,0.7691349935833603,21,285.36600000000004
C=C1C(C=O)=CC=CC(SC(C)(O)OC)C=CN1C,[C][O][C][Branch1][C][C][=Branch1][C][=O][S][C][Branch1][=Branch2][C][=C][N][Branch1][C][C][C][=C][C][=C][C][=C][Ring1][=Branch1][C][=O][S][C][=Branch1][C][=O][=O][C][Ring1][=Branch1][C][=C][C][=C][C][=C][Ring1][#Branch2][Ring1][#Branch2],1.0,0.05256524682044983,CC(C)(C)c1ccc(C2=NC(=O)C(CC(=O)O)S2)cc1,0.8970615863800049,0.16666666666666666,0.6311753901889346,19,281.377
CC=CC=CC=C(O)C=CC=CC=O,[C][C][=C][C][=C][C][=C][Branch1][C][O][C][=C][C][=C][Ring1][=Branch1][C][=O][C][=C][Ring1][=Branch1][C][Branch1][C][C][N][=C][Ring2][Ring1][N][C][C][=C][C][=C][Branch1][C][C][C][=C][Ring1][=Branch1][C][=C][Ring2][Ring1][=Branch1],0.8,0.05075716972351074,C=CC(=O)Nc1ccc(C)cc1,0.8560361266136169,0.13157894736842105,0.31305679917082135,14,190.242
C=S(C=CC(O)(F)NC=O)C1=CN=CCC(CC(C)F)=C1,[C][C][=N][C][=C][Branch2][Ring1][S][S][=Branch1][C][=C][C][=C][Branch2][Ring2][Ring1][C][Branch1][C][F][=Branch1][C][=O][=Branch1][N][C][=O][O][C][C][Branch1][=Branch2][C][N][C][=C][Ring1][=Branch1][=N][C][=C][Ring2][Ring1][C][=Branch1][C][=O][=Branch1][C][=O][C][=C][Ring2][Ring1][C][=C][C][Branch1][C][C][F][F][S][Ring2][Ring1][#Branch1],1.2,0.048609256744384766,CC(C)C(NC(=O)Cn1c(-c2ccccc2)ncc(NC(=O)OCC(F)(F)F)c1=O)C(=O)C(F)(F)F,0.9451382756233215,0.18518518518518517,0.32809083831636504,21,316.37300000000005
C=CCNC(=O)NC12CNC(O)CN(N)OC3(C)N=CC(=C3CC=C)C(=CC(=CC=CC=CCCC)O1)C2=O,[C][C][C][C][=C][C][=C][C][=C][Branch2][Ring1][Ring2][Branch1][O][C][Branch1][#Branch2][N][C][=Branch1][C][=O][N][C][C][=C][C][N][Branch2][Ring1][Branch2][C][Branch1][C][O][C][N][Branch1][C][N][=O][C][Branch1][C][C][N][=C][C][=C][Ring1][=Branch1][=C][C][=C][C][=C][Ring1][#Branch1][=C][Ring2][Ring1][N][=O],1.0,0.04781745374202728,CN(C)CCCOc1ccc(-c2cc(C(N)=O)c(NC(N)=O)s2)cc1,0.8773459792137146,0.1619047619047619,0.17031874590136684,39,538.6490000000003
Cc1cccn1CCCNCCO,[O][C][Branch2][Ring2][Ring1][Branch1][C][N][C][C][C][N][C][=C][C][=C][Branch1][C][=C][Ring1][Branch1][=Branch2][C][Cl][=C][C][=C][Ring1][=Branch1][=Branch1][O],1.2,0.04726036638021469,CCN(CCO)CCCC(C)Nc1ccnc2cc(Cl)ccc12,0.7682608962059021,0.21428571428571427,0.6375666853779296,13,182.26700000000002
CC=CC=CC=CCNC1=C(F)N(CCl)CCCCC1=CC=CC=CC(C)=O,[C][C][=Branch1][C][=O][C][=C][C][=C][C][=C][Branch2][Ring1][#C][C][Branch1][#Branch2][N][C][C][=C][C][=C][C][=C][C][=C][Branch1][C][F][Branch1][=N][C][Cl][=N][Ring1][=Branch1][C][=O][N][C][=C][Ring1][#Branch1][C][C][C][C][Ring1][#Branch1],0.8,0.044938258826732635,CNC(=O)c1cc(C(=O)c2ccc(Cl)cc2)c(Br)[nH]1,0.7985398769378662,0.1875,0.2309002664587912,28,404.9570000000002
CC=CCC(C)CN(CF)CCCCCC(C)OC(C)=O,[C][C][=Branch1][C][=O][O][C][Branch1][C][C][C][C][C][C][C][N][Branch1][S][C][C][Branch1][C][C][Ring1][=N][C][Branch1][=Branch1][C][=C][Branch1][C][=C][C][F][=C][Ring1][#C][C][=C][Ring1][P][O][C][=N][Ring2][Ring1][=Branch2][=Ring1][#C],1.0,0.04260886833071709,CCN1CCC[C@H]1CNC(=O)c1c(OC)ccc(Br)c1OC,0.836021363735199,0.18571428571428572,0.23247388055397064,21,301.446
O=CNC12C=CCCC=CN=CNC1=C2,[C][C][C][=C][C][Branch2][Ring1][=Branch1][N][C][=O][N][C][C][=Branch1][C][=O][C][=C][C][=C][C][=C][C][=C][Ring1][#C][C][=C][C][=C][Ring1][=Branch1][N][Branch2][Ring1][=N][C][=N][C][=C][Ring2][Ring1][S][Ring1][=Branch1],0.8,0.04095405340194702,NC(=O)c1cc2ccccc2nc1N,0.8449884057044983,0.13513513513513514,0.516124065075562,15,203.24500000000003
O=C1C=CC=COCC=CC=CCC2CNC=CCN3C=C2C=CC=C3CCC=CN=CN1,[C][O][C][=C][C][=C][C][=Branch1][C][=O][N][C][=N][C][=C][Branch1][#Branch2][C][C][C][=C][C][=C][C][=C][Branch1][=Branch2][N][Ring1][#Branch1][C][C][=C][N][Branch1][=C][C][C][Ring1][=Branch2][C][C][=C][C][=C][Ring2][Ring2][Ring1][Branch2],1.0,0.0398620180785656,COc1ccnc(NC2CCN(C(=O)c3ccccc3)CC2)c1,0.7952799797058105,0.14942528735632185,0.5812630059721651,33,444.5790000000002
CNC=C(N)CNC=CC=C(C)CN(Cl)CO,[C][N][C][=C][Branch1][C][N][Branch1][C][N][C][=C][C][=C][Branch1][C][=C][C][N][Branch1][C][Cl][C][O][Ring1][#Branch1][=N][C][Ring1][S],0.8,0.037091467529535294,CC1N=C(N)N=C(N)N1c1ccc(Cl)cc1,0.7340268492698669,0.11267605633802817,0.28997056416240596,17,260.76899999999995
NC=CC=C(Cl)C=CC=CNC=O,[N][C][=C][C][=C][Branch1][C][Cl][C][=C][C][=C][Ring1][=Branch1][N][C][=O][O][C][=C][Ring1][P][O][C][C][C][C][C][C][C][Ring1][#Branch1],0.8,0.034729018807411194,O=C1COc2c(CCNCCN(C(=O)CCNCCc3ccc(Cl)c(Cl)c3)C3CCCCC3)ccc(O)c2N1,0.7275463938713074,0.11864406779661017,0.5184007757793088,13,198.65300000000002
CCOC1CC=CC=C(C=O)C1,[C][C][O][C][Branch1][C][C][C][C][=C][C][=C][Ring1][=Branch1][C][=O][N][Branch2][Ring1][Branch2][C][=C][C][=C][C][=C][C][=C][Branch1][C][=C][C][=C][C][=C][Ring1][#Branch1][=C][C][Branch1][C][=C][Ring1][=C][Ring2][Ring1][=Branch1][C][Ring1][P][=N][N][C][C][C][Ring2][Ring1][=Branch1],0.8,0.031184323132038116,CCN(CC)C(=O)c1ccc(C2=CC3(CCNCC3)Oc3ccccc32)c(O)c1,0.8227794766426086,0.18840579710144928,0.5981155534001112,12,166.22
CC=C(F)C=C1NC(O)(C=CC(C)=C2C=CC(Cl)C=C2C)N1NC1CC=CCCCC=C1C,[C][C][Branch2][Ring1][=N][C][=C][C][Branch1][#Branch2][N][C][=C][C][Branch1][C][F][=C][C][=Branch1][C][=O][N][Ring1][Branch2][=N][C][C][C][=C][Branch1][=Branch2][C][C][C][C][=C][Ring1][=Branch2][C][=C][C][=C][C][Branch1][C][Cl][C][=C][Ring1][#Branch1][=C][Ring2][Ring1][O],0.8,0.030414843931794167,CCN(CC)C(=O)c1ccc(C(=C2CCNCC2)c2ccc(Cl)c(Cl)c2)cc1,0.8973070979118347,0.13793103448275862,0.3298355546876258,33,472.04800000000034
CC(=CCC=CNC1COC=C2C=C2C1)COC1C=CCN=C(CF)O1,[C][O][C][=C][C][=C][Branch2][Ring1][Branch2][Ring1][Ring1][#Branch1][=C][C][O][C][Branch1][O][C][=C][C][=Branch1][C][=O][O][C][N][C][C][C][Branch1][C][C][C][Ring2][Ring1][Branch2][N][C][=C][Ring1][#Branch2][C][C][=C][Branch1][C][=C][C][O][C][Branch1][C][=O][C][=C][C][N][=C][Ring1][=Branch1][C][F][=O][Branch1][N][Ring1][#Branch2],1.0,0.029643915593624115,COc1cccc(COCC(O)CN2CCC(C(N)=O)CC2)c1,0.836766242980957,0.1574074074074074,0.6747825070869753,26,360.4290000000001
C=CC(Cl)=CCOC1=CCCNC1NC(=O)CC(C)C,[C][C][Branch1][C][C][C][C][=Branch1][C][=O][N][C][Branch1][=N][N][C][Branch2][Ring1][C][=C][C][=C][Ring1][=Branch1][O][C][C][=C][Branch1][C][Cl][C][=C][Branch1][=N][Ring1][#C],1.0,0.029063943773508072,CCN(CC)CCNC(=O)c1cc(Br)c(N)cc1OC,0.9344891905784607,0.2028985507246377,0.7105876623907106,20,298.81399999999996
CC(=CCNC=CON)CC=CC=CCCl,[O][Branch1][C][N][C][=C][N][C][C][=C][Branch1][Ring1][=Branch2][C][=C][C][=C][C][=C][Branch1][=C][C][Cl][=C][C][=C][C][=C][Ring1][=Branch1][O][C][=C][Ring1][#Branch2][Ring1][#Branch1][C][C][=C][O][=C][Branch1],1.0,0.028787096962332726,O=C(NCc1ccccc1Cl)c1ccccc1Oc1ccccc1,0.7575943470001221,0.1320754716981132,0.17181526726699328,16,242.75
NC=CC=NC=CC=CCCl,[N][C][=C][C][=N][C][=C][C][=C][Ring1][Branch1][C][Cl][C][=Ring1][=Branch1][C][=N][C][=C][Ring1][#Branch2],1.0,0.017662011086940765,N=C(N)Nc1cc(Cl)nc(-c2ccccc2)n1,0.7226434946060181,0.1,0.39040303494373496,11,170.64299999999997
ClCCC1=CC=CCCCNCN=CCCC2C=C(C=N2)CCC=C1,[C][C][C][=C][C][Branch2][Ring2][Ring2][=C][C][C][=N][C][Branch2][Ring1][#Branch2][N][C][C][C][C][=C][C][=C][Branch1][=N][C][C][Cl][=C][Ring1][Branch1][C][F][=C][Ring1][#Branch1][=C][C][=C][Ring2][Ring1][P][N][=C][Ring2][Ring1][#Branch1],0.8,0.015085982158780098,Clc1ccc(C2(c3ccc(-c4cn[nH]c4)cc3)CCNCC2)cc1,0.8374178409576416,0.1590909090909091,0.6913845357692757,25,359.945
CCCNC=NC=CC=C(C=O)OC=NC(C)=C(C)CF,[C][C][C][N][C][=N][C][=C][C][=C][Branch2][Ring1][=Branch1][O][C][=N][C][Branch1][C][C][=C][Branch1][C][=C][C][F][=C][C][=C][Ring1][P][Ring1][=Branch1][C][=Branch1][C][=O][C][N][Ring1][#Branch1],0.8,0.013097696006298065,COc1ccc(CC(=O)NC(N/C(=N/C#N)Nc2ccccc2C)C(C)(C)C)cc1OC,0.7682217359542847,0.15584415584415584,0.12814673144411035,21,295.358
ClC1=C=CC=CNCOCCNCC2C#CC=CC12,[C][C][N][C][C][O][C][N][C][=C][C][=C][=C][Branch1][C][Cl][=C][Ring1][P][C][=C][C][=C][Ring2][=Branch1][=N][Ring1][C][O],1.0,0.00858264695852995,COc1cc(F)ccc1-c1cncc(CNC2CCC2)n1,0.761807918548584,0.1875,0.5224207558040551,19,276.76700000000005
C=CC(C)=CC(=O)OC=CC=CC=C(Cl)NCCCF,[O][=C][Branch1][=Branch2][C][=C][Branch1][C][=C][C][=C][Ring1][=Branch1][O][C][=C][C][=C][C][=C][Branch1][C][Cl][Branch1][=N][Ring1][P][C][C][C][F][C][=C][Ring1][#Branch1][N][Branch1][C][C][=Branch1][C][=O][C][Ring1][#Branch2],0.8,0.008086519315838814,Cc1cccc(Br)c1C(=O)N[C@@H](Cc1ccc(NC(=O)c2c(Cl)cccc2Cl)cc1)C(=O)O,0.8388305306434631,0.19298245614035087,0.17587781616919992,20,299.7730000000001
C=NC(=CCC=COC)C=C1C=C(CCCl)C=C1C=CNCCN=CC,[C][O][C][=C][C][C][=C][Branch1][Ring1][N][=C][C][=C][C][=C][Branch2][Ring1][Ring1][=Branch2][C][=C][Ring2][C][Branch1][C][=C][Ring1][Branch1][Branch1][#Branch2][N][C][C][N][=C][C][=C][C][Cl][=C][Ring2][=C][Ring1][Branch2][=Branch1][O][=O][O][Ring1][O][O][Ring2][O][O][C][Branch1],1.2,0.00772556709125638,COc1cc(C(=O)NCc2ccc(OCCN(C)C)cc2)cc(OC)c1OC,0.6899613738059998,0.13131313131313133,0.2323290508765768,26,373.9280000000002
C1=CC=C2C=C(C=CC=C3CNN=C23)COC=C1,[C][O][C][=C][C][=C][C][=C][C][=C][Branch2][Ring1][O][C][=C][C][=C][C][N][N][=C][Ring1][Branch1][Ring1][O][C][O][C][=C][C][F][=C][Ring2][Ring1][O][C][=Branch1][C][C][Ring2][Ring1][=C][Ring2][Ring1][N][C][N][C][Branch1][C][=N],0.8,0.0069514550268650055,COc1cccc(Nc2nc(NCC3CCCO3)c3ccccc3n2)c1,0.7959685325622559,0.10606060606060606,0.7027194119083484,18,238.29
CC(C=O)=CC=CC1C(=C(C)F)C2=CC1OCC2,[C][O][C][Branch2][Ring1][N][Branch2][C][Branch2][C][C][Branch1][=Branch2][C][=N][C][=C][C][=C][Branch1][C][C][=Branch1][C][=O][N][C][C][=C][Branch1][C][F][=C][C][=C][Ring1][=Branch1][=C][Ring2][Ring1][#Branch2],1.0,0.006765976548194885,CCCCCCCN(CCc1ccc(OC(C)(C)C(=O)O)cc1)C(=O)Nc1ccc(F)cc1F,0.8665934801101685,0.1643835616438356,0.4350524443759766,18,248.29699999999994
CCN1COCOOC=CC=CNC(CO)C(CC=CC(C)CCl)CCCN1,[C][C][N][Branch2][Ring1][C][Branch1][C][O][C][O][O][C][=C][C][=C][Branch1][#Branch1][N][C][C][Branch1][C][=O][N][C][C][C][C][Ring1][Branch2][C][C][=C][C][Branch1][C][=C][C][Cl][S][Ring1][=Branch1][C][=C][Ring1][=Branch2][=C][C][=C][Ring2][Ring1][C][Ring2][Ring1][=Branch1],1.0,0.006430317647755146,Cc1ccc2nc(CCNCCCO)ccc2c1NC(=O)CC12CC3CC(CC(C3)C1)C2,0.8909390568733215,0.14814814814814814,0.34825763699820783,28,417.9780000000003
CC=CC=C1CCC(C=O)C(CN)=CC2C=CN=NC2CN1,[C][C][=C][C][=C][Branch1][P][N][C][C][N][=N][C][=C][C][Ring1][=Branch1][C][=C][C][Branch1][C][N][C][C][C][Ring1][=Branch1][C][=O][Ring1][=Branch2][NH1][Ring2][Ring1][=Branch2][C][=C][Ring2][Ring1],1.0,0.00351939769461751,Nc1n[nH]c2ncc3c(c12)CCCCCC3,0.7689262628555298,0.16455696202531644,0.6205206363061162,22,300.40600000000006
CCCC=C1CC(=O)CCCC=C1F,[C][C][C][C][=C][Branch2][Ring1][Ring1][=C][C][=Branch1][C][=O][C][C][C][C][=C][Branch1][C][F][Branch2][Ring1][=Branch2][C][=C][Ring1][#C][S][C][=C][N][=C][C][=C][C][=Branch1][C][=C][Ring1][=Branch1][C][=Branch1][C][=O][N][C][C][=C][C][C][=C][C][=C][Ring2][Ring1][=Branch1][C][C][=C][Ring2][Ring1][#Branch1],0.8,0.001776447519659996,CCN(CC)C(=O)c1ccc(C(=C2CCNCC2)c2ccc(Cl)c(Cl)c2)cc1,0.8189259171485901,0.2037037037037037,0.6576168154819813,14,196.26499999999996
C=C1OCCNC=NNC=C(CCF)N2COC=CC12,[C][O][C][=C][C][Branch2][Ring2][=N][C][=Branch1][C][=C][Branch1][#Branch1][O][C][C][N][C][=N][N][C][=C][Branch1][Branch1][C][C][F][F][N][Ring1][S][Ring2][Branch1][C][C][F][=Branch1][C][=O][N][C][C][C][Ring1][#Branch1],1.0,0.0016792509704828262,C[C@@H]1CN(C(=O)OCC(F)F)CCN1c1ncc(OCc2ccncc2C#N)cn1,0.8308089375495911,0.13253012048192772,0.7919047954883148,20,282.319
CC=CC=CC1=CNC(C=O)=CC=CNC(=CNC)C1=N,[C][N][C][=C][Branch2][Ring1][P][N][C][=C][C][=C][Branch1][=Branch2][N][C][=C][C][=C][C][=C][C][=Branch1][C][=O][N][=C][Branch1][#C][C][Cl][=C][Ring1][=C][C][=C][Ring1][#Branch1][C][Branch1][C][Ring1][=Branch2][=N],0.8,-0.0016443729400634766,C=CC(=O)Nc1ccc2ncnc(Nc3cccc(C)c3)c2c1,0.832805335521698,0.13157894736842105,0.4694043573316851,21,284.363
CC=CC=CC=CC1(O)CCNC(=CCCCOC=C(N)CCC)O1,[C][C][=C][C][=C][C][=C][C][Branch2][Ring1][=Branch1][=C][C][Branch2][Ring1][C][N][C][=C][C][Branch1][N][C][C][O][C][=C][Branch1][C][N][C][C][C][=Branch1][C][=O][O][Ring1][=C][Ring1][N][Branch2][N][C][=N][Ring2][Ring1][C][=C][Ring2][Ring1][Branch1][S],1.0,-0.0031383372843265533,CCOC(=O)c1ccc(CCN2CCN(c3ccc(C)nn3)CC2)cc1,0.8101842403411865,0.16091954022988506,0.31931976941163615,25,348.48700000000014
CC=CCCC1=CC2=CC=CC=CCNC(=C1NC)CC=CC2=COC(F)C=O,[C][N][C][=C][Branch1][#C][C][C][=C][C][=C][Ring1][=Branch1][O][C][Branch1][C][F][C][=O][N][C][C][=C][C][=C][C][=C][Ring1][#C][C][=C][Ring2][Ring1][=Branch1][C][C][C][=C][C][Ring2][Ring1][=Branch1],0.8,-0.004099281504750252,CCN(CC)C(=O)c1ccc(C(=C2CCN(Cc3ccc(F)cc3)CC2)c2ccc(NC(=O)OC)cc2)cc1,0.7795755863189697,0.12389380530973451,0.372156434501053,29,396.50600000000014
O=C(NCC=CCF)NC1=CNCCC=CC=NN=C1,[C][C][N][C][=C][Branch2][Ring1][Ring2][N][C][=Branch1][C][=O][N][C][C][=C][Branch1][=C][C][F][C][=C][C][=C][Ring1][#Branch1][=C][C][=C][C][Ring1][=Branch1][C][=N][N][=C][C][=C][Ring2][Ring1][=Branch1],0.8,-0.004722803831100464,NCc1ccc(NC(=O)c2cc(Nc3ncccn3)c3cc(/C(N)=N/O)ccc3c2)cc1,0.756353497505188,0.18571428571428572,0.6774186331507857,20,279.319
O=C1C2=CC3=CC=COC4N=C3C(=C4C=CCF)C2N1CC=CCl,[C][O][C][=C][C][=C][Branch2][Ring1][=N][C][=C][Branch1][N][C][=Branch1][C][=O][N][C][C][=C][Branch1][C][Cl][=C][Ring1][=Branch1][C][=C][Ring2][Ring1][Branch1][C][=C][C][F][C][=C][Ring1][#Branch1][=N][Ring2][Ring1][P][C][=C][Ring2][Ring1][P][C][Branch1][C][=C][Branch1][C][=C][Ring2][Ring1][Branch1],0.8,-0.007654363289475441,COc1ccc(C(=O)Nc2c(Cl)cncc2Cl)c2cccnc12,0.8406642079353333,0.14432989690721648,0.7357529938129043,24,344.7730000000001
C=CC=CC=CCNNC(C=C(C)F)=CC=O,[O][=C][C][=C][Branch1][#Branch2][N][N][C][C][=C][C][=C][C][=C][C][=C][Branch1][Ring1][=Branch1][C][F][C][C][O][C][C][Ring1][Branch2][C][C][Ring2][Ring1][P][N][=C][C][=C],1.0,-0.009735969826579094,O=C(O)CCCc1ccc(N(CCCl)CCCl)cc1,0.8021500706672668,0.1568627450980392,0.22333807034201933,17,236.29
CC1=C2C=CC3(C4=CNC=COCC=NC=COC3C=C4)C(CN=O)=CC2=CC1,[C][O][C][=C][N][C][=C][Branch1][=C][C][=C][Branch1][=Branch2][C][O][C][=C][N][=C][Ring2][=C][C][=C][Ring1][#Branch1][C][=C][C][=C][Branch1][C][C][=C][C][=C][Ring1][=Branch1][Branch1][C][=C][Branch1][O][=C][N][=O][=Branch1][C][=C][Branch1][Ring1][=Branch1][=N][Ring1][O][Ring1][=C],1.2,-0.00982923898845911,N=C(N)c1cc2c(/C=C/c3ccc4c(c3)OCO4)cccc2s1,0.8252295851707458,0.14035087719298245,0.7127246035140806,29,389.4550000000002
O=CN=CSC1C2=CC=CC3=C1C=CCC2=CCCC=CNCO3,[C][C][=C][C][=C][Branch1][=Branch2][C][=C][C][=C][C][#Branch1][Branch2][Ring1][#Branch1][S][C][=N][C][=Branch1][C][=O][O][C][N][C][=C][C][Branch1][=N][C][C][=C][Ring2][Ring1][O][Ring1][S],1.2,-0.012854456901550293,COC(=O)N1CCOc2cc(COc3ccccc3)cnc21,0.8123638033866882,0.11956521739130435,0.4824932826725428,24,340.44800000000004
CC1=CC=C(C=O)CC2COC12,[C][O][C][C][Branch1][C][C][=C][C][=C][Branch2][Ring2][=Branch1][C][=O][C][=C][C][=C][C][=C][Branch1][C][F][C][=C][Ring2][Ring1][O][N][C][C][=C][Branch1][Branch1][C][=O][S][C][Cl][C][=C][Ring1][Branch2][N][Ring1][#Branch2][C][Branch1][C][C][Ring2][C][C][C][Ring2][Ring2][Ring2][Ring1][#Branch2],1.0,-0.013528549112379551,COc1ccc(Cl)c(C(=O)NCC23CC4CC(CC(C4)C2)C3)c1,0.8249675035476685,0.1951219512195122,0.5485331351457463,12,164.20399999999995
CC(Cl)C=CC(=O)C=CNCNC(C)(C)O,[C][C][Branch1][C][C][=Branch1][C][=O][N][C][N][C][=C][C][=Branch1][C][=O][C][=C][C][Branch1][C][C][Cl][C][=C][Ring1][#Branch2][N][C][=C][C][=C][C][=C][C][Branch1][C][Cl][=C][C][=C][Ring1][S][Branch1][C][C][C][=N][Ring1][#C][=Ring1][#Branch1],1.0,-0.014035174623131752,CCCCCCCN(CCc1ccc(OC(C)(C)C(=O)O)cc1)C(=O)Nc1ccc(F)cc1F,0.8243212699890137,0.18181818181818182,0.27270701259598384,16,246.73800000000003
COC=CC(C)CNCC=CC=NC=O,[C][O][C][=C][C][Branch1][C][C][C][N][C][C][=C][C][=N][Branch1][=Branch1][C][=O][O][N][C][Branch1][=N][N][=C][C][=C][C][Branch1][C][F][=C][Ring1][=Branch1][C][C][Branch1][C][=O][=C][Ring1][#Branch1][C][=C][Ring2][Ring1][=Branch2],0.8,-0.01763766258955002,COc1ccc(CC(=O)NC(N/C(=N/C#N)Nc2ccccc2C)C(C)(C)C)cc1OC,0.8098414540290833,0.15714285714285714,0.2828938776330813,15,210.27700000000002
O=CCCNC(O)C=CCC=CNC(=O)OC1=CC=COC1,[C][O][C][=C][C][=C][Branch2][Ring1][=Branch2][O][C][=Branch1][C][=O][N][C][=C][Branch2][Ring1][Branch1][C][C][=C][C][Branch1][C][O][N][C][Branch1][N][C][Branch1][C][=Branch1][C][=O][C][C][N][=C][Ring2][Ring1][Branch2][Ring1][Ring1][S][C][Branch1][=Branch2][=N][Ring1][=Branch1][=N][=C][Ring1][O][Ring2][Ring1][N][Ring2][Ring1][Ring2][O][C][=N][Ring1][=C][C][Ring2][S],1.0,-0.02146410197019577,COCCOCCOc1ccc(-c2cc(C(N)=O)c(NC(N)=O)s2)cc1,0.8488955497741699,0.18666666666666668,0.2553362792463749,22,308.3340000000001
C=C1C=CN=C(F)CC=C1C(=O)C1=CC=CC(=O)NC(C)C1,[C][C][Branch1][C][C][N][C][=Branch1][C][=O][C][=C][C][=C][Branch2][Ring1][#Branch1][C][=Branch1][C][=O][C][=C][C][C][Branch1][C][F][=N][C][=C][C][=Branch1][C][=C][Ring1][=Branch2][C][=C][Ring2][Ring1][=Branch2],0.8,-0.0298188216984272,C[C@H]1CN(Cc2cc(Cl)ccc2CCC(=O)O)CCN1C(=O)Cc1ccccc1,0.7202613949775696,0.1724137931034483,0.8521390824259093,22,300.333
CC1=C2CC3C=CC1COC(=CC(=O)C(C)(C)O)C=CC=CCC2CN(F)CN3,[C][C][Branch1][C][C][Branch1][C][O][C][=Branch1][C][=O][C][=C][O][C][C][C][=C][C][Branch1][#Branch1][C][C][=C][Ring1][#Branch1][=C][N][C][N][Branch1][C][F][C][C][Branch1][=Branch2][=C][C][=C][C][=C][Ring2][Ring1][=Branch1][Ring1][=Branch2],1.0,-0.032505959272384644,COc1ccc(C(CN(C)C)C2(O)CCCCC2)cc1,0.834375262260437,0.1702127659574468,0.42132328029469723,29,402.5100000000001
COCC=C(CC=O)ON1C=CCC=CCNCNCC(=O)c2ccc(CCCl)cc2C=C1,[C][O][C][C][=C][Branch2][Ring2][Ring2][O][N][C][=C][Branch2][Ring1][N][C][C][=C][Branch1][#Branch1][C][N][Branch2][Ring1][S][C][N][C][C][=Branch1][C][=O][C][=C][C][=C][Branch1][=Branch2][C][=C][Ring1][=Branch1][C][=C][Ring2][Ring1][Branch1][C][C][Cl][C][=C][Ring1][C][=C][Ring1][=Branch1][C][C][=O],1.0,-0.03330901265144348,N#Cc1ccccc1COc1cc(OCCCN2CCCC2)ccc1C(=O)Nc1ccccc1,0.8110542893409729,0.17857142857142858,0.25832512911099476,33,474.0010000000002
CC=NN(O)C=CC(C)CCl,[C][C][=N][N][=Branch1][C][=O][C][=C][C][Branch1][C][=C][C][Cl][C][Ring1][#C],1.2,-0.03395552188158035,CCN(CC)CCNC(=O)c1cc(Cl)c(N)cc1OC,0.8223234415054321,0.1346153846153846,0.4045499971808198,11,176.64699999999996
C=C(CC(=O)CN1CC1)NC=CC=CC=CC,[C][C][N][Branch2][Ring1][Ring1][=C][C][=Branch1][C][=O][C][C][Branch1][=Branch2][N][C][=C][C][=C][C][=C][C][=C][Ring1][=Branch1][S][N][Ring1][#Branch2][N][C][C][C][Ring1][#Branch2][=C][C][=C][C][Ring2][Ring1][#Branch2],1.2,-0.04110047221183777,CC(=O)NCc1ccc(CN2CCN(c3ccccc3)CC2)cc1,0.8754151463508606,0.19402985074626866,0.5130084392664821,17,232.327
CCCCCOCC1=C(C=O)C=CC=CC1,[C][C][=C][C][=C][C][Branch2][Ring1][S][=Branch1][C][=O][=Branch1][C][=O][=Branch1][C][=O][N][C][=C][C][=C][C][=C][C][=C][C][Branch1][C][F][F][Branch1][C][Cl][=C][Ring1][#Branch1][C][C][=C][Ring1][#Branch2][C][O][C][C][C][Ring1][#Branch1][C][C],0.8,-0.04300758242607117,O=C(O)CCCc1ccc(N(CCCl)CCCl)cc1,0.785171627998352,0.1927710843373494,0.4862252151543415,16,220.3119999999999
CC1C(Cl)=CC=NC=CCNC1OCCCCCCC=O,[O][=C][Branch1][O][C][C][C][C][C][C][O][C][N][Branch2][Ring1][O][C][=Branch1][=C][C][=C][N][=C][C][=C][Branch1][C][Cl][=C][Ring1][O][C][Ring2][Ring1][=N][Ring1][S][N][C][=C][C][=C][Ring2][Ring1][=N],1.0,-0.04547828435897827,O=c1[nH]c2c(O)ccc([C@@H](O)CNCCOCCCNCCc3cccc(Cl)c3)c2s1,0.7576318383216858,0.1643835616438356,0.5516496579160164,21,312.84100000000007
C=CCCC(C=CCCNC(C=O)C=NC=CC(N)=O)OC1CC=CC=N1,[O][=C][Branch1][C][N][C][=C][N][=C][C][Branch2][Ring1][=Branch1][C][=O][N][C][=C][C][Branch1][C][=Branch1][C][=O][N][C][=C][Ring1][O][C][=C][Ring2][Ring1][#Branch2][N][C][C][C][=C][C][Branch1][=Branch2][O][C][C][C][=C][C][=N][Ring1][=Branch1][C][C][Ring2][Ring1][N][C][=C][Ring2][Ring1][P],1.0,-0.047188617289066315,NC(=O)Nc1sc(-c2ccc(OCCN3CCCCC3)cc2)cc1C(N)=O,0.8190306425094604,0.16129032258064516,0.159551060343581,27,372.46900000000016
CNC=NC(=O)C=C1C=CC=C1,[C][N][C][=N][C][=Branch1][C][=O][C][=C][C][=C][C][=C][Ring1][Branch2][Ring1][Branch1][C][O][C][=C][Branch1][O][C][=C][Ring1][C][=Branch1][C][=C][C][O][Ring2][Ring1][O][C][C][C][Branch1][C][=C][C][C][Ring2][Ring1][#Branch1],1.0,-0.04900677502155304,CCOc1ccc(NC(C)=O)cc1,0.8425382971763611,0.19047619047619047,0.3706925990472461,12,162.192
CC=C1C=C2CCC=C1C2C=O,[C][C][=C][C][=C][Branch1][=Branch1][C][C][=O][=N][C][=C][C][C][=C][Ring1][#Branch2][Ring1][#Branch1][C][=C][Ring2][Ring1][=C][NH1][C][=C][Branch1][C][F],1.2,-0.049106694757938385,Cc1ccc2c(c1)c(Sc1ccccc1Cl)c(C)n2CC(=O)O,0.755882978439331,0.15254237288135594,0.5382065561157432,12,160.21599999999998
CC(OC1CC1=O)=C1C2=C(C=O)C1(C)CN2,[C][C][=Branch1][S][=O][N][C][=C][C][=C][C][=C][Branch1][P][C][F][C][=C][C][=C][Ring1][P][O][C][Branch1][C][C][=C][C][N][C][C][Branch1][C][C][Ring1][Branch1][C][=Ring1][=Branch1][C][=O],1.2,-0.050249628722667694,CCOC(=O)C1=C(C)NC(C)=C(C(C)=O)[C@H]1c1cccc2c(=O)cc(C)oc12,0.817640483379364,0.17073170731707318,0.5603317840247877,16,219.23999999999998
CC=CC(=O)C=CC=NNC=CC=O,[C][C][=C][C][=Branch1][C][=O][C][=C][C][=N][N][Branch2][Ring1][Branch2][C][=C][Branch1][C][=Branch1][C][=O][N][C][N][C][C][C][C][C][C][Branch1][C][C][=C][Ring1][#Branch1][C][Ring1][=Branch1][C][C][Ring2][Ring1][=N][C][C][Ring2][Ring1][P][C][Ring2][Ring1][O],1.0,-0.05310269445180893,CN(C)C(=O)N1CCC(C(=O)NCc2cccs2)CC1,0.8399994373321533,0.1276595744680851,0.29513427122379254,14,192.218
C=C=C=COC1=CCC2SC2=CN1C(=CCON(C)C)C(N)=O,[C][N][Branch1][C][C][O][C][C][=C][Branch1][=Branch1][C][=Branch1][C][=O][=N][N][C][=C][C][Branch1][P][C][C][=C][Ring1][#Branch1][O][C][=C][C][Branch1][C][=Ring1][C][=C][Ring1][C][S][Ring1][O],1.2,-0.05570685863494873,CCOC(=O)c1ccc(OCC2CN(c3ccc(C)nn3)C2)cc1,0.8195812106132507,0.17204301075268819,0.2519881979250438,23,333.41300000000007
CC=C1NN(C)N(Nc2cccnc2OC)CC=C1C=O,[=C][O][C][=N][C][=C][C][=C][Ring1][=Branch1][N][N][Branch1][=Branch2][N][=Branch1][C][=C][N][C][=C][C][=C][C][=C][Ring1][=Branch1][C][=O][S][C][=C][Ring2][Ring1][S][C][=Branch1][=C][Ring2][Ring1][=C][O][Ring1][#Branch1][N],1.2,-0.061852194368839264,Cc1ccnc2nc(C(=O)Nc3nccs3)nn12,0.8881126046180725,0.25609756097560976,0.8046909177769496,21,289.339
CCNCN1C2=CC=C(F)C1SC=CC=CCC=CCOC=N2,[C][O][C][=N][C][Branch1][=Branch2][N][C][Branch1][Branch1][=Branch2][N][C][C][=C][C][=C][Branch1][C][F][=C][Ring1][#Branch2][S][C][=C][C][=C][Ring1][#Branch1][=C][C][=C][Ring2][Ring1][#Branch2],0.8,-0.0680915117263794,Clc1ccc2ncc(-c3cccc(NC4CNC4)n3)n2c1,0.7316457629203796,0.14285714285714285,0.7981341512374653,23,335.4480000000001
CC1(C=O)C2=C3N=CC14CCN=C3C(CCC(N)C4)C2,[C][C][C][C][Branch1][C][N][C][C][Branch2][Ring1][C][C][=N][C][=C][Branch1][#Branch2][=C][Branch1][C][=C][Ring1][=Branch1][C][=O][N][=C][Ring2][Ring1][N][C][C][N][=C][Ring2][=C][Ring2][Ring1][O][C][C][Ring1][#Branch1][C][C][=C][Ring1][=Branch1][N][C],1.0,-0.06882435083389282,CCN(CC)CCNc1ncnc2c1sc1nc(N3CCOCC3)c3c(c12)CCCC3,0.8967202305793762,0.18072289156626506,0.739967912764087,20,271.364
CC=CC=CNC(=O)C=CC(=O)NC=CC=CC=CC=CC=CC(Cl)OC,[C][C][=C][C][=C][Branch2][Ring1][P][N][C][=Branch1][C][=O][C][=C][C][=Branch1][C][=O][N][C][=C][C][=C][Branch2][Ring1][N][C][=C][C][=C][C][=C][C][Branch1][Ring1][O][C][Cl][C][Ring1][#Branch1][=C][Ring2][Ring1][Branch2][C][C][C][Ring2][Ring1][N][=C][Ring1][=Branch1],0.8,-0.0691545382142067,C=CC(=O)Nc1ccc(C)cc1,0.7804818749427795,0.17647058823529413,0.3210397741903298,27,388.8950000000001
CC12OC(=O)NC3NCC=CC=NN=CC=CN=CCC=C(C=O)C1C2C=CC1=C3CC=C1,[C][C][Branch2][Ring1][C][O][C][=Branch1][C][=O][N][C][N][C][Branch2][Ring1][C][C][=C][C][=N][N][=C][C][=C][N][=C][C][=Branch1][=Branch2][C][=C][Ring2][Ring1][=Branch1][C][=O][N][Branch1][C][C][=C][Ring2][Ring1][#Branch2][C][=C][Branch1][=C][C][=C][Ring2][Ring1][Branch2][=C][C][=C][Ring1][Branch1],1.0,-0.07024013996124268,NC(=O)Nc1sc(-c2ccccc2)cc1C(=O)N[C@H]1CCCNC1,0.7272765040397644,0.13333333333333333,0.6049801218958318,33,445.52300000000025
CCOC(N)C=CCOCNC=O,[C][C][O][C][Branch1][C][N][C][=C][C][O][C][N][Branch2][Ring1][=Branch1][C][=O][C][Branch1][#Branch2][=C][C][=C][Branch1][=Branch2][C][=Ring1][=Branch2][C][=C][Branch1][=Branch2][C][=C][Ring1][=N],1.2,-0.0715065523982048,COc1ccccc1OCC(O)COC(N)=O,0.7699153423309326,0.1746031746031746,0.2347930604161477,13,188.227
CCC1NN2CC=CC(O)=CC=C(C(=O)O1)C(C)=CC=CCCCN2,[C][C][C][O][C][=Branch1][C][=O][C][=C][C][=C][Branch1][C][O][C][=C][C][N][Branch2][Ring1][#Branch2][N][C][C][C][C][=C][C][=C][Branch1][C][=C][Ring1][P][N][=C][C][N][=C][Ring2][Ring1][C][=N][C][=C][Ring1][=N][Ring2][Ring1][#Branch1],1.0,-0.07401768863201141,Cc1ccc(COC(=O)N2CCC(CNc3ncccn3)CC2)cc1,0.8028744459152222,0.16901408450704225,0.6348028090335648,25,345.44300000000004
OC1NCOCCSC=Cc2ccccc2N1,[C][C][S][C][=C][C][=C][C][=C][C][=C][Ring1][=Branch1][N][C][Branch1][C][=O][N][C][O][Ring2][Ring1][=Branch2][C][=C][Ring2][Ring1][O][C][=C][Ring2][O][C][=C][Ring2][Ring1][O],1.0,-0.07555503398180008,O=C(c1cccc(Cc2nnc(O)c3ccccc23)c1)N1CCOCC1,0.8425105810165405,0.18181818181818182,0.6553832930928168,17,252.339
CCC(Cl)=CC=CC=CN1CC=CCC=CCNC=C(N)C1=O,[C][N][C][=C][Branch1][C][N][C][=Branch1][C][=O][N][Branch2][Ring1][#Branch1][C][=C][C][=C][C][=C][Branch1][Ring1][C][C][Cl][C][Branch1][C][F][=C][Ring1][#Branch1][C][=O][C][C][=C][C][=C][Ring1][#Branch1][C][C][=C][Ring2][Ring1][#Branch1],0.8,-0.08324256539344788,CNC(=O)c1cccc(NC(=O)Nc2cccc(C#N)c2)c1CN1CCC(Cc2ccc(F)cc2)CC1,0.8013250231742859,0.17073170731707318,0.6126050839108416,23,333.8630000000001
C#CC=CC(C)=CCC(=O)Cl,[O][=C][Branch2][Ring1][C][=C][C][=C][Branch1][N][C][=C][C][=C][Ring1][Branch2][Ring1][C][C][C][Branch1][C][Cl][C][C][Ring1][#Branch1][O][C][C][N][C][Ring1][=Branch1][C][C][C][C][Ring1][=Branch1],0.8,-0.08569426834583282,O=C(O)CCCc1ccc(N(CCCl)CCCl)cc1,0.8558756709098816,0.14893617021276595,0.3590965295907248,11,168.623
CC(CCl)=C1NC2=C1C=CC=CC(N)(N=CCNC=CC=O)C2,[=C][=Branch1][C][=O][C][=C][N][C][Branch2][Ring2][Ring1][C][=N][C][=Branch1][C][N][C][C][Branch1][S][N][C][=C][Branch1][C][=C][Branch1][=Branch2][C][Cl][C][=Ring1][S][C][C][=C][Ring1][=Branch1][C][=C][C][=C][Ring1][#C],1.0,-0.08807651698589325,N#Cc1ccc(C(=O)N2CCC3(CC2)N=C(N)c2c(F)cccc2N3)cc1,0.7716893553733826,0.15625,0.22810002827705927,23,332.835
C=NCCOCCC1C=C(C)CCSC=C(C)C(C=CC(O)O)=CC1C(=O)N1C=CC=CC=C1C,[O][=C][Branch1][O][N][C][=C][C][=C][C][=C][Ring1][#Branch1][C][=C][Branch1][N][C][=C][C][=C][C][=Branch1][C][=Branch1][C][=O][O][Ring1][O][C][Branch1][#Branch2][C][C][O][C][C][N][=C][Ring2][Ring1][=N][C][=C][Branch1][C][C][=C][C][=Branch1][N][S][C][=C][Ring2][Ring1][=Branch1][C],1.0,-0.08875671029090881,NC(=O)COc1ccc(OCCNCC(O)COc2ccccc2)cc1,0.8972020149230957,0.1619047619047619,0.2040353416238473,35,498.6890000000004
CC1CC=CC(=O)C=CC=C2C=C3CC1C(F)C=CCC3NNN2,[C][C][=C][C][=Branch1][C][=O][C][=C][C][=C][Branch1][=N][N][N][N][C][C][C][=C][Ring1][N][Branch1][C][F][C][=C][Ring1][Branch2][C][C][Ring1][=Branch1][C][Ring2][Ring1][O][C],1.0,-0.0906219556927681,Cc1ccc(NC(=O)N2CCN(C[C@@H]3CCCN(C4CC4)C3)CC2)cc1Cl,0.7900272011756897,0.1518987341772152,0.5983344851985557,24,329.4190000000001
CCOC=CC=CNCC(=O)OC=CC=C(C)CCl,[C][C][O][C][=C][C][=C][Branch2][Branch2][Ring2][=N][C][C][=Branch1][C][=O][O][C][=C][Ring1][Ring1][C][=C][Branch1][C][C][Branch1][C][Cl][C][O][=C][C][Branch1][C][=C][C][O][C][Ring2][Ring1][O][C][Branch1][Ring1][Branch2][O][N][C][=C][C][=C][Ring1][N][C][Ring1][#C][C][Ring2][Ring1][S][=Branch1][=C][C][Branch1][C][C][=C][Ring2][C][=C][Ring1][C][=C][Ring2][O],1.0,-0.09519580006599426,CCCc1c(OCCCSc2ccc(CC(=O)O)cc2Cl)ccc(C(=O)CC)c1O,0.8492864966392517,0.18518518518518517,0.3062261515814198,19,285.77099999999996
CC=CC=C(Cl)C=C(C=NC=CC=CNC=O)NN,[C][C][=C][C][=C][Branch1][C][Cl][C][=C][Branch1][Ring1][=N][N][C][=N][C][=C][C][=C][N][Ring1][=Branch1][C][=O][C][=C][C][Ring1][=Branch1],0.8,-0.09727823734283447,Cc1cc(NC(=O)Nc2ccc(Cl)cc2)n(-c2ccccc2)n1,0.8303057551383972,0.11538461538461539,0.20876727780456997,19,280.75900000000007
C=CC=CC1=NC(=CC=CC)N(C)[C@H](C)C1=O,[C][=C][C][=C][C][Branch2][Ring1][C][C][=Branch1][C][=O][C@@H1][Branch1][C][C][N][Branch1][C][C][C][=C][C][=C][C][=N][Ring1][=Branch1][O][Ring1][#Branch2][=C][C][C][=C][Branch1][=C][Ring1][=Branch1][=C][Ring2][Ring1][=N][Ring2][Ring1][#Branch1][Ring2][Ring1][N][C][=O],1.0,-0.10451580584049225,Cc1c(N(C)C)c(=O)n(-c2ccccc2)n1C,0.7988974452018738,0.16981132075471697,0.6977230305206628,17,230.31099999999998
O=C1NCC=NCC=CC=CCCN1,[C][C][N][C][=Branch1][C][=O][N][C][C][=N][=C][C][=C][C][=C][Ring2][=Branch1][=C][Ring1][=Branch1][C][=C][N][=C][C][=C][Ring1][=Branch1][C][=O][C][Branch1][C][C][Branch1][C][Ring1][S][Ring2][Ring1][O][C][C][N],1.0,-0.10885252058506012,CC1(c2ccccc2)CC(=O)NC(N)=N1,0.88951176404953,0.18421052631578946,0.5890564830025399,14,193.25
CC1CC2=COOOOC3=C(NOC=CC2O)C(=C(CF)C3)C=CN=N1,[C][C][Branch1][C][=C][N][=N][C][=C][C][=C][Branch1][#Branch2][C][F][Branch1][#C][C][=C][C][=C][Ring1][=C][C][=Branch1][N][=C][Ring1][#Branch1][N][Ring1][#Branch1][O][C][=C][C][O][=O][=O][=O][O][C][=C][Ring2][Ring2][Ring1][Ring1][Branch2][O][=C][Branch1],1.2,-0.10982304066419601,O=[N+]([O-])c1ccc(C=NO)o1,0.7822429537773132,0.13131313131313133,0.6869619925745849,26,367.3330000000001
O=CCCC[C@@H](F)NC1=CC=CCOC=CC#C1,[C][O][C][=C][C][=C][Ring1][C][=C][Branch2][Ring1][Branch1][=Branch2][N][C@H1][Branch1][C][F][C][C][=Branch1][O][C][C][=O][N][C][Branch1][C][C][C][C][=C][C][=C][Ring1][=C][Ring2][Ring1][=Branch1][F][=C][C][=C],1.0,-0.11775581538677216,C[C@@H]1CN(Cc2cc(Cl)ccc2OCC(=O)O)C[C@H](C)N1C(=O)Cc1ccccc1,0.7335693836212158,0.15714285714285714,0.33937035657812475,18,249.28499999999997
CC1(CNO)C2=CC=CC1NCOOCN(OC1=COCCC=CC=CN1)C=C2,[C][C][O][C][=C][Branch1][=Branch2][N][C][=C][C][=C][Ring2][=Branch1][C][=O][N][C][=C][C][=C][C][=C][C][Branch1][#Branch1][N][C][O][O][=C][Ring1][=N][C][Branch1][C][=C][Ring1][O][C][N][Ring1][=Branch1][=O],1.2,-0.11910676956176758,NCCc1ccc(O)c2nc(O)sc12,0.7851691842079163,0.15178571428571427,0.41394186808830596,29,404.4670000000002
CC1=CCN2CC=CNC3=C=NC(=C1)C2C3CN=O,[O][=N][C][Ring1][=Branch1][C][C][C][N][=C][=C][Ring1][=Branch1][N][C][=C][C][N][Ring1][#Branch2][=C][C][=C][Branch1][C][=C][C][=Ring1][=C][Ring1][=Branch1][=C][C][=C][Branch1][C][F][Ring1][#Branch1],1.2,-0.12537610530853271,N#Cc1cnn2c(NC3CC3)cc(-c3cccs3)nc12,0.8111222386360168,0.14444444444444443,0.7628844455733903,19,256.30899999999997
COC=CC=C(N)CNC=C(C)Cl,[C][O][C][=C][C][=C][Branch1][C][N][C][N][C][=C][Branch1][C][C][Cl][C][=C][Ring1][#Branch1][C][C][C][Ring1][=Branch2],0.8,-0.13213960826396942,CCN(CC)CCNC(=O)c1cc(Cl)c(N)cc1OC,0.8134755492210388,0.16981132075471697,0.5269415774866331,13,202.68500000000003
COCC=CC=C(SC=C(C)C)N(CNCC=O)NC=O,[O][Branch1][C][C][C][Ring1][O][C][=C][C][=C][Branch1][=Branch2][S][C][=C][Branch1][Ring1][=Branch1][C][C][N][Branch1][Branch1][Branch1][N][C][=O][C][N][C][C][=O][C][C][=C][C][Cl][S][C][=C][C][=C][Ring2][Ring1][Branch2][Ring1][#Branch1][C][Ring1][Branch1][NH1],1.2,-0.13366396725177765,CC(C)C(NC(=O)Cn1c(-c2ccccc2)ccc(NC(=O)CN2C(=O)CCC2=O)c1=O)C(=O)C(F)(F)F,0.8949587345123291,0.13953488372093023,0.18653474411870796,21,313.42300000000006
CC=CCNOC=CC=CCOC=CC=CN=CC=O,[O][Branch1][=C][C][=C][C][=C][N][=C][Branch2][Ring1][=Branch1][C][=O][O][C][=C][C][=C][Branch1][C][Cl][C][=C][C][=C][Ring1][#Branch2][C][=C][C][Branch1][C][=C][C][=C][C][=C][Ring1][P][O][N][C][C][=C][Ring2][Ring1][#Branch1][C][Ring1][=Branch1],0.8,-0.13455787301063538,O=C(COc1ccc(SCCCCCc2ccccc2)cc1)COc1ccc(C(=O)O)cc1,0.7359690070152283,0.109375,0.1197343234917173,20,276.336
CC(O)=CN=CC=CCON1CC=CC=C2C1C2(C)F,[C][N][Branch1][=N][O][C][C][=C][C][=N][C][=C][Branch1][C][O][C][=C][C][=C][C][=C][Ring1][P][=C][Branch1][C][=C][Ring2][Ring1][=Branch1][F][N][C][C][=C][C][Ring1][Branch2][C][Ring1][#C],1.2,-0.13556616008281708,C#CCN(c1ccnc(Nc2ccc(OCC(O)CN(C)C)cc2)n1)c1cc(Cl)ccc1Cl,0.7687286138534546,0.15853658536585366,0.621023317439347,20,278.327
CCOC(Br)=CC=CC=CC=CCSSSC(N)C=CCC=CONC=O,[O][=C][NH1][O][C][=C][Ring1][#Branch1][C][C][=C][C][Branch1][C][N][S][S][S][C][C][=C][C][=C][C][=C][C][=C][Branch1][#Branch1][Br][C][Ring2][Ring1][N][Ring1][=Branch1][O][C][C][=Branch1][F],1.2,-0.14020031690597534,O=S(=O)(CCCNCCc1ccc(O)c2nc(O)sc12)NCCOCCc1cccc(C(F)(F)F)c1,0.7983936667442322,0.17073170731707318,0.04371820891675745,27,493.5140000000002
CONCC=CC=C(C)CCl,[C][O][Branch1][N][C][C][=C][C][=C][Branch1][C][=C][C][Cl][=C][Ring1][#Branch2][=C][N][=N][O][Branch1][C][N][C][=Branch1][O][C][=Branch1][C][=O][C][=C][Branch1][Ring1][O][C][C][C][Ring1][S],1.0,-0.1438147872686386,COCCCCC(=NOCCN)c1ccc(C(F)(F)F)cc1,0.7020342350006104,0.15555555555555556,0.2982862577666452,11,175.65899999999996
CC(=O)NCC=NN1C=CC=CC=C2C=C(CCNCC(C)F)C2S1,[C][C][=Branch1][C][=O][N][C][C][=N][N][Branch1][Ring1][S][C][C][=C][C][=C][C][=C][Ring1][#Branch1][C][=C][Ring1][=Branch2][C][C][N][Branch2][C][=C][C][C][Branch1][C][C][F][=N][Ring1][=Branch1][C][C][Ring1][S],1.0,-0.16234919428825378,CN(C)CCCC(NC(=O)C1(N)CCN(c2ncnc3[nH]ccc23)CC1)c1ccc(Cl)cc1,0.8597884774208069,0.19753086419753085,0.3950060557932561,25,364.4900000000002
CC(=O)C1CCC(C=CCCl)NN(C)CC=CC=CCN1,[O][=C][Branch1][C][C][C][Branch2][Ring1][#Branch2][N][C][C][=C][C][=C][C][Branch1][#C][N][Branch1][C][C][=N][C][Branch1][=N][C][=C][C][Cl][=C][Ring1][#Branch1][C][Ring2][Ring1][O][O][C][C][Ring1][#Branch1],1.0,-0.17096778750419617,O=C(NC[C@@H](O)CN1CCC(Oc2ccc(Cl)c(Cl)c2)CC1)c1c[nH]nc1C1CC1,0.8667441010475159,0.16666666666666666,0.6182890244405209,21,311.8570000000001
CCC=CC(=O)N1CC=CC=CCN=NCCNC=CCCCN=C(C=CCC)C1C=O,[C][C][C][=C][C][=Branch1][C][=O][N][Branch2][Ring1][C][C][C][=C][C][=C][Ring1][=Branch1][C][N][=N][C][C][N][C][=C][C][Branch1][=Branch2][C][C][N][=C][C][=C][C][C][=C][Ring1][=Branch1][Ring1][=Branch1][C][=O][=C][Ring1][=Branch1][=C][Ring1][=Branch1][=C][Ring2][Ring1][=N],1.0,-0.17220324277877808,Nc1sc2c(c1C(=O)NCc1ccccc1)CCCC2,0.7988561391830444,0.15730337078651685,0.5139733479704387,32,439.60400000000027
N=CC1CNCC2=CC(=O)C=CCN=CC(C=CC=C2)CC=C2C=CC=C2C1F,[C][C][=C][C][=Branch1][C][=O][C][=C][Branch2][Ring1][N][Branch2][C][=C][C][=C][C][Branch1][S][C][C][=C][C][=C][C][=C][Ring1][Branch1][C][F][=C][Ring2][Ring1][#C][C][=N][Ring2][Ring1][#Branch1][C][N][C][C][Ring1][Branch2][C][=N][Ring2][Ring1][#Branch1],0.8,-0.17254257202148438,Oc1ccc2[nH]c(CN3CCC(Cc4ccc(F)cc4)CC3)nc2c1,0.8260201215744019,0.12244897959183673,0.6666243120868488,29,391.49000000000007
CN1CC=NC=CC1CCF,[C][N][C][C][=N][C][=C][C][=Branch1][=C][Branch1][P][C][C][F][Branch1][#Branch2][=N][N][C][=C][C][=C][C][=Branch1][C][=O][C][Ring1][#Branch1][C][Ring1][=Branch2],1.2,-0.18111616373062134,CC1N=C(N)N=C(N)N1c1ccc(Cl)cc1,0.8162428140640259,0.16923076923076924,0.5870685630300706,11,156.20399999999995
CC1=CC(C=NC=NCF)OC(CC=CC=N)=C1,[N][Branch1][=Branch1][C][F][C][=C][Branch2][C][=Ring1][#Branch1][N][=C][C][Branch1][C][O][C][=C][Branch1][Ring1][#Branch2][=C][C][=C][Ring1][=Branch1][C][C][=C][C][=N][Ring2][Ring1][#Branch1],1.2,-0.1853703111410141,Clc1cccc(Nc2ncnc3ccccc23)c1,0.6399621367454529,0.1095890410958904,0.4389755154392442,18,249.289
CC(C)C=C(F)NC1CC=CCC=C1CC=O,[C][C][Branch1][C][=C][C][=C][Branch1][P][N][C][C][C][=C][C][C][=C][Ring1][#Branch1][C][=Branch1][N][C][=O][=O][N][=C][C][=C][C][=C][Branch1][C][F][C][=C][Ring1][O][C][=C][C][N][S][Ring2][Ring1][=Branch1][O][C][=O][C][C][C][Ring1][#Branch2],1.0,-0.1941504329442978,CN1c2ccccc2C(NCCCCCCC(=O)O)c2ccc(Cl)cc2S1(=O)=O,0.8408415913581848,0.1791044776119403,0.45146356816791083,17,237.31799999999996
CN1C2=CC(N)C(C=O)=CC=COC21,[C][O][C][=C][C][=C][Branch2][Ring2][=Branch1][C][=O][C][=C][Branch2][Ring1][Branch1][C][C][O][N][C][=Branch1][C][=O][N][C][C][C][Ring1][C][Branch1][C][=C][Ring2][Ring1][O][C][=C][C][=C][C][Branch1][C][Cl][=C][C][=Branch1][C][Branch1][C][N][C][=C][Ring2][Ring1][#Branch1][N][Branch1][C][C][Ring2][Ring2][Ring1][S],0.8,-0.2015446573495865,COc1ccc2nc(C)cc(N3CC(CNC(=O)C4CC4)OC3=O)c2c1,0.7973096966743469,0.16666666666666666,0.47397366295766535,14,192.21799999999996
CNN1C=CC(=COC)C(CF)=CC=CC(=O)C1,[C][O][C][=C][C][=C][N][Branch1][Ring1][N][C][=C][C][=Branch1][C][=O][C][=C][C][=C][Branch1][=C][C][F][=C][Ring1][=Branch2][C][=C][Ring1][N][N][C][=C][Ring2][Ring1][=N][C][=C],1.0,-0.20306506752967834,Cc1cc(NC(=O)Nc2ccc(Cl)cc2)n(C)n1,0.6858271360397339,0.18421052631578946,0.7729040838687574,18,252.28899999999996
CC1CS2(N)C=CC=C2C(=CCC=CN)C1F,[C][C][Branch2][Ring1][C][=C][S][Branch1][C][=N][C][=C][C][=C][Ring1][=Branch1][C][=C][C][Branch1][#Branch1][C][=C][Branch1][C][#N][Branch1][C][=Branch1][C][F][=Ring1][#Branch1][C][=O],1.2,-0.21774299442768097,CCN(CC)CCN1C(=O)[C@@](O)(c2ccccc2Cl)c2c1cc(C(N)=O)cc2C(F)(F)F,0.7476116418838501,0.14492753623188406,0.7958324209776967,17,254.374
CCCCOOC=CC=C(C)C1C=CCCC(C)(CN)C2N=COC1N=C2c1ccccn1,[C][C][C][=C][C][Branch2][Ring2][Ring1][=Branch1][C][O][C][=N][C][Branch1][=Branch2][C][Branch1][C][=C][Ring1][N][C][N][C][Branch1][=Branch2][C][=N][C][=C][C][=C][Ring1][=Branch1][=N][Ring1][P][C][=C][N][=C][C][Branch1][C][C][=C][C][=C][Ring1][=Branch1][=O][=O][C][C][C][C][Ring2][Ring1][=Branch2],1.0,-0.2288431078195572,CCOC(=O)c1ccc(OCCC2CCN(c3ccc(C)nn3)CC2)cc1,0.8392327427864075,0.18446601941747573,0.14559836955957306,33,452.5990000000003
C=CC1=CC=CNC(C=CC(C)CCl)C=COC(=O)N=CC1C(C)N,[C][C][Branch1][C][N][C][C][=N][C][=Branch1][C][=O][O][C][=C][C][Branch1][#Branch2][N][C][=C][C][=C][Ring1][=C][C][=C][C][=C][C][Branch1][C][=C][Ring1][=Branch1][C][Cl][C][C][Ring1][=Branch1][=C][Ring2][Ring1][#Branch1],0.8,-0.24144181609153748,CCN(CC)CCOc1ccc(/C(=C(/Cl)c2ccccc2)c2ccccc2)cc1,0.7903074622154236,0.1506849315068493,0.5764028780848433,25,363.8890000000001
COCC1=CC=C(C=O)CC=CNC=CC=CNCCN1C=O,[C][O][C][C][=C][C][=C][Branch2][Ring1][C][=C][C][=C][N][C][=C][C][=C][Branch2][Ring1][O][N][C][C][N][Ring1][S][=Branch1][C][=O][C][=C][C][=C][Ring2][Ring1][Branch1][C][=N][C][Cl][=C][C][=Branch1][Ring2][Ring1][S][Branch1][C][=O][C][Branch1][S][C][O],1.0,-0.2577803134918213,COCCOc1ccc(-c2cc(C(N)=O)c(NC(N)=O)s2)cc1,0.8217768669128418,0.17567567567567569,0.7631745702112915,23,317.38900000000007
O=S1C=CC=CC=CC(C=CCl)C=C2C=CC=CCCNCN(C1)N2,[C][C][N][C][N][Branch1][C][N][C][S][=Branch1][C][=O][C][=C][C][=C][C][=C][C][Branch1][O][C][=C][Ring1][=N][C][=C][C][=C][Ring2][Ring1][S][C][=C][Ring1][#Branch1][Cl][=C][Ring2][Ring1][#Branch1],1.0,-0.2656280994415283,NC1(C(=O)NC(c2ccccc2)c2ccc(Cl)cc2)CCN(c2ncnc3[nH]ccc23)CC1,0.8170807957649231,0.1388888888888889,0.7341601698610897,25,377.94100000000003
C=CC=C(F)C1=CC=CN=CC1(C=CC)ONCCNCC=CC=CC,[C][C][=C][C][Branch1][S][C][=N][C][=C][C][=C][Ring1][#Branch1][C][Branch1][C][F][=C][C][=C][Ring1][#Branch1][=O][N][C][C][N][C][C][=C][C][=C][Branch1][Ring1][#Branch1][=C][Ring1][#Branch2],0.8,-0.26744166016578674,CN(C)CC/C=C1\c2ccccc2Sc2ccc(Cl)cc21,0.8186790347099304,0.14084507042253522,0.25315130295397303,26,357.47300000000007
CONC=C1C=C(CCF)CCC(=O)C=NC=CC=C(C)OC=CCC=CC=CCC=N1,[C][O][N][C][=C][C][=C][Branch1][=Branch1][C][C][F][Branch1][#Branch2][C][C][C][=Branch1][C][=O][C][=N][C][=C][C][=C][Branch1][Ring1][=Branch1][C][O][C][=C][Ring1][N][C][C][=C][C][=C][Ring2][Ring1][#Branch1][=C][C][=N][Ring2][Ring1][N][C][Ring1][C][N],1.0,-0.2798084616661072,COCCCOc1ccnc(C[S+]([O-])c2nc3ccccc3[nH]2)c1C,0.6997679471969604,0.13725490196078433,0.5757532713865537,32,441.5470000000002
COC=CC(CCCN)C(CC=O)CNC=CC=CCCl,[C][O][C][=C][C][Branch1][Branch1][C][C][C][N][C][Branch1][=Branch1][C][C][=O][C][N][C][N][C][=C][C][=C][C][Cl][=C][Branch1][=N][Branch1][#Branch1][C][F][=C][Ring1][Branch2][C][C][=C][N][Ring1][=Branch2][C][=C][Ring2][Ring2][Ring1][Ring1][Branch1][C][Ring2][Ring1],1.2,-0.29438725113868713,CCN(CC)CCNC(=O)c1cc(Cl)c(N)cc1OC,0.8449321985244751,0.13333333333333333,0.23729676424980733,21,314.8570000000001
C=CC1C2CCCC3CC(C2)N3COC1C(C)=O,[C][C][Branch2][Ring1][Branch2][N][C][O][C][Branch1][=C][C][Branch1][Ring1][=Branch1][C][=O][N][C][=C][C][=N][C][=C][C][Branch2][Ring1][N][Branch1][Branch1][C][=Branch1][C][=C][Ring1][#Branch1][N][C][F][=C][C][=C][C][=Branch1][C][=O][F][C][=C][C][=C][Ring1][#Branch2][N][C][C][C][C][C][Ring1][#Branch1][C][C][Ring1][S][Ring2][Ring1],1.0,-0.29609954357147217,Nc1cccc(C(=O)NCC23CC4CC(CC(C4)C2)C3)c1Cl,0.9065653085708618,0.2054794520547945,0.7036575828516607,18,249.35399999999993
C=C(F)C=CCNC=CC=CC=COC,[C][O][C][=C][C][=C][C][=C][Branch1][#Branch2][N][C][C][=C][C][Branch1][C][F][=C][Branch1][Ring1][#Branch1][Cl][C][O][C][N][=C][C][N][C][C][N][=C][Ring2][Ring1][#C][=C][C][C][=C][C][=C][C][Branch1][C][Ring2][Ring1][=N][C][Ring2][Ring1][Branch1],0.8,-0.3078053593635559,CCN(CC)CCCNCc1cc(Cl)c2cccnc2c1O,0.720450222492218,0.16666666666666666,0.3952667074563834,15,209.26399999999995
CC1(Cl)C(NNCCCNC=O)=CCC2=CC=CC=COC21,[C][O][C][=C][C][=C][C][=C][Branch2][Ring1][N][C][C][=C][Branch1][#Branch2][N][N][C][C][C][N][Branch1][=Branch1][C][=O][N][C][C][=C][Ring2][Ring1][S][Branch1][C][C][Cl][=C][Ring2][Ring1][=N][C][Branch1][C][Cl][=Ring1][#Branch1],1.0,-0.3124008774757385,N=C(N)NC(=O)c1nc(Cl)c(NCc2ccccn2)nc1N,0.6308725476264954,0.15294117647058825,0.2897204577268071,22,323.82400000000007
CC=CC1N=CC=CC=CC(C)C(N=O)C2=CN=CC=CC(=CN1)C(CC=O)=N2,[C][C][=C][C][Branch2][Ring1][Ring1][N][C][=C][C][=C][C][=N][C][=C][Branch1][#Branch2][N][=C][Ring1][=Branch2][C][C][=Branch1][C][=O][N][=C][C][=C][C][=C][C][Branch1][C][=C][C][Branch1][C][Ring1][#C][N][=O][C][=C][Ring1][=Branch1][=C][Ring1][=Branch1][=O][=O][=O][C][F][=C][Ring2][Ring1][#Branch1],1.0,-0.3247590959072113,CC(=O)Nc1ccc(C(=O)Nc2ccccc2N)cc1,0.7901615500450134,0.11956521739130435,0.44789770977566973,29,391.4750000000001
CCNCC(=O)C(=CC=CC1=CC=CC=C=C1NCCCCC=O)C(C)Cl,[C][C][=C][C][=C][Branch2][Ring1][O][C][=C][C][=C][Branch1][N][=C][Branch1][C][C][Cl][Branch1][C][F][=C][Ring1][Ring1][Branch2][C][=Branch1][C][=O][C][N][C][C][C][Branch1][N][N][C][C][C][C][Ring1][=Branch1][C][=O][=O][C][=C][Ring2][Ring1][=N][Ring2][Ring1][S][C][=C][Ring2][Ring1][P][Ring2][Ring1][=Branch1],0.8,-0.3251979947090149,CCN(CC)CCNC(=O)c1c(C)[nH]c(/C=C2\C(=O)Nc3ccc(Cl)cc32)c1C,0.8508056998252869,0.17777777777777778,0.12584544100947576,27,388.9390000000002
C=C(C=NCCF)C1=CCOC(C=CN=CCNC=CC=CC)O1,[O][C][Branch2][Ring1][C][O][=C][C][=C][Ring1][#Branch1][C][Branch1][#Branch1][C][=N][C][C][Branch1][C][F][=C][C][=C][Ring1][#Branch1][N][=C][Ring2][Ring1][C][=C][N][C][=C][Ring2][Ring1][=Branch2][C][=C][C][=Branch1],0.8,-0.32617104053497314,Oc1nc2cc(Cl)cc(Cl)c2c(O)c1-c1ccccc1,0.6000176668167114,0.15555555555555556,0.37961954438571893,24,333.407
O=CC1=CC=CN=CC(=O)NCCC1,[C][C][C][N][C][=Branch1][C][=O][C][=N][C][=C][C][=C][Branch2][Ring1][=Branch1][C][=O][N][C][=C][Branch1][=Branch1][C][C][C][=C][Branch1][C][F][=C][Ring1][#C][N][=C][C][=C][Ring2][Ring1][=Branch1][C][=C][Ring2][Ring1][#Branch2],0.8,-0.32704925537109375,NC(=O)Nc1sc(-c2ccccc2)cc1C(N)=O,0.8553730249404907,0.2564102564102564,0.6185342523418137,14,192.218
CC=C1C=NC(=O)C=C1CNCC=CN(C)C,[C][C][=C][C][=N][C][=Branch1][C][=O][C][=C][Branch1][O][C][N][C][C][=C][N][Branch1][C][C][=C][Ring1][#Branch1][Cl][=C][C][=C][Ring1][=C][C][=C][C][Branch2][N][C][=C][Ring1][=Branch2][C][=C][C][=C][Ring1][#C][C][=Branch1][Ring2][Ring1][P],1.0,-0.33490920066833496,CCn1c2ccccc2c2cc(NC(C)=O)ccc21,0.6885955929756165,0.16,0.7241106226672863,17,233.31499999999997
C=CCC(C=O)=COCN(C)C,[C][N][Branch1][C][C][C][O][C][=C][Branch1][=Branch1][=C][C][=C][Ring1][=Branch1][C][=O][N][=C][Ring1][#Branch1][C][=C][N][=C][C][=C][C][Ring1][=Branch1][=C][Ring1][=C][Ring2][Ring1][C][=Branch1][=N][Ring2][Ring1][#Branch1],1.2,-0.3498704433441162,Cc1ccn2c(NC(=O)c3ccccc3)c(-c3cccs3)nc2c1,0.6621175408363342,0.14893617021276595,0.19649405400306302,12,169.22399999999996
O=C1NCC2=C=CC=CC2=CO1,[Branch1][C][=Branch1][C][=O][O][C][=C][C][=C][C][=C][=C][Ring1][=Branch1][C][N][Branch2][Ring1][S][Ring2][=C][C][=C][C][=C][O][C][=C][C][=C][Ring1][#Branch1][Branch1][C][=C][C][F],1.2,-0.3653583228588104,O=C(Nc1ccc(O)cc1)c1ccc(O)cc1,0.8019971251487732,0.1509433962264151,0.5429922603931983,12,161.15999999999997
C=CCC=CC1CC(O)C2OC(O2)C(=CC)CNCC2C=CNCN21,[C][C][=C][Branch2][Ring1][Branch1][C][N][C][C][C][=C][Branch2][Ring1][Ring2][=N][C][N][Branch1][=C][C][Branch1][Branch1][C][C][=Branch1][C][O][C][=C][C][C][=C][Ring1][=Branch1][C][=Branch1][C][=Branch1][C][=O][=O][C][Ring1][Ring1][#Branch1][=C][Ring1][O],1.0,-0.36748388409614563,CN1C2CCC1CC(OC(=O)C(CO)c1ccccc1)C2,0.7777817845344543,0.14583333333333334,0.6676427130602649,25,347.4590000000001
CCC=CCOCNC=NCNC=CC=CC=CN(COCC)NC=C(N)COCF,[C][C][O][C][N][Branch2][Ring1][#Branch2][C][=C][C][=C][C][=C][Branch1][=N][N][C][Branch1][#C][N][=C][Ring1][O][N][C][O][C][C][=C][C][C][Ring1][=Branch1][=N][C][=C][Branch1][C][=N][Branch1][C][O][C][F][Branch1][C][C][=O][=C][Ring1][#Branch2][C][O][=C][Ring2][Ring1][C][C][Ring2][Ring1][=C][Ring2][C][Ring2][Ring1][Branch2],1.0,-0.3965408205986023,Cc1ncsc1CCOCCCS(=O)(=O)CCNCCc1ccc(O)c2nc(O)sc12,0.7795576453208923,0.11956521739130435,0.04344735939568621,31,440.56400000000025
O=CC(O)=CC=CN=CC1=CNCCOCC=CN=C1,[C][N][C][=C][Branch2][Ring2][O][C][=N][C][=C][C][=C][Branch1][Ring1][=Branch1][O][C][=O][C][N][C][=C][C][=C][Ring1][Branch1][C][Cl][C][Branch1][=N][Ring1][Ring1][#Branch2][Ring2][Ring1][=N][Ring2][C][C][C][=C][Branch1][C][=C][Ring2][Ring1][#Branch2][C][=N][C][=C][C][O][C][Branch1][C][Ring2][Ring1][#Branch2],0.8,-0.4169614911079407,CCOc1cccc(Nc2nnc(C(=O)Nc3ccc(N4CCOCC4)nc3)o2)c1,0.8348499536514282,0.15151515151515152,0.26621332133216435,20,275.30800000000005
C=NC=CC1C=CCOCCN=CC=CCC1(CO)CC=O,[C][C][=C][C][=N][Branch1][#C][C][O][C][C][=C][C][Branch1][Branch1][C][=C][N][=C][C][Branch2][Ring1][=Branch1][=C][C][=O][N][C][C][N][N][S][C][=C][Ring1][=Branch1][C][=C][Branch1][=C][C][=C][Ring2][Ring1][=Branch1][=C][C][O][Ring1][#C][C][N][C][=Branch1][=C][Ring2][Ring1][C][C][Ring2][Ring1][Branch1][C],1.0,-0.45137766003608704,CCN1CCOc2cc(COc3ccccc3)cnc21,0.8325313925743103,0.1388888888888889,0.47948871076163735,22,304.39000000000004
CCC1C(C(Cl)C(C)=O)=CC=CC12N=CN1C=CNC(OC)CC2=CC=CCCNC1,[C][O][C][N][C][=C][N][Branch2][Ring1][Branch2][C][=N][C][C][=C][C][=C][Branch1][#Branch2][=C][Branch1][C][Cl][C][=Branch1][C][=O][C][=C][Ring1][O][C][C][=C][N][C][C][C][=C][C][=C][Ring2][Ring1][Branch1][=C][Ring2][Ring1][=Branch2][Ring2][Ring1][=N],1.2,-0.5421936511993408,COc1ccc(CCN2CN=C(SCc3ccc(Cl)cc3)NC2)cc1OC,0.731346070766449,0.1919191919191919,0.6477974397975473,31,445.00700000000035
C=CC(Cl)C1=CC=CCSCC2CC(O)CC=CC2C1=O,[C][C][Branch1][C][O][C][C][=C][C][Branch1][=Branch1][C][=O][N][C][O][C][Branch1][Branch2][Ring1][N][C][=N][C][Branch1][C][C][S][C][C][=C][C][=C][Branch1][Branch2][Ring1][#Branch2][N][=N][N][=C][Branch1][C][Branch1][C][Cl][C][=C][Ring1][=C],1.2,-0.6407703161239624,COCCCCC(=NOCCN)c1ccc(C(F)(F)F)cc1,0.6760161519050598,0.1388888888888889,0.6235125955288084,21,324.87300000000005
